a	n	ei, ə	loại a, hạng nhất
aa	n		Hội cai rượu
aaa	n		Hội thể thao không chuyên
aardvark	n		lợn đất
aasvogel	n	'ɑ:sfougəl	con kên kên
ab	n		thủy thủ hạng nhất
aba	n	'ɑ:bə	áo aba
abaci	n	'æbəkəs	bàn tính
aback	d	ə'bæk	lùi lại, trở lại phía sau
abacus	n	'æbəkəs	bàn tính
abaddon	n	ə'bædən	âm ti, địa ngục
abaft	d	ə'bɑ:ft	ở phía sau bánh lái, gần phía bánh lái
abalone	n	,æbə'louni	bào ngư
abandon	v	ə'bændən	từ bỏ, bỏ rơi
abandoned	a	ə'bændənd	bị bỏ rơi, bị ruồng bỏ
abandoner	n	ə'bændənə	người rút đơn
abandonment	n	ə'bændənmənt	sự bỏ, sự từ bỏ
abase	v	ə'beis	làm hạ phẩm giá, làm mất thể diện
abasement	n	ə'beismənt	sự làm hạ phẩm giá, sự làm mất thể diện
abash	v	ə'bæʃ	làm bối rối, làm lúng túng
abashment	n	ə'bæʃmənt	sự bối rối, sự lúng túng
abask	d	ə'bɑ:sk	dưới ánh nắng, dưới ánh mặt trời
abatable	a	ə'beitəbl	có thể làm dịu, có thể làm yếu đi
abate	v	ə'beit	làm dịu đi, làm yếu đi
abatement	n	ə'beitmənt	sự dịu đi, sự yếu đi
abatis	n	'æbətis	đống cây chướng ngại, đống cây cản
abatised	a	'æbətist	có đống cây chướng ngại, có đống cây cản
abattoir	n	'æbətwɑ:	lò mổ, lò sát sinh
abb	n	æb	sợi canh, sợi khổ
abbacy	n	'æbəsi	chức vị trưởng tu viện, quyền hạn trưởng
abbatial	a	ə'beiʃəl	trưởng tu viện
abbess	n	'æbis	bà trưởng tu viện
abbey	n	'æbi	tu viện
abbot	n	'æbət	cha trưởng tu viện
abbreviate	v	ə'bri:vieit	tóm tắt, viết tắt
abbreviated	a	ə'bri:vietid	tóm tắt, viết tắt
abbreviation	n	ə,bri:vi'eiʃn	sự tóm tắt, sự rút ngắn
abbreviator	n	ə'bri:vieitə	người tóm tắt
abc	n		bảng chữ cái
abdicant	n	'æbdikeitə/ (abdicant) /'æbdikənt	người từ bỏ
abdicate	v	'æbdikeit	từ bỏ
abdication	n	,æbdi'keiʃn	sự thoái vị, sự từ ngôi
abdicator	n	'æbdikeitə/ (abdicant) /'æbdikənt	người từ bỏ
abdomen	n	'æbdəmen	bụng
abdominal	a	æb'dɔminl	bụng, ở bụng
abdominous	a	æb'dɔminəs	phệ bụng
abducent	a	æb'dju:sənt	rẽ ra, giạng ra
abduct	v	æd'dʌkt	bắt cóc, cuỗm đi
abduction	n	æb'dʌkʃn	sự bắt cóc, sự bắt đi
abductor	n	æb'dʌktə	người bắt cóc, người cuỗm đi
abeam	d	ə'bi:m	, đâm ngang sườn
abecedarian	a	,eibi:si:'deəriən	sắp xếp theo thứ tự abc
abed	d	ə'bed	ở trên giường
abele	n	ə'bi:l	cây bạch dương
abelmosk	n	'eibəlmɔsk	cây vông vàng
aberrance	n	æ'berəns/ (aberrancy) /æ'berənsi	sự lầm lạc
aberrancy	n	æ'berəns/ (aberrancy) /æ'berənsi	sự lầm lạc
aberrant	a	æ'berənt	lầm lạc
aberration	n	æ'be'reiʃn	sự lầm lạc, phút lầm lạc
abet	v	ə'bet	xúi bẩy, xúi giục
abetment	n	ə'betmənt/ (abettal) /ə'betəl	sự xúi bẩy, sự xúi giục
abettal	n	ə'betmənt/ (abettal) /ə'betəl	sự xúi bẩy, sự xúi giục
abette	n	ə'betə/ (abettor) /ə'betə	kẻ xúi giục
abettor	n	ə'betə/ (abettor) /ə'betə	kẻ xúi giục
abeyance	n	ə'beiəns	sự đọng lại
abeyant	a	ə'beiənt	tạm thời đình chỉ, tạm nghỉ hoạt động
abhor	v	əb'hɔ:	ghê tởm, ghét cay ghét đắng
abhorrence	n	əb'hɔrəns	sự ghê tởm
abhorrent	a	əb'hɔrənt	ghê tởm, đáng ghét
abidance	n	ə'baidəns	sự tôn trọng, sự tuân theo
abide	v	ə'baid	tồn tại, kéo dài
abiding	a	ə'baidiɳ	không thay đổi, vĩnh cửu
abietene	n	'æbiəti:n	Abietin
abigail	n	'æbigeil	thị tỳ, nữ tỳ
abilitate	v	ə'biliteit	habiliate
ability	n	ə'biliti	năng lực, khả năng
abiogenesis	n	,eibaiou'dʤenisis/ (abiogeny) /,eibai'ɔdʤini	sự phát sinh tự nhiên
abiogenetic	a	,eibaioudʤi'netik	phát sinh tự nhiên
abiogenetically	d	,eibaioudʤi'netikəli	phát sinh tự nhiên
abiogenist	n	,eibai'ɔdʤinist	người tin thuyết phát sinh tự nhiên
abiogenous	a	,eibai'ɔdʤiəns	phát sinh tự nhiên
abiogeny	n	,eibaiou'dʤenisis/ (abiogeny) /,eibai'ɔdʤini	sự phát sinh tự nhiên
abiological	a	,æbaiə'lɔdʤikəl	phi sinh vật học
abiotic	a	,æbai'ɔtik	vô sinh
abject	a	'æbdʤekt	hèn hạ, thấp hèn
abjection	n	æb'dʤekʃn	sự hèn hạ, sự thấp hèn
abjectness	n	'æbdʤektnis	sự hèn hạ, sự thấp hèn
abjuration	n	,æbdʤuə'reiʃn	sự tuyên bố bỏ, sự thề bỏ
abjure	v	əb'dʤuə	tuyên bố bỏ, nguyện bỏ
ablactation	n	,æblæk'teiʃn	sự cai sữa
ablate	v	æb'leit	cắt bỏ
ablation	n	æb'leʃn	sự cắt bỏ
ablative	a	'æblətiv	cách công cụ
ablaut	n	'æblaut	Aplau
ablaze	a	ə'bleiz	rực cháy, bốc cháy
able	a	'eibl	có năng lực, có tài
ablen	n	'æblin/ (ablet) /'æblit	cá aplet, cá vảy bạc
ablet	n	'æblin/ (ablet) /'æblit	cá aplet, cá vảy bạc
ablings	d	'eibliɳz/ (ablins) /'eiblinz	có lẽ, có thể
ablins	d	'eibliɳz/ (ablins) /'eiblinz	có lẽ, có thể
abloom	a	ə'blu:m	đang nở hoa
abluent	a	'æbluənt	rửa sạch, tẩy sạch
ablush	a	ə'blʌʃ	thẹn đỏ mặt
ablution	n	ə'blu:ʃn	lễ rửa tội, lễ tắm gội
ably	d	'eibli	có khả năng, có tài
abnegate	v	'æbnigeit	nhịn
abnegation	n	,æbni'geiʃn	sự bỏ, sự từ bỏ
abnormal	a	æb'nɔ:məl	không bình thường, khác thường
abnormalcy	n	æb'nɔ:məlsi/ (abnormality) /æbnɔ:'mæliti/ (abnormity) /æb'nɔ:miti	sự không bình thường, sự khác thường
abnormality	n	æb'nɔ:məlsi/ (abnormality) /æbnɔ:'mæliti/ (abnormity) /æb'nɔ:miti	sự không bình thường, sự khác thường
abnormally	d		dị thường, khác thường
abnormity	n	æb'nɔ:məlsi/ (abnormality) /æbnɔ:'mæliti/ (abnormity) /æb'nɔ:miti	sự không bình thường, sự khác thường
aboard	d	ə'bɔ:d	trên tàu, trên boong tàu
abode	n	ə'boud	nơi ở
aboil	a	ə'bɔil	đang sôi
abolish	v	ə'bɔliʃ	thủ tiêu, bãi bỏ
abolishable	a	ə'bɔliʃəbl	có thể thủ tiêu, có thể bãi bỏ
abolisher	n	ə'bɔliʃə	người thủ tiêu, người bãi bỏ
abolishment	n	ə'bɔliʃmənt	sự thủ tiêu, sự bãi bỏ
abolition	n	,æbə'liʃn	sự thủ tiêu, sự bãi bỏ
abolitionise	v	,æbə'liʃənaiz/ (abolitionise) /,æbə'liʃənaiz	làm cho theo chủ nghĩa bãi nô
abolitionism	n	,æbə'liʃənizm	chủ nghĩa bãi nô
abolitionist	n	,æbə'liʃənist	người theo chủ nghĩa bãi nô
abolitionize	v	,æbə'liʃənaiz/ (abolitionise) /,æbə'liʃənaiz	làm cho theo chủ nghĩa bãi nô
abominable	a	ə'bɔminəbl	ghê tởm, kinh tởm
abominableness	n	ə'bɔminəblnis	sự ghê tởm, sự kinh tởm
abominate	v	ə'bɔmineit	ghê tởm, ghét cay ghét đắng
abomination	n	ə,bɔmi'neiʃn	sự ghê tởm, sự kinh tởm
aboriginal	a	,æbə'ridʤənl	thổ dân, thổ sản
aborigines	n	,æbə'ridʤini:z	thổ dân
abort	v	ə'bɔ:t	sẩy thai, đẻ non & )
aborted	a	ə'bɔ:tid	bị sẩy
aborticide	n	ə'bɔ:tisaid	thuốc giết thai
abortifacient	a	ə'bɔ:ti'feiʃənt	phá thai, làm sẩy thai
abortion	n	ə'bɔ:ʃn	sự sẩy thai, sự phá thai
abortionist	n	ə'bɔ:ʃənist	người phá thai
abortive	a	ə'bɔ:tiv	đẻ non
abortiveness	n	ə'bɔ:tivnis	sự đẻ non
aboulia	n	ə'bauliə/ (abulia) /ə'bu:ljə	chứng mất ý chí
abound	v	ə'baund	có rất nhiều, có thừa
abounding	a	ə'baundiɳ	nhiều, phong phú
about	d	ə'baut	xung quanh, quanh quẩn
above	d	ə'bʌv	trên đầu, trên đỉnh đầu
abracadabra	n	,æbrəkə'dæbrə	câu thần chú
abradant	a	ə'breidənt	làm mòn, mài mòn
abrade	v	ə'breid	làm trầy, cọ xơ ra
abranchial	a	ə'bræɳkiəl/ (abranchiate) /ə'bræɳkiit	không mang
abranchiate	a	ə'bræɳkiəl/ (abranchiate) /ə'bræɳkiit	không mang
abrasion	n	ə'breiʤn	sự làm trầy, sự cọ xơ ra
abrasive	a	ə'breisiv	làm trầy
abreast	d	ə'brest	cùng hàng, sóng hàng
abridge	v	ə'bridʤ	rút ngắn lại, cô gọn
abridgement	n	ə'bridʤmənt/ (abridgement) /ə'bridʤmənt	sự rút ngắn, sự cô gọn
abridgment	n	ə'bridʤmənt/ (abridgement) /ə'bridʤmənt	sự rút ngắn, sự cô gọn
abroach	a	ə'broutʃ	bị giùi lỗ, bị chọc thủng
abroad	d	ə'brɔ:d	ở nước ngoài, ra nước ngoài
abrogate	v	'æbrougeit	bãi bỏ, huỷ bỏ
abrogation	n	,æbrou'geiʃn	sự bãi bỏ, sự huỷ bỏ
abrupt	a	ə'brʌpt	bất ngờ, đột ngột
abruption	n	ə'brʌpʃn	sự đứt rời, sự gãy rời
abruptly	d		bất ngờ, đột ngột
abruptness	n	ə'brʌptnis	sự bất ngờ, sự đột ngột
abscess	n	'æbsis	áp xe
absciss	n	æb'sis	độ hoành
abscissa	n	æb'sisə	absciss
abscissae	n	æb'sisə	absciss
abscisse	n	æb'sis	absciss
abscission	n	æb'siʤn	sự cắt bỏ
abscond	v	əb'skɔnd	lẫn trốn, bỏ trốn
absconder	n	əb'skɔndə	người lẫn trốn, người bỏ trốn
absence	n	'æbsəns	sự vắng mặt, sự nghỉ
absent	a	'æbsənt	vắng mặt, đi vắng
absentee	n	,æbsən'ti:	người vắng mặt, người đi vắng
absenteeism	n	,æbsən'ti:izm	sự hay vắng mặt, sự vắng mặt không có lý
absently	d	'æbsəntli	lơ đãng
absinth	n	'æbsinθ/ (absinthe) /'æbsinθ	cây apxin, cây ngải đắng
absinthe	n	'æbsinθ/ (absinthe) /'æbsinθ	cây apxin, cây ngải đắng
absinthian	a	æb'sinθiən	apxin
absolute	a	'æbsəlu:t	tuyệt đối, hoàn toàn
absolutely	d	'æbsəlu:tli	tuyệt đối, hoàn toàn
absoluteness	n	'æbsəlu:tnis	tính tuyệt đối, tính hoàn toàn
absolution	n	,æbsə'lu:ʃn	sự tha tội, sự miễn xá
absolutism	n	'æbsəlu:tizm	sự chuyên chế, chính thể chuyên chế
absolutist	n	'æbsəlu:tist	người theo chính thể chuyên chế
absolve	v	əb'zɔlv	tha tội, xá tội
absonant	a	'æbsənənt	không hợp điệu, không hoà hợp
absorb	v	əb'sɔ:b	hút, hút thu
absorbability	n	əb,sɔ:bə'biliti	khả năng hút thu
absorbable	a	əb'sɔ:bəbl	có thể nuốt được, có thể bị hút
absorbed	a	əb'sɔ:bd	miệt mài, mê mải
absorbedly	d	əb'sɔ:bidli	miệt mài, mê mải
absorbefacient	a	əb,sɔ:bi'feiʃənt	làm tiêu đi, làm tan đi
absorbent	a	əb'sɔ:bənt	hút nước, thấm hút
absorber	n	əb'sɔ:bə	thiết bị hút thu
absorbing	a	əb'sɔ:biɳ	hấp dẫn, làm say mê
absorption	n	əb'sɔ:pʃn	sự hút, sự hút thu
absorptive	a	əb'sɔ:ptiv	hút thu
absorptivity	n	,æbsɔ:p'tiviti	khả năng hút thu
abstain	v	əb'stein	kiêng, kiêng khem
abstainer	n	əb'steinə	người kiêng rượu
abstaining	n	əb'steiniɳ	sự kiêng khem
abstemious	a	æb'sti:mjəs	tiết chế, có điều độ
abstention	n	æb'stenʃn	sự kiêng
absterge	v	əb'stə:dʤ	tẩy, làm sạch
abstergent	a	əb'stə:dʤnt	tẩy, làm sạch
abstersion	n	əb'stə:ʃn	sự tẩy sạch, sự làm sạch
abstersive	a	əb'stə:siv	tẩy, làm sạch
abstinence	n	'æbstinəns	sự kiêng, sự kiêng khem
abstinency	n	'æbstinənsi	thói quen ăn uống điều độ, sự kiêng khem
abstinent	a	'æbstinənt	ăn uống điều độ, kiêng khem
abstract	a	'æbstrækt	trừu tượng
abstracted	a	æb'stræktid	lơ đãng
abstractedly	d	æb'stræktidli	trừu tượng, lý thuyết
abstractedness	n	æb'stræktidnis	sự lơ đãng
abstraction	n	æb'strækʃn	sự trừu tượng, sự trừu tượng hoá
abstractionism	n	æb'strækʃənizm	chủ nghĩa trừu tượng
abstractionist	n	æb'strækʃənist	người theo chủ nghĩa trừu tượng
abstractness	n	'æbstræktnis	tính trừu tượng
abstruse	a	æb'stru:s	khó hiểu
abstruseness	n	æb'stru:snis	tính khó hiểu
absurd	a	əb'sə:d	vô lý
absurdity	n	əb'sə:diti	sự vô lý, sự ngu xuẩn
absurdly	d		vô lý
abulia	n	ə'bauliə/ (abulia) /ə'bu:ljə	chứng mất ý chí
abundance	n	ə'bʌndəns	sự nhiều, sự giàu có
abundant	a	ə'bʌndənt	phong phú, nhiều
abundantly	d		nhiều
abuse	n	ə'bju:s	sự lạm dụng, sự lộng hành
abuser	n	ə'bju:zə	người lạm dụng
abusive	a	ə'bju:siv	lạm dụng
abusiveness	n	ə'bju:sivnis	sự lạm dụng
abut	v	ə'bʌt	giáp giới với, tiếp giáp với
abutilon	n	ə'bju:tilən	giống cây cối xay
abutment	n	ə'bʌtmənt	giới hạn, biên giới
abuttal	n	ə'bʌtl	giới hạn, biên giới
abutter	n	ə'bʌtə	chủ nhà đất láng giềng
abysm	n	ə'bizm	abyss
abysmal	a	ə'bizməl	không đáy, thăm thẳm
abyss	n	ə'bis	vực sâu, vực thẳm
abyssal	a	ə'bisəl	sâu thăm thảm, sâu như vực thẳm
acacia	n	ə'keiʃə	giống cây keo
academe	n	,æk'ədi:m	học viện, trường đại học
academia	n		giới học viện
academic	a	,ækə'demik	học viện, trường đại học
academical	a	,ækə'demikəl	học viện, trường đại học
academically	d		về mặt lý thuyết, thuần về lý thuyết
academicals	n	,ækə'demikəlz	mũ áo đại học
academician	n	ə,ækədə'miʃn	viện sĩ
academy	n	ə'kædəmi	học viện
acaleph	n	'ækəlef	loài sứa
acanthi	n	ə'kænθəs	cây ô rô
acanthus	n	ə'kænθəs	cây ô rô
acari	n	'ækərəs	cái ghẻ
acarpellous	a	,ækɑ:'peləs	không lá noãn
acarpous	a	ə'kɑ:pəs	không sinh quả
acarus	n	'ækərəs	cái ghẻ
acaulesent	a	ə'kɔ:ləs	không thân
acauline	a	ə'kɔ:ləs	không thân
acaulose	a	ə'kɔ:ləs	không thân
acaulous	a	ə'kɔ:ləs	không thân
accede	v	æk'si:d	đồng ý, tán thành
accelerant	n		chất làm phản ứng hoá học xuất hiện nhan
accelerate	v	æk'seləreit	làm nhanh thêm, làm chóng đến
accelerating	a	æk'seləreitiɳ	làm nhanh thêm
acceleration	n	æk'selə'reiʃn	sự làm nhanh thêm, sự thúc mau
accelerative	a	æk'selərətiv	làm nhanh thên, làm mau thêm
accelerator	n	æk'seləreitə	người làm tăng tốc độ
accent	n	'æksənt	trọng âm
accentor	n	æk'sentə	chim chích
accentual	a	æk'sentjuəl	trọng âm, dựa vào trọng âm
accentuate	v	æk'sentjueit	nhấn trọng âm, đặt trọng âm
accentuation	n	æk'sentju'eiʃn	sự nhấn trọng âm, sự đặt trọng âm
accept	v	ək'sept	nhận, chấp nhận
acceptability	n	ək,septə'biliti	tính chất có thể chấp nhận
acceptable	a	ək'septəbl	có thể nhận, có thể chấp nhận
acceptance	n	ək'septəbl	sự nhận, sự chấp nhận
acceptation	n	,æksep'teiʃn	ý nghĩa đặc biệt
accepted	a	ək'septid	đã được thừa nhận, đã được công nhận
accepting	n		nhận tin
acceptor	n	ək'septə	người nhận thanh toán
access	n	'ækses	lối vào, cửa vào
accessary	n	æk'sesəri/ (accessary) /æk'sesəri	đồ phụ tùng, vật phụ thuộc
accessibility	n	æk,sesi'biliti	tính có thể tới được, tính có thể đến gầ
accessible	a	æk'sesəbl	có thể tới được, có thể gần được
accession	n	æk'seʃn	sự đến gần, sự tiếp kiến
accessories	n		phụ tùng, bộ phụ
accessory	n	æk'sesəri/ (accessary) /æk'sesəri	đồ phụ tùng, vật phụ thuộc
accidence	n	'æksidəns	hình thái học
accident	n	'æksidənt	sự rủi ro, tai nạn
accidental	a	,æksi'dentl	tình cờ, ngẫu nhiên
accidentally	d	,æksi'dentəli	tình cờ, ngẫu nhiên
accipitral	a	æk'sipitrəl	chim ưng, như chim ưng
acclaim	n	ə'kleim	tiếng hoan hô
acclamation	n	,æklə'meiʃn	sự hoan hô nhiệt liệt
acclamatory	a	ə'klæmətəri	hoan hô bằng cách nhiệt liệt hoan hô
acclimatation	n	ə'klaimətai'zeiʃn/ (acclimatation) /ə,klaimə'teiʃn/ (acclimation) /,æklai'meiʃn	sự thích nghi khí hậu, sự làm hợp thuỷ t
acclimate	v	ə'klaimətaiz/ (acclimatise) /ə'klaimətaiz/ (acclimate) /'æklaimeit	làm thích nghi khí hậu, làm hợp thuỷ thổ
acclimation	n	ə'klaimətai'zeiʃn/ (acclimatation) /ə,klaimə'teiʃn/ (acclimation) /,æklai'meiʃn	sự thích nghi khí hậu, sự làm hợp thuỷ t
acclimatise	v	ə'klaimətaiz/ (acclimatise) /ə'klaimətaiz/ (acclimate) /'æklaimeit	làm thích nghi khí hậu, làm hợp thuỷ thổ
acclimatization	n	ə'klaimətai'zeiʃn/ (acclimatation) /ə,klaimə'teiʃn/ (acclimation) /,æklai'meiʃn	sự thích nghi khí hậu, sự làm hợp thuỷ t
acclimatize	v	ə'klaimətaiz/ (acclimatise) /ə'klaimətaiz/ (acclimate) /'æklaimeit	làm thích nghi khí hậu, làm hợp thuỷ thổ
acclivity	n	ə'kliviti	dốc ngược
acclivous	a	ə'klaivəs	dốc ngược
accolade	n	'ækəleid	sự ôm hôn, sự gõ nhẹ sống gươm lên vai
accommodate	v	ə'kɔmədeit	điều tiết, làm cho thích nghi
accommodating	a	ə'kɔmədeitiɳ	dễ dãi, dễ tính
accommodation	n	ə,kɔmə'deiʃn	sự điều tiết, sự thích nghi
accompaniment	n	ə'kʌmpənimənt	vật phụ thuộc, vật kèm theo
accompanist	n	ə'kʌmpənist	người đệm
accompany	v	ə'kʌmpəni	đi theo, đi cùng
accomplice	n	ə'kɔmplis	kẻ tòng phạm, kẻ đồng loã
accomplish	v	ə'kɔmpliʃ	hoàn thành, làm xong
accomplished	a	ə'kɔmpiʃt	đã hoàn thành, đã làm xong
accomplishment	n	ə'kɔmpliʃmənt	sự hoàn thành, sự làm xong
accord	n	ə'kɔ:d	sự đồng lòng, sự đồng ý
accordance	n	ə'kɔ:dəns	sự đồng ý, sự thoả thuận
accordant	a	ə'kɔ:dənt	+ with) thích hợp, phù hợp
according	d	ə'kɔ:diɳ	theo, y theo
accordingly	d	ə'kɔ:diɳ	do đó, vì vậy
accordion	n	ə'kɔ:djən	đàn xếp, đàn ăccoc
accordionist	n	ə'kɔ:djənist	người chơi đàn xếp, người chơi đàn ăccoo
accost	v	ə'kɔst	đến gần
accouchement	n	ə'ku:ʃma:ɳ	sự đẻ
accoucheur	n	,æku:'ʃə:	người đỡ đẻ
accoucheuse	n	,æku:'ʃə:z	nữ hộ sinh, bà đỡ
account	n	ə'kaunt	sự tính toán
accountability	n	ə,kauntə'biliti	trách nhiệm, trách nhiệm phải giải thích
accountable	a	ə'kauntəbl	chịu trách nhiệm, có trách nhiệm phải gi
accountancy	n	ə'kauntənsi	nghề kế toán
accountant	n	ə'kauntənt	nhân viên kế toán, người giữ sổ sách kế
accountantship	n	ə'kauntəntʃip	chức kế toán
accounting	n	ə'kauntiɳ	sự thanh toán, sự tính toán
accoutre	v	ə'ku:tə	mặc cho, trang bị cho
accoutrement	n	ə'ku:təmənt	bộ áo quần đặc biệt, quần áo
accredit	v	ə'kredit	làm cho người ta tin
accredited	a	ə'kreditid	được chính thức công nhận, được mọi ngườ
accrescent	a	ə'kresənt	cùng phát triển, cùng lớn lên
accrete	v	ə'kri:t	cùng phát triển, cùng lớn lên thành một
accretion	n	æ'kri:ʃn	sự lớn dần lên, sự phát triển dần lên
accretive	a	æ'kri:tiv	lớn dần lên, phát triển dần lên
accrual	n	ə'kru:əl/ (accruement) /ə'kru:mənt	sự dồn lại, sự tích lại
accrue	v	ə'kru:	đổ dồn về
accruement	n	ə'kru:əl/ (accruement) /ə'kru:mənt	sự dồn lại, sự tích lại
accumulate	v	ə'kju:mjuleit	chất đống, chồng chất
accumulation	n	ə,kju:mju'leiʃ	sự chất đống, sự chồng chất
accumulative	a	ə'kju:mjulətiv	chất đống, chồng chất
accumulator	n	ə'kju:mjuleitə	người tích luỹ
accuracy	n	'ækjurəsi/ (accurateness) /'ækjuritnis	sự đúng đắn, sự chính xác
accurate	a	'ækjurit	đúng đắn, chính xác
accurately	d		đúng đắn, chính xác
accurateness	n	'ækjurəsi/ (accurateness) /'ækjuritnis	sự đúng đắn, sự chính xác
accursal	n	,ækju:'zeiʃn/ (accursal) /ə'kju:zəl	sự kết tội, sự buộc tội
accursed	a	ə'kə:sid/ (accurst) /ə'kə:st	đáng nguyền rủa, đáng ghét
accurst	a	ə'kə:sid/ (accurst) /ə'kə:st	đáng nguyền rủa, đáng ghét
accusation	n	,ækju:'zeiʃn/ (accursal) /ə'kju:zəl	sự kết tội, sự buộc tội
accusative	a	ə'kju:zətiv	đổi cách
accusatorial	a	ə,kju:zə'tɔ:riəl/ (accusatory) /ə'kju:zətəri	buộc tội, kết tội
accusatory	a	ə,kju:zə'tɔ:riəl/ (accusatory) /ə'kju:zətəri	buộc tội, kết tội
accuse	v	ə'kju:z	buộc tội, kết tội
accused	n		bị cáo
accuser	n	ə'kju:ze	uỷ viên công tố, người buộc tội
accustom	v	ə'kʌstəm	làm cho quen, tập cho quen
accustomed	a	ə'kʌstəmd	quen với, thành thói quen
ace	n	eis	quân át, quân xì
acephalous	a	ə'sefələs	không có đầu
acerbate	v	eks'æsə:beit/ (acerbate) /'æsəbeit	làm tăng, làm trầm trọng
acerbity	n	ə'sə:biti	vị chát, vị chua chát
acerose	a	'æsirous/ (acerous) /'æsirəs	hình kim
acerous	a	'æsirous/ (acerous) /'æsirəs	hình kim
acervate	a	ə'sə:veit	mọc thành chùm
acescent	a	ə'sesənt	hoá chua, chua
acetate	n	'æsitit	Axetat
acetic	a	ə'si:tik	axetic, giấm
acetification	n	ə,setifi'keiʃn	sự hoá giấm, sự làm thành giấm
acetify	v	ə'setifai	làm thành giấm
acetone	n	'æsitoun	axeton
acetous	a	'æsitəs	chua, có vị giấm
acetylene	n	ə'setili:n	Axetylen
ache	n	cik	sự đau, sự nhức
achene	n	ə'ki:ni	quả bế
achievable	a	ə'tʃi:vəbl	có thể đạt được, có thể thực hiện được
achieve	v	ə'tʃi:v	đạt được, giành được
achievement	n	ə'tʃi:vmənt	thành tích, thành tựu
achilles	n	ə'kili:z	A-sin
aching	n	'eikiɳ	sự đau đớn
achlamydeous	a	,æklə'midiəs	không bao hoa, có hoa trần
achromatic	a	,ækrou'mætik	tiêu sắc
achromatism	a	ə'kroumətizm	tính tiêu sắc
achromatize	v	ə'kroumətaiz	làm tiêu sắc
achromatous	a	ə'kroumətəs/ (achromous) /ə'krouməs	không màu, không sắc
achromous	v	ə'kroumətaiz	làm tiêu sắc
achy	a		bị đau nhức
acicular	a	ə'sikjulə	hình kim, kết tinh thành hình kim
acid	n	'æsid	Axit
acidic	a	'æsidik	có tính chất axit
acidification	n	'æsidifi'keiʃn	sự axit hoá
acidifier	n	ə'sidifaiə	chất axit hoá
acidify	v	ə'sidifai	Axit hoá
acidimeter	n	,æsi'dimitə	cái đo axit
acidity	n	ə'siditi	tính axit, độ axit
acidly	d	'æsidli	chua chát, gay gắt
acidose	n	'æsidous	sự nhiễm axit
acidulate	v	ə'sidjuleit	làm cho hơi chua
acidulated	a	ə'sidjuletid	hơi chua
acidulous	a	ə'sidjuləs	hơi chua
aciform	a	'æsifɔ:m	hình kim
acknowledge	v	ək'nɔlidʤ	nhận, thừa nhận
acknowledgement	n	ək'nɔlidʤmənt/ (acknowledgment) /ək'nɔliʤmənt	sự nhận, sự công nhận
acknowledgment	n	ək'nɔlidʤmənt/ (acknowledgment) /ək'nɔliʤmənt	sự nhận, sự công nhận
aclinic	a	ə'klinik	không nghiêng, vô khuynh
acme	n	'ækmi	tột đỉnh, đỉnh cao nhất
acne	n		mụn trứng cá
acock	d	ə'kɔk	đội lệch
acolyte	n	'ækəlait	thầy tu cấp dưới, thầy dòng
aconite	n	'ækənait	cây phụ tử
acorn	n	'eikɔ:n	quả đầu
acotyledon	n	æ,kɔti'li:dən	cây không lá mầm
acotyledonous	a	æ,kɔti'li:dənəs	không lá mầm
acoumeter	n	ə'ku:mitə	cái đo nghe
acoustic	a	ə'ku:mitə	âm thanh, âm học
acoustician	n	,æku:s'tiʃn	nhà âm học
acoustics	n	ə'ku:stiks	âm học
acquaint	v	ə'kweint	làm quen
acquaintance	n	ə'kweintəns	sự biết, sự hiểu biết
acquaintanceship	n	ə'kweintənʃip	sự quen biết
acquainted	a	ə'kweintid	+ with) quen biết, quen thuộc
acquest	n	æ'kwest	vật kiếm được, của cải làm ra
acquiesce	v	,ækwi'es	bằng lòng, ưng thuận
acquiescence	n	,ækwi'esns	sự bằng lòng, sự ưng thuận
acquiescent	a	,ækwwi'esnt	bằng lòng, ưng thuận
acquire	v	ə'kwaiə	được, giành được
acquirement	n	ə'kwaiəmənt	sự được, sự giành được
acquisition	n	,ækwi'ziʃn	sự được, sự giành được
acquisitive	a	ə'kwizitiv	thích trữ của, hám lợi
acquisitiveness	n	ə'kwizitivnis	tính thích trữ của, tính hám lợi
acquit	v	ə'kwit	trả hết, trang trải
acquittal	n	ə'kwitl	sự trả xong nợ, sự trang trải xong nợ nầ
acquittancce	n	ə'kwitəns	sự trả nợ, sự trang trải hết nợ nần
acre	n	acre	mẫu Anh
acreage	n	'eikəridʤ	diện tích
acrid	a	'ækrid	hăng, cay sè
acridity	n	æ'kriditi	vị hăng, mùi hăng
acrimonious	a	,ækri'mounjəs	chua cay, gay gắt
acrimony	n	'ækriməni	sự chua cay, sự gay gắt
acrobat	n	'ækrəbæt	người biểu diễn leo dây, người biểu diễn
acrobatic	a		tính chất nhào lộn, liên quan đến nhào l
acrobatically	d	,ækrə'bætikəli	tài tình, khéo léo
acrobatics	n	,ækrə'bætiks	thuật leo dây, thuật nhào lộn
acrobatism	n	'ækrəbætizm	thuật leo dây, thuật nhào lộn
acrocarpous	a	,ækrou'kɑ:pəs	có quả ở ngọn
acrogenous	a	ə'krɔdʤinəs	sinh ở ngọn
acromegaly	n	,ækrə'megəli	bệnh to cực
acronycal	a	ə'krɔnikəl/ (acronychal) /ə'krɔnikəl	xuất hiện vào lúc chập tối
acronychal	a	ə'krɔnikəl/ (acronychal) /ə'krɔnikəl	xuất hiện vào lúc chập tối
acronym	n	'ækrənim	từ chữ đầu
acropetal	a	ə'krɔpitəl	hướng ngọn
acrophobia	n	,ækrə'foubjə	chứng sợ nơi cao
acropolis	n	ə'krɔpəlis	vệ thành, thành phòng ngự
acrospore	n	'ækrəspɔ:	bào tử ngọn
across	d	ə'krɔs	qua, ngang
acrostic	n	ə'krɔstik	chữ đầu
acrylic	a		acrylic
act	n	ækt	hành động, việc làm
actin	n		Cách viết khác : actino
acting	n	'æktiɳ	hành động
actinia	n	æk'tiniə	hải quỳ
actiniae	n	æk'tiniə	hải quỳ
actinic	a	æk'tinik	, quang hoá
actinism	n	'æktinizm	tính quang hoá, độ quang hoá
actinium	n	æk'tiniəm	Actini
actinometer	n	,ækti'nɔmitə	cái đo nhật xạ
actinomorphic	a	,æktinə'mɔ:fəs/ (actinomorphic) /,æktinə'mc:fik	đối xứng toả tia
actinomorphous	a	,æktinə'mɔ:fəs/ (actinomorphic) /,æktinə'mc:fik	đối xứng toả tia
action	n	'ækʃn	hành động, hành vi
actionable	a	'ækʃnəbl	có thể kiện
activate	v	'æktiveit	hoạt hoá, làm hoạt động
activated	a	'æktiveitid	đã hoạt hoá
activation	n	,ækti'veiʃn	sự hoạt hoá
active	a	'æktiv	tích cực, hoạt động
actively	d	'æktivli	tích cực hoạt động, nhanh nhẹn
activism	n		chủ nghĩa tích cực
activist	n		nhà hoạt động xã hội, nhà hoạt động chín
activity	n	æk'tiviti	sự tích cực, sự hoạt động
actor	n	'æktə	diễn viên, kép
actress	n	'æktris	nữ diễn viên, đào hát
actual	a	'æktjuəl	thật sự, thật
actualise	v	'æktjuəlaiz/ (actualise) /'æktjuəlaiz	thực hiện, biến thành hiện thực
actuality	n	,æktju'æliti	thực tế, thực tại
actualization	n	,æktjuəlai'zeiʃn	sự thực hiện, sự biến thành hiện thực
actualize	v	'æktjuəlaiz/ (actualise) /'æktjuəlaiz	thực hiện, biến thành hiện thực
actually	d	'æktjuəli	thực sự, quả thật
actuary	n	'æktjuəri	chuyên viên thống kê
actuate	v	'æktjueit	thúc đẩy, kích thích
actuation	n	,æktju'eiʃn	sự thúc đẩy, sự kích thích
acuity	n	ə'kju:iti	tính sắc nhọn, tính sắc bén
aculeate	a	ə'kju:liit	có gai
acumen	n	ə'kju:men	sự nhạy bén, sự nhạy cảm
acuminate	a	ə'kju:minit	nhọn mũi
acupuncture	n	'ækjupʌɳktʃə	thuật châm cứu
acute	a	'əkju:t	sắc, sắc bén
acutely	d		sâu sắc
acuteness	n	ə'kju:tnis	sự sắc, tính sắc bén
ad	n	æd	của advertisement
ada	n		Tên một ngôn ngữ lập trình bậc cao
adage	n	'ædidʤ	cách ngôn, châm ngôn
adagio	a	ə'dɑ:dʤiou	khoan thai
adam	n	'ædəm	A-dam
adamant	n	'ædəmənt	kỉ cương
adamantine	a	,ædə'mæntain	rắn như kim cương
adapt	v	ə'dæpt	tra vào, lắp vào
adaptability	n	ə,dæptə'biliti/ (adaptableness) /ə'dæptəblnis	tính có thể tra vào, tính có thể lắp vào
adaptable	a	ə'dæptəbl	có thể tra vào, có thể lắp vào
adaptableness	n	ə,dæptə'biliti/ (adaptableness) /ə'dæptəblnis	tính có thể tra vào, tính có thể lắp vào
adaptation	n	,ædæ /'teiʃn	sự tra vào, sự lắp vào
adapter	n	ə'dæptə	người phỏng theo, người sửa lại cho hợp
adaptive	n		mang tính thích nghi
add	v	æd	+ up, together) cộng
addax	n	'ædæks	linh dương sừng queo
addenda	n	ə'dendəm	phụ lục, vật thêm vào
addendum	n	ə'dendəm	phụ lục, vật thêm vào
adder	n	'ædə	người cộng, máy cộng
addict	n	'ædikt	người nghiện
addicted	a		say mê, nghiện
addiction	n	ə'dikʃn	thói nghiện
addictive	n		xem addict
addition	n	ə'diʃn	tính cộng, phép cộng
additional	a	ə'diʃənl	thêm vào, phụ vào
additionally	d		thêm nữa, ngoài ra
additive	a	'æditiv	để cộng vào, để thêm vào
addle	v	'ædl	lẫn, quẫn
address	n	ə'dres	địa chỉ
addressee	n	,ædre'si:	người nhận
addressing	n		định địa chỉ, định vị trí
adduce	v	ə'dju:s	viện, viện dẫn
adduceable	a	ə'dju:sibl/ (adducible) /ə'dju:sibl	có thể viện dẫn
adducent	a	ə'dju:snt	khép
adducible	a	ə'dju:sibl/ (adducible) /ə'dju:sibl	có thể viện dẫn
adduct	v	ə'dʌkt	khép
adduction	n	ə'dʌkʃn	sự khép
addutor	n	ə'kʌktə	cơ khép
adenite	n	'ædinait	viêm hạch
adenoids	n	'ædinɔidz	bệnh sùi vòm họng, bệnh V.A.
adept	n	'ædept	người giỏi, người tinh thông
adequacy	n	'ædikwəsi/ (adequateness) /'ædikwitnis	sự đủ, sự đầy đủ
adequate	a	'ædikwit	đủ, đầy đủ
adequately	d		tương xứng, thích đáng
adequateness	n	'ædikwəsi/ (adequateness) /'ædikwitnis	sự đủ, sự đầy đủ
adequation	n	,ædi'kweiʃn	sự san bằng
adespota	n	ə'despətə	những tác phẩm khuyết danh
adhere	v	əd'hiə	dính chặt vào, bám chặt vào
adherence	n	əd'hiərəns	sự dính chặt, sự bám chặt
adherent	n	əd'hiərənt	người gia nhập đảng, đảng viên
adherer	n	əd'hiərənt	người gia nhập đảng, đảng viên
adhesion	n	əd'hi:ʤn	sự dính chặt vào, sự bám chặt vào
adhesive	a	əd'hi:siv	dính, bám chắc
adhesiveness	n	əd'hi:sivnis	dính dính
adhibit	v	əd'hibit	ký vào, đóng vào
adi	n		giao điện máy tính để bàn Apple, giao di
adiabatic	a	,ædiə'bætik	đoạn nhiệt
adiantum	n	,ædi'æntəm	cây đuôi chồn
adieu	i	ə'dju:	từ biệt!, vĩnh biệt!
adios	n		interj
adipocere	n	,ædipou'siə	chất sáp mỡ
adipose	n	'ædipous	mỡ động vật
adiposis	n	'ædipousis	chứng phát phì
adiposity	n	,ædi'pɔsiti	tình trạng béo phì, tình trạng phát phì
adit	n	'ædit	đường vào, lối vào
adjacence	n	ə'dʤeisəns/ (adjacency) /ə'dʤeisənsi	sự gần kề, sự kế liền
adjacency	n	ə'dʤeisəns/ (adjacency) /ə'dʤeisənsi	sự gần kề, sự kế liền
adjacent	a	ə'dʤeizənt	gần kề, kế liền
adjectival	a	,ædʤek'taivəl	có tính chất tính từ, có chức năng tính
adjective	a	'ædʤiktiv	phụ vào, thêm vào
adjoin	v	ə'dʤɔin	nối liền, tiếp vào
adjoining	a	ə'dʤɔiniɳ	gần kề, kế bên
adjourn	v	ə'dʤə:n	hoãn, hoãn lại
adjournment	n	ə'dʤə:nmənt	sự hoãn lại
adjudge	v	ə'dʤʌdʤ	xử, xét xử, phân xử
adjudgement	n	ə'dʤʌdʤmənt/ (adjudgement) /ə'dʤʌdʤmənt	sự xét sử, sự phân xử
adjudgment	n	ə'dʤʌdʤmənt/ (adjudgement) /ə'dʤʌdʤmənt	sự xét sử, sự phân xử
adjudicate	v	ə'dʤu:di'keit	xét xử
adjudication	n	ə,dʤu:di'keiʃn	sự xét xử
adjudicator	n	ə'dʤu:dikeitə	quan toà
adjunct	n	'ædʤʌɳkt	điều thêm vào, cái phụ vào
adjunction	n	ə'dʤʌɳkʃn	sự thêm vào, sự phụ vào
adjunctive	a	ə'dʤʌɳktiv	thêm, phụ vào
adjuration	n	,ædʤuə'reiʃn	lời thề, lời tuyên thệ
adjure	v	ə'dʤuə	bắt thề, bắt tuyên thệ
adjust	v	ə'dʤʌst	sửa lại cho đúng, điều chỉnh
adjustable	a	ə'dʤʌstəbl	có thể điều chỉnh được
adjuster	n	ə'dʤʌstə	máy điều chỉnh
adjusting	n		điều chỉnh
adjustment	n	ə'dʤʌstmənt	sự sửa lại cho đúng, sự điều chỉnh
adjutage	n	'ædʤutidʤ/ (ajutage) /'ædʤutidʤ	ống vòi
adjutancy	n	'ædʤutənsi	chức sĩ quan phụ tá, nhiệm vụ sĩ quan ph
adjutant	n	'ædʤutənt	người phụ tá
adjuvant	a	'ædʤuvənt	giúp đỡ, phụ tá
adman	n	'ædmən	người chuyên viết quảng cáo, người chuyê
admass	n	'ædməs	quần chúng dễ bị thủ đoạn quảng cáo ảnh
admeasure	v	æd'meʤə	quy định từng phần, chia phần ra
admeasurement	n	æd'meʤəmənt	sự quy định từng phần, sự chia phần
administer	v	əd'ministə	trông nom, quản lý
administrate	v	əd'ministreit	trông nom, quản lý
administration	n	əd,minis'treiʃn	sự trông nom, sự quản lý
administrative	a	əd'ministrətiv	hành chính, quản trị
administrator	n	ədministreitə	người quản lý
administratorship	n	əd'ministreitəʃip	chức vụ quản lý
administratrices	n	əd'ministreitriks	bà quản lý
administratrix	n	əd'ministreitriks	bà quản lý
admirability	n	,ædmərə'biliti/ (admirableness) /'ædmərəblins	tính đáng phục, tính đáng khâm phục
admirable	a	'ædmərəbl	đáng phục, đáng khâm phục
admirably	d		đáng phục, đáng ngưỡng mộ
admiral	n	'ædmərəl	đô đốc
admiralship	n	'ædmərəʃip	chức đô đốc
admiralty	n	'ædmərəlti	bộ hải quân
admiration	n	,ædmə'reiʃn	sự ngắm nhìn một cách vui thích
admire	v	əd'maiə	ngắm nhìn một cách vui thích
admirer	n	əd'maiərə	người khâm phục, người cảm phục
admiring	a	əd'maiəriɳ	khâm phục, cảm phục
admissibility	n	əd,misi'biliti	tính có thể chấp nhận được, tính có thể
admissible	a	əb'misəbl	có thể chấp nhận, có thể thừa nhận
admission	n	əd'miʃn	sự nhận vào, sự thu nạp vào
admit	v	əd'mit	nhận vào, cho vào
admittable	a	əd'mitəbl	có thể để cho vào
admittance	n	əd'mitəns	sự cho vào, sự để cho vào
admitted	a		tự nhận
admittedly	d	əd'mitidli	phải nhận, phải thừa nhận
admix	v	əd'miks	trộn lẫn, hỗn hợp
admixture	n	əd'mikstʃə	sự trộn lẫn, sự hỗn hợp
admonish	v	əd'mɔniʃ	khiển trách, quở mắng
admonishment	n	,ædmə'niʃn/ (admonishment) /əd'mɔniʃmənt	sự khiển trách, sự quở mắng
admonition	n	,ædmə'niʃn/ (admonishment) /əd'mɔniʃmənt	sự khiển trách, sự quở mắng
admonitory	a	əd'mɔnitəri	khiển trách, quở mắng
adnate	a	'ædneit	hợp sinh
adnoun	n	'ædnaun	tính từ, danh tính từ
ado	n	ə'du:	việc làm, công việc
adobe	n	ə'doubi	gạch sống
adolescence	n	,ædou'lesns/ (adolescency) /,ædou'lesnsi	thời thanh niên
adolescency	n	,ædou'lesns/ (adolescency) /,ædou'lesnsi	thời thanh niên
adolescent	a	,ædou'lesns	đang tuổi thanh niên, trẻ
adonis	n	ə'dounis	A-đô-nít
adonize	v	'ædənaiz	làm dáng, làm ra vẻ người đẹp trai to ad
adopt	v	ə'dɔpt	nhận làm con nuôi, nhận làm bố mẹ nuôi
adoptability	n	ə,dɔptə'biliti	tính có thể nhận làm con nuôi, tính có t
adoptable	a	ə'dɔptəbl	có thể nhận làm con nuôi, có thể nhận là
adoptee	n	,ædɔp'ti:	con nuôi
adopter	n	ə'dɔptə	người nhận nuôi
adoption	n	ə'dɔpʃn	sự nhận làm con nuôi, sự nhận làm bố mẹ
adoptive	a	ə'dɔptiv	nuôi, nhận nuôi
adorability	n	ə,dɔ:rə'biliti/ (adorableness) /ə'dɔ:rəblnis	tính đáng yêu, tính đáng quý mến
adorable	a	ə'dɔ:rəbl	đáng kính yêu, đáng quý mến
adorableness	n	ə,dɔ:rə'biliti/ (adorableness) /ə'dɔ:rəblnis	tính đáng yêu, tính đáng quý mến
adoration	n	,ædɔ:'reiʃn	sự kính yêu, sự quý mến
adore	v	ə'dɔ:	kính yêu, quý mến
adorer	n	ə'dɔ:rə	người hâm mộ, người yêu chuộng
adoring	a		tha thiết
adorn	v	ə'dɔ:n	tô điểm, trang điểm
adornment	n	ə'dɔ:nmənt	sự tô điểm, sự trang trí
adown	d	ə'daun	ở dưới, xuống
adrenal	a	æd'ri:nəl	trên thận, thượng thận
adrenalin	n	ə'drenəlin	Adrenalin
adrift	a	ə'drift	lênh đênh trôi giạt, phiêu bạt & )
adroit	a	ə'drɔit	khéo léo, khéo tay
adroitness	n	ə'drɔitnis	sự khéo léo, sự khéo tay
adscititious	a	,ædsi'tiʃəs	phụ vào, thêm vào
adsorb	v	æd'sɔ:b	hút bám
adsorbate	n	æd'sɔ:bit	chất bị hút bám
adsorbent	a	æd'sɔ:bənt	hút bám
adsorber	n	æd'sɔ:bə	máy hút bám
adsorption	n	æd'sɔ:pʃn	sự hút bám
adulate	v	'ædjuleit	nịnh hót, nịnh nọt
adulation	n	,ædju'leiʃn	sự nịnh hót, sự nịnh nọt
adulator	n	'ædjuleitə	kẻ nịnh hót, kẻ nịnh nọt
adulatory	a	'ædjuleitəri	nịnh hót, nịnh nọt
adult	n	'ædʌlt	người lớn, người đã trưởng thành
adulterant	a	ə'dʌltərənt	để làm giả
adulterate	a	ə'dʌltərit	có pha
adulteration	n	ə,dʌltə'reiʃn	sự pha, sự pha trộn
adulterer	n	ə'dʌltərə	người đàn ông ngoại tình, người đàn ông
adulteress	n	ə'dʌltəris	người đàn bà ngoại tình, người đàn bà th
adulterine	a	ə'dʌltərain	do ngoại tình mà đẻ ra
adulterous	a	ə'dʌltərəs	ngoại tình, thông dâm
adultery	n	ə'dʌltəri	tội ngoại tình, tội thông dâm
adulthood	n	ə'dʌlthud	tuổi khôn lớn, tuổi trưởng thành
adumbral	a	ə'dʌmbrəl	nhiều bóng râm
adumbrate	v	'ædʌmbreit	phác hoạ
adumbration	n	,ædʌm'breiʃn	sự phác hoạ, bản phác hoạ
adust	a	ə'dʌst	cháy khô, khô nứt ra
advance	n	əd'vɑ:ns	sự tiến lên, sự tiến tới
advanced	a	əd'vɑ:nst	tiên tiến, tiến bộ
advancement	n	əb'vɑ:nsmənt	sự tiến lên, sự tiến tới
advantage	n	əb'vɑ:ntidʤ	sự thuận lợi, hoàn cảnh thuận lợi
advantageous	a	,ædvən'teidʤəs	có lợi, thuận lợi
advantageousness	n	,ædvən'teidʤəsnis	tính có lợi, tính thuận lợi
advent	n	'ædvənt	sự đến, sự tới
adventitious	a	,ædven'tiʃəs	ngẫu nhiên, tình cờ
adventitiousness	n	,ædven'tiʃəsnis	tính ngẫu nhiên, tính tình cờ
adventure	v	əd'ventʃə	phiêu lưu, mạo hiểm
adventurer	n	əd'ventʃərə	người phiêu lưu, người mạo hiểm
adventuresome	a	əd'ventʃəsəm	adventurous
adventuress	n	əd'ventʃəris	người đàn bà thích phiêu lưu mạo hiểm
adventurism	n	əd'ventʃərizm	chủ nghĩa phiêu lưu
adventurous	a	əd'ventʃərəs/ (venturous) /'ventʃərəs	thích phiêu lưu, thích mạo hiểm
adventurousness	n	əd'ventʃərəsnis	tính phiêu lưu, tính mạo hiểm
adverb	n	'ædvə:b	phó từ
adverbial	a	əd'və:bjəl	phó từ, có tính chất phó từ
adversary	n	'ædvəsəri	kẻ địch, kẻ thù
adversative	a	əd'və:setiv	đối lập
adverse	a	'ædvə:s	đối địch, thù địch
adversity	n	əd'və:siti	sự bất hạnh, vận đen
advert	v	əd'və:t	ám chỉ, nói đến
advertence	n	əd'və:təns/ (advertency) /əd'və:tənsi	sự chú ý, sự lưu ý
advertency	n	əd'və:təns/ (advertency) /əd'və:tənsi	sự chú ý, sự lưu ý
advertise	v	'ædvətaiz/ (advertize) /'ædvətaiz	báo cho biết, báo cho ai biết trước
advertisement	n	əd'və:tismənt	sự quảng cáo, bài quảng cáo
advertiser	n	'ædvətaizə	người báo cho biết trước
Advertising	n		Quảng cáo.
advertize	v	'ædvətaiz/ (advertize) /'ædvətaiz	báo cho biết, báo cho ai biết trước
advice	n	əd'vais	lời khuyên, lời chỉ bảo
advisability	n	əd,vaizə'biliti/ (advisableness) /əd'vaizəblnis	tính chất nên, tính chất thích hợp
advisable	a	əd'vaizəbl	nên, thích hợp
advisableness	n	əd,vaizə'biliti/ (advisableness) /əd'vaizəblnis	tính chất nên, tính chất thích hợp
advise	v	əd'vaiz	khuyên, khuyên bảo
advised	a	əd'vaizd	am hiểu, hiểu biết
advisedly	d	əd'vaizidli	có suy nghĩ chín chắn, thận trọng
adviser	n	əd'vaizə/ (advisor) /əd'vaizə	người khuyên bảo, người chỉ bảo
advisor	n	əd'vaizə/ (advisor) /əd'vaizə	người khuyên bảo, người chỉ bảo
advisory	a	əd'vaizəri	để hỏi, để xin ý kiến
advocacy	n	'ædvəkəsi	nhiệm vụ luật sư
advocate	n	'ædvəkit	người biện hộ, người bào chữa
adynamia	n	,ædi'neimiə	chứng mệt lử, sự kiệt sức
adynamic	a	,ædai'næmik	mệt lử, kiệt sức
adyta	n	'æditəm	chính điện
adytum	n	'æditəm	chính điện
adz	n	ædz	rìu lưỡi vòm
adze	n	ædz	rìu lưỡi vòm
aeger	n	'i:dʤə	giấy chứng nhận ốm
aegis	n	'i:dʤis	sự che chở, sự bảo hộ
aegrotat	n	i:'groutæt	giấy chứng nhận ốm nặng không dự thi đượ
aelotropic	a	,iou:lə'trɔpik	dị hướng
aelotropy	n	,i:ou'lɔtrəpi	tính dị hướng
aeon	n	'i:ən/ (eon) /'i:ən	thời đại, niên kỷ
aerate	v	'eiəreit	làm thông khí, quạt gió
aeration	n	,eiə'reiʃn	sự làm thông, sự quạt gió
aerial	a	'eəriəl	ở trên trời, trên không
aerie	n	'eəri/ (aery) /'eəri/ (eyrie) /'aiəri/ (eyry) /'aiəri	tổ chim làm tít trên cao
aeriform	a	'eərifɔ:m	dạng hơi
aerify	v	'eərifai	làm hoá ra thể hơi, khí hoá
aerobatics	n	,eərou'bætiks	sự nhào lộn trên không
aerobe	n	'eəroub	vi sinh vật ưa khí
aerobics	n		thể dục nhịp điệu
aerobiology	n	'eəroubai'ɔlədʤi	khoa sinh vật không khí
aerocamera	n	,eərou'kæmərə	máy ảnh chụp trên không
aerocarrier	n	'eərou'kæriə	tàu sân bay
aerodrome	n	'eərədroum	sân bay
aerodynamic	a	'eəroudai'næmik/ (aerodynamical) /'eəroudai'næmik	khí động lực
aerodynamical	a	'eəroudai'næmik/ (aerodynamical) /'eəroudai'næmik	khí động lực
aerodynamics	n	'eəroudai'næmiks	khí động lực học
aerodyne	n	'eəroudain	máy bay nặng hơn không khí
aeroembolism	n	,ərou'embəlizm	bệnh khí ép
aerofoil	n	'eərou,fɔil/ (airfoil) /'eəfɔil	cánh máy bay
aerogram	n	'eərougræm	bức điện rađiô
aerogun	n	'eərouðgʌn	súng gắn trên máy bay
aerolite	n	'eərəlait	đá trời, thiên thạch
aerology	n	eə'rɔlədʤi	môn quyển khí
aeromechanics	n	,eəroumi'kæniks	cơ học chất khí
aerometer	n	eə'rɔmitə	cái đo tỷ trọng khí
aeronaut	n	'eərənɔ:t	nhà hàng không, người lái khí cầu
aeronautic	a	,eərə'nɔ:tik/ (aeronautical) /,eərə'nɔ:tikəl	hàng không
aeronautical	a	,eərə'nɔ:tik/ (aeronautical) /,eərə'nɔ:tikəl	hàng không
aeronautics	n	,eəreə'nɔ:tiks	hàng không học
aeronavigation	n	'eərou,nævi'geiʃn	thuật hàng không
aerophotograph	n	'eərou'foutəgrɑ:f	ảnh chụp từ máy bay
aerophotography	n	'eəroufə'tɔgrəfi	sự chụp ảnh từ máy bay, phép chụp ảnh từ
aeroplane	n	'eərəplein	máy bay, tàu bay
aeroport	n	'eərəpɔ:t	sân bay lớn
aerosol	n		bình phun
aerospace	n		không gian vũ trụ
aerostat	n	'eəroustæt	khí cầu
aerostatics	n	,eərou'stætiks	khí cầu học
aerotechnics	n	,eərou'tekniks	kỹ thuật hàng không
aeruginous	a	iə'ru:dʤinəs	có tính chất gỉ đồng, giống màu gỉ đồng
aery	n	'eəri/ (aery) /'eəri/ (eyrie) /'aiəri/ (eyry) /'aiəri	tổ chim làm tít trên cao
aesthete	n	'i:sθi:t	nhà thẩm mỹ
aesthetic	a	i:s'θetik	mỹ học, thẩm mỹ
aesthetically	d	i:s'θetikəli	có thẩm mỹ
aesthetics	n	i:s'θetiks	mỹ học
aestival	a	i:s'taivəl	mùa hạ, sinh vào mùa hạ
aestivate	v	'i:stiveit	ngủ hè
aestivation	n	,i:sti'veiʃn	sự ngủ hè
aether	n		n
aetiology	n	,i:ti'ɔlədʤi/ (etiology) /,i:ti'ɔlədʤi	thuyết nguyên nhân
afar	d	ə'fɑ:	xa, ở xa, cách xa
affability	n	,æfə'biliti/ (affableness) /'æfəblnis	sự lịch sự, sự nhã nhặn
affable	a	'æfəbl	lịch sự, nhã nhặn
affableness	n	,æfə'biliti/ (affableness) /'æfəblnis	sự lịch sự, sự nhã nhặn
affair	n	ə'feə	việc
affect	v	ə'fekt	làm ảnh hưởng đến, làm tác động đến
affectation	n	,æfek'teiʃn	sự điệu bộ, sự màu mè
affected	a	ə'fektid	có ý
affectedly	d	ə'fektidli	giả tạo, điệu bộ
affecting	a	ə'fektiɳ	làm xúc động, làm cảm động
affection	n	ə'fekʃn	sự làm ảnh hưởng đến, sự làm tác động đế
affectionate	a	ə'fekʃnit	thương yêu, yêu mến
affectionately	d		âu yếm, trìu mến
affectionateness	n	ə'fekʃnitnis	tính hay thương yêu, tính thương mến
affective	a	ə'fektiv	xúc động, dễ xúc động
affectivity	n	,æfek'tiviti	tính dễ xúc động
afferent	a	'æfərənt	hướng vào, dẫn vào
affettuoso	d	ə,fetju'ouzou	âu yếm
affiance	n	ə'faiəns	sự tin, sự tín nhiệm
affidavit	n	,æfi'deivit	bản khai có tuyên thệ
affiliate	v	ə'filieit/ (filiate) /'filjeit	nhận làm chi nhánh, nhận làm hội viên
affiliation	n	ə,fili'eiʃn	sự nhập hội, sự nhập đoàn
affinage	n	ə'finidʤ	sự tinh luyện, sự tinh chế
affined	a	ə'faind	có quan hệ họ hàng
affinity	n	ə'finiti	mối quan hệ, sự giống nhau về cấu trúc
affirm	v	ə'fə:m	khẳng định, xác nhận
affirmation	n	,æfə:'meiʃn	sự khẳng định, sự xác nhận
affirmative	a	ə'fə:mətiv	khẳng định, quả quyết
affix	n	'æfiks	sự thêm vào, phần thêm vào
affixture	n	ə'fikstʃə	sự đóng chặt vào, sự gắn vào
afflatus	n	ə'fleitəs	cảm hứng
afflict	v	ə'flikt	làm đau đớn, làm đau buồn
affliction	n	ə'flikʃn	nỗi đau đớn, nỗi đau buồn
afflictive	a	ə'fliktiv	làm đau đớn, làm đau buồn
affluence	n	'æfluəns	sự tụ họp đông
affluent	a	'æfluənt	nhiều, dồi dào
afflux	n	'æflʌks	sự đổ dồn, sự chảy dồn
afford	v	ə'fɔ:d	có thể, có đủ sức
afforest	v	æ'fɔrist	trồng cây gây rừng, biến thành rừng
afforestation	n	æ,fɔris'teiʃn/ (afforestment) /æ'fɔristmənt	sự trồng cây gây rừng, sự biến thành rừn
afforestment	n	æ,fɔris'teiʃn/ (afforestment) /æ'fɔristmənt	sự trồng cây gây rừng, sự biến thành rừn
affranchise	v	ə'fræntʃaiz	giải phóng
affranchisement	n	ə'fræntʃaizmənt	sự giải phóng
affray	n	ə'frei	sự huyên náo, cuộc ẩu đả
affreightment	n	ə'freitmənt	sự thuê tàu, chở hàng
affricate	n	'æfrikit	âm tắc xát
affright	n	ə'frait	sự khiếp sợ, sự hoảng sợ
affront	n	ə'frʌnt	sự lăng mạ, sự lăng nhục
affusion	n	ə'fju:ʤn	sự rảy nước, sự giội nước
afghan	n	'æfgæn	người Ap-ga-ni-xtăng
aficionado	n		người cuồng nhiệt
afield	d	ə'fi:ld	ở ngoài đồng, ở ngoài ruộng
afire	a	ə'faiə	cháy, bừng bừng
aflame	a	ə'fleim	cháy, rực cháy
afloat	a	ə'flout	nổi lênh đênh, lơ lửng không)
afoot	a	ə'fut	đi bộ, đi chân
afore	d	ə'fɔ:	ở phía trước, ở đằng trước
aforecited	a	ə'fɔ:saitid	đã dẫn
aforegoing	a	ə'fɔ:gouiɳ	xảy ra trước đây
aforementioned	a	ə'fɔ:,menʃnd	đã kể ở trên, đã nói trên
aforenamed	a	ə'fɔ:neimd	đã kể ở trên, đã kể trước đây
aforesaid	a	ə'fɔ:sed	đã nói ở trên, đã nói đến trước đây
aforethought	a	ə'fɔ:θɔ:t	cố ý, có định trước
aforetime	d	ə'fɔ:taim	trước đây, trước kia
afoul	d	ə'faul	chạm vào, húc vào
afraid	a	ə'freid	sợ, hãi, hoảng, hoảng sợ
afreet	n	'æfri:t/ (afrit) /'æfri:t/ (afrite) /'æfri:t	con quỷ
afresh	d	ə'freʃ	lại lần nữa
african	a	'æfrikən	thuộc Châu phi
afrikaans	n	,æfri'kɑ:ns	người Nam phi, người Hà lan ở Kếp
afrikaner	n	,æfri'kɑ:nə	người Nam phi gốc Âu
afrikanist	n	'æfrikənist	nhà nghiên cứu văn hoá Châu phi
afrit	n	'æfri:t/ (afrit) /'æfri:t/ (afrite) /'æfri:t	con quỷ
afrite	n	'æfri:t/ (afrit) /'æfri:t/ (afrite) /'æfri:t	con quỷ
afro	a		quăn và dài như tóc dân da đen
aft	a	ɑ:ft	ở cuối tàu, ở đuôi tàu
after	d	'ɑ:ftə	sau, đằng sau
afterbirth	n	'ɑ:ftəbə:θ	nhau
afterburner	n	'ɑ:ftə,bə:nə	thùng chất đốt phụ
afterclap	n	'ɑ:ftəklæp	việc hậu phát
aftercrop	n	'ɑ:ftəkrɔp/ (aftergrowth) /'ɑ:ftəgrouθ	lúa dẻ
afterdamp	n	'ɑ:ftər,imidʤ	hơi bốc sau
afterglow	n	'ɑ:ftəglou	ánh hồng ban chiếu
aftergrowth	n	'ɑ:ftəkrɔp/ (aftergrowth) /'ɑ:ftəgrouθ	lúa dẻ
afterimage	n	'ɑ:ftər,imidʤ	dư ảnh
afterlife	n		kiếp sau
afterlight	n	'ɑ:ftəlait	ánh sáng phía sau
aftermath	n	'ɑ:ftəmæθ	after-grass
aftermost	a	'ɑ:ftəmoust	ở đuôi tàu, gần đuôi tàu nhất
afternoon	n	'ɑ:ftə'nu:n	buổi chiều
afternoons	d		vào các buổi chiều
afterpiece	n	'ɑ:ftəpi:s	tiết mục đuôi, tiết mục hạ màn
afters	n	'ɑ:ftəz	món phụ sau
aftershave	n		nước thơm dùng sau khi cạo râu
aftershock	n	'ɑ:ftəʃɔk	dư chấn
aftertaste	n	'ɑ:ftəteist	dư vị
afterthought	n	'ɑ:ftəθɔ:t	sự suy nghĩ sau khi hành động, ý nghĩ nả
afterward	d	'ɑ:ftəwəd/ (afterward) /'ɑ:ftəwədz	sau này, về sau
afterwards	d	'ɑ:ftəwəd/ (afterward) /'ɑ:ftəwədz	sau này, về sau
afterword	n	'ɑ:ftəwə:d	lời bạt
afterworld	n	'ɑ:ftəwə:ld	kiếp sau, thế giới bên kia
again	d	ə'gen	lại, lần nữa
against	p	ə'geinst	chống lại, ngược lại
agamic	a	ə'gæmik/ (agamous) /'ægəməs	vô tính
agamogenesis	a	,ægəmou'dʤenisis	sự sinh sản vô tính
agamous	a	ə'gæmik/ (agamous) /'ægəməs	vô tính
agape	a	ə'geip	há hốc mồm ra
agaric	n	'ægərik	nấm tán
agaricaceous	a	ə,gæri'keiʃəs	thuộc họ nấm tán
agate	n	'ægət	đá mã não
agave	n	ə'geivi	cây thùa
agaze	d	ə'geiz	đang nhìn đăm đăm
age	n	eidʤ	tuổi
aged	v	'eidʤid	làm cho già đi
agedness	n	'eidʤidnis	tuổi già, sự nhiều tuổi
ageing	n	'eidʤiɳ/ (aging) /'eidʤiɳ	sự hoá già
ageless	a	'eidʤlis	trẻ mãi không già
agelong	a	'eidʤlɔɳ	lâu hàng đời, đời đời
agency	n	'eidʤənsi	tác dụng, lực
agenda	n	ə'dʤendə	những việc phải làm
agent	n	'eidʤənt	người đại lý
agglomerant	n	ə'glɔmərənt	chất làm kết tụ
agglomerate	a	ə'glɔmərit	tích tụ, chất đống
agglomeration	n	ə,glɔmə'reiʃn	sự tích tụ, sự chất đống
agglomerative	a	ə'glɔmərətiv	làm tích tụ, làm chất đống
agglutinant	n	ə'glu:tinənt	chất dính
agglutinate	a	ə'glu:tineit	dính kết
agglutination	n	ə,glu:ti'neiʃn	sự dính kết
agglutinative	a	ə'glu:tinətiv	làm dính kết
aggrandize	v	ə'grændaiz	làm to ra, mở rộng
aggrandizement	n	ə'grændizmənt	sự làm to ra, sự mở rộng
aggravate	v	'ægrəveit	làm trầm trọng thêm, làm nặng thêm
aggravating	a	'ægrəveitɳ	làm trầm trọng thêm, làm nặng thêm
aggravation	n	,ægrə'veiʃn	sự làm trầm trọng thêm, sự làm nặng thêm
aggregate	a	'ægrigit	tập hợp lại, kết hợp lại
aggregation	n	,ægri'geiʃn	sự tập hợp, sự kết hợp
aggregative	a	'ægrigeitiv	tập hợp, kết tập
aggress	v	ə'gres	gây sự, gây hấn
aggression	n	ə'greʃn	sự xâm lược, cuộc xâm lược
aggressive	a	ə'gresiv	xâm lược, xâm lăng
aggressively	d		xông xáo, tháo vát
aggressiveness	n	ə'gresivnis	tính chất xâm lược
aggressor	n	ə'gresə	kẻ xâm lược, nước đi xâm lược
aggrieve	v	ə'gri:v	dạng bị động làm buồn rầu, làm phiền muộ
aggrieved	a		buồn phiền
aggro	n		hành vi hung hãn, hành vi hung bạo
aghast	a	ə'gɑ:st	kinh ngạc, kinh hãi
agile	a	'ædʤail	nhanh nhẹn, nhanh nhẩu
agility	n	ə'dʤiliti	sự nhanh nhẹn, sự nhanh nhẩu
aging	n	'eidʤiɳ/ (aging) /'eidʤiɳ	sự hoá già
agio	n	'ædʤiou	tiền lời, đổi tiền
agiotage	n	'ædʤətidʤ	nghề đổi tiền
agist	v	ə'dʤist	nhận cho vật nuôi vào ăn cỏ
agitate	v	'ædʤiteit	lay động, rung động
agitation	n	,ædʤi'teiʃn	sự lay động, sự rung động
agitator	n	'ædʤiteitə	người khích động quần chúng, người gây p
aglet	n	'æglit/ (aiglet) /'eiglet	miếng kim loại bịt đầu dây
agley	d	ə'gli:	xiên, méo
aglow	a	ə'glou	đỏ rực, cháy đỏ
agnail	n	'ægneil	chỗ xước mang rô
agnate	a	'ægneit	thân thuộc phía cha, cùng họ cha
agnation	n	æg'neiʃn	quan hệ phía cha
agnomen	n	æg'noumen	tên hiệu, tên lóng
agnomina	n	æg'noumen	tên hiệu, tên lóng
agnostic	a	æg'nɔstik	thuyết không thể biết
agnosticism	n	æg'nɔstisizm	thuyết không thể biết
ago	d	ə'gou	trước đây, về trước
agog	a	ə'gɔg	nóng lòng, sốt ruột
agonic	a	ə'gɔnik	không hợp thành góc
agonise	v	'ægənaiz/ (agonise) /'ægənaiz	chịu đau đớn, chịu khổ sở
agonistic	a	,ægə'nistik	cuộc thi đấu điền kinh, đấu võ
agonize	v	'ægənaiz/ (agonise) /'ægənaiz	chịu đau đớn, chịu khổ sở
agonizing	a	'ægənaiziɳ	làm đau đớn, làm khổ sở
agony	n	'ægəni	sự đau đớn, sự khổ cực
agoraphobia	n	,ægərə'foubjə	chứng sợ khoảng rộng
agouti	n	ə'gu:ti/ (agouty) /ə'gu:tiz	chuột lang aguti
agouty	n	ə'gu:ti/ (agouty) /ə'gu:tiz	chuột lang aguti
agrarian	a	ə'greəriən	ruộng đất
agree	v	ə'gri:	đồng ý, tán thành
agreeability	n	ə'griəblnis/ (agreeability) /ə,griə'biliti	tính dễ chịu, tính dễ thương
agreeable	a	ə'griəbl	dễ chịu, dễ thương
agreeableness	n	ə'griəblnis/ (agreeability) /ə,griə'biliti	tính dễ chịu, tính dễ thương
agreement	n	ə'gri:mənt	hiệp định, hiệp nghị
agrestic	a	ə'grestik	ở nông thôn
agricultural	a	,ægri'kʌltʃərəl	nông nghiệp
agriculturalist	n	,ægri'kʌltʃərəlist/ (agriculturist) /,ægri'kʌltʃərist	nhà nông học scientific agriculturalist)
agriculture	n	'ægrikʌltʃə	nông nghiệp
agriculturist	n	,ægri'kʌltʃərəlist/ (agriculturist) /,ægri'kʌltʃərist	nhà nông học scientific agriculturalist)
agrimotor	n	'ægri,moutə	máy kéo
agrobiological	a	,ægroubaiə'lɔdʤikəl	nông sinh học
agrobiologist	n	,ægroubai'ɔlədʤist	nhà nông sinh học
agrobiology	n	,ægroubai'ɔlədʤi	nông sinh học
agronomic	a	,ægrə'nɔmik/ (agronomical) /,ægrə'nɔmikəl	nông học
agronomical	a	,ægrə'nɔmik/ (agronomical) /,ægrə'nɔmikəl	nông học
agronomics	n	,ægrə'nɔmiks	nông học
agronomist	n	ə'grɔnəmist	nhà nông học
agronomy	n	ə'gɔnəmi	nông học
aground	a	ə'graund	mắc cạn
ague	n	'eigju:	cơn sốt rét
aguish	a	'eigju:iʃ	bệnh sốt rét, gây bệnh sốt rét
ah	i	ɑ:	a!, chà!, chao!, ôi chao!
aha	i	ɑ:hɑ:	a ha!, ha ha!
ahead	d	ə'hed	trước, về phía trước
aheap	d	ə'hi:p	thành đồng
ahem	i	ə'hem	a hèm!
ahoy	i	ə'hɔi	bớ! ới!
ahull	d	ə'hʌl	buồm cuốn hết
ai	n		trí tuệ nhân tạo
aiblins	d	'eiblinz	có lẽ, có thể
aid	n	eid	sự giúp đỡ, sự cứu giúp
aide	n	'eiddə'ka:ɳ/ (aide) /eid	sĩ quan phụ tá, sĩ quan hầu cận
aids	n		bệnh liệt kháng, bệnh aids
aiglet	n	'æglit/ (aiglet) /'eiglet	miếng kim loại bịt đầu dây
aigrette	n	'eigret	cò bạch, cò ngà
aiguille	n	'eigwi:l	mỏm đá nhọn, núi đá đỉnh nhọn
aiguillette	n	,eigwi'let	dây tua aglet)
ail	v	eil	làm đau đớn, làm đau khổ
ailanthus	n	ei'lænθəs	cây lá lĩnh
aileron	n	'eilərɔn	số nhiều) cánh nhỏ
ailing	n	'eiliɳ	sự ốm đau, sự khó ở
ailment	n	'eilmənt	sự đau đớn, sự phiền não
aim	n	eim	sự nhắm, sự nhắm
aimless	a	'eimlis	không mục đích, vu vơ
aimlessly	d		không mục đích, vu vơ
air	n	eə	không khí, bầu không khí
airborne	a		không vận
airbrush	n		bình sơn xì
aircraft	n	'eəkrɑ:ft	máy bay, tàu bay
aircraftman	n	'eəkrɑ:ftmən	lính không quân
airdrome	n	'eədroum	sân bay
airfield	n	'eəfi:ld	trường bay, sân bay
airfoil	n	'eərou,fɔil/ (airfoil) /'eəfɔil	cánh máy bay
airily	d	'eərili	nhẹ nhàng, uyển chuyển
airiness	n	'eərinis	sự thoáng gió, sự ở trên cao lộng gió
airing	n	'eəriɳ	sự làm cho thoáng khí
airless	a	'eəlis	không có không khí, thiếu không khí
airlift	n		cầu hàng không
airline	n		công ty hàng không
airliner	n		máy bay dân dụng loại lớn
airlock	n		nút không khí
airman	n	'eəmæn	người lái máy bay, phi công
airmanship	n	'eəmənʃip	thuật lái máy bay
airphoto	n	'eə,foutou	ảnh chụp từ máy bay
airplane	n	'eəplein	máy bay, tàu bay
airport	n		sân bay, phi trường
airscrew	n	'eəskru:	cánh quạt máy bay
airshed	n	'eəʃed	nhà để máy bay
airship	n	'eəʃip	khí cầu
airspace	n		vùng trời, không phận
airstrip	n		bãi đáp, bãi hạ cánh
airtight	a		kín hơi, kín gió
airway	n	'eəwei	chiến tranh bằng không quân
airwoman	n	'eə,wumən	nữ phi công
airworthiness	n	'eə,wə:ði	khả năng bay được
airworthy	a	'eəri	bay được
airy	a	'eəri	ở trên cao
aisle	n	ail	cánh, gian bên
ait	n	eit/ (eyot) /eit	cù lao, hòn đảo nhỏ
aitchbone	n	'eitʃboun	xương đùi
ajar	d	ə'dʤɑ:	mở hé, đóng hờ
ajog	d	ə'dʤɔg	đi nước kiệu nhỏ
akene	n	ə'ki:ni	quả bế
akimbo	d	ə'kimbou	chống nạnh
akin	a	ə'kin	thân thuộc, bà con
alabaster	n	'æləbɑ:stə	thạch cao tuyết hoa
alack	i	ə'læk/ (alackaday) /ə'lækədei	than ôi!, lạ quá!
alackaday	i	ə'læk/ (alackaday) /ə'lækədei	than ôi!, lạ quá!
alacrity	n	ə'lækriti	sự sốt sắng
alar	a	'eilə	cánh, giống cánh
alarm	n	ə'lɑ:m	sự báo động, sự báo nguy
alarming	a	ə'lɑ:miɳ	làm lo sợ, làm sợ hãi
alarmingly	d		đáng lo ngại
alarmist	n	ə'lɑ:mist	người hay gieo hoang mang sợ hãi
alarum	n	ə'leərəm	sự báo động, sự báo nguy alarm)
alas	i	ə'lɑ:s	chao ôi!, than ôi!
alb	n	ælb	áo dài trắng
albacore	n	'ælbəkɔ:	cá ngừ
albanian	a	æl'beinjən	An-ba-ni
albata	n	æl'beitə	hợp kim mayso
albatross	n	'ælbətrɔs	chim hải âu lớn
albeit	c	ɔ:l'bi:it	mặc dù, dù
albert	n	'ælbət	dây đồng hồ anbe [Albert chain])
albinism	n	'ælbinizm	chứng bạch tạng
albino	n	æl'bi:nou	người bạch tạng
albion	n	'ælbjən	nước Anh
albite	n	'ælbait	Fenspat trắng
albugo	n	æl'bju:gou	chứng vảy cá
album	n	'ælbəm	tập ảnh, quyển anbom
albumen	n	'ælbjumin	lòng trắng, trứng
albumenize	v	æl'bju:mənaiz	phết một lớp anbumin
albumin	n	'ælbjumin	Anbumin
albuminoid	n	æl'bju:minɔid	Anbuminoit
albuminous	a	æl'bju:minəs	anbumin, có anbumin
albuminuria	n	æl,bju:mi'njuəriə	chứng đái anbumin
alburnum	n	æl'bə:nəm	dác
alcazar	n		thành lũy, cung điện
alchemic	a	æl'kemik/ (alchemical) /æl'kemikel	thuật giả kim
alchemical	a	æl'kemik/ (alchemical) /æl'kemikel	thuật giả kim
alchemise	v	'ælkimaiz/ (alchemise) /'ælkimaiz	làm biến đổi
alchemist	n	'ælkimist	nhà giả kim
alchemize	v	'ælkimaiz/ (alchemise) /'ælkimaiz	làm biến đổi
alchemy	n	'ælkimi	thuật giả kim
alcohol	n	'ælkəhɔl	rượu cồn
alcoholic	a	,ælkə'hɔlik	rượu, có chất rượu
alcoholise	v	'ælkəhɔlaiz/ (alcoholise) /'ælkəhɔlaiz	cho chịu tác dụng của rượu
alcoholism	n	'ælkəhɔlizm	tác hại của rượu
alcoholization	n	,ælkəhɔlai'zeiʃn	sự cho chịu tác dụng của rượu
alcoholize	v	'ælkəhɔlaiz/ (alcoholise) /'ælkəhɔlaiz	cho chịu tác dụng của rượu
alcoholometer	n	,ælkəhɔ'lɔmitə	ống đo rượu
alcoholometry	n	,ælkəhɔ'lɔmitri	phép đo rượu
alcoran	n	,ælkɔ'rɑ:n	kinh Co-ran
alcove	n	'ælkouv	góc phòng thụt vào
aldehyde	n	'ældihaid	Anđehyt
alder	n	'ɔl:də	cây tổng quán sủi
alderman	n	'ɔ:ldəmən	uỷ viên hội đồng thành phố, uỷ viên hội
aldermanry	n	'ɔ:ldəmənri	quận có uỷ viên trong hội đồng thành phố
aldermanship	n	'ɔ:ldəmənʃip	chức uỷ viên hội đồng thành phố, chức uỷ
ale	n	eil	rượu bia
aleak	a	ə'li:k	có lỗ rò, rỉ nước
aleatory	a	'eiliətəri	may rủi, không chắc
alee	a	ə'li:	dưới gió, phía dưới gió
alegar	n	'eiligɑ:	rượu bia chua
alembic	n	ə'lembik	nồi chưng, nồi cất limbec)
alert	a	ə'lə:t	tỉnh táo, cảnh giác
alertness	n	ə'lə:tnis	sự tỉnh táo, sự cảnh giác
aleuron	n	ə'lju:rən/ (aleurone) /ə'lju:rən	hạt alơron
aleurone	n	ə'lju:rən/ (aleurone) /ə'lju:rən	hạt alơron
alexandrine	n	ælig'zændrain	thể thơ alexanđrin
alexin	n	ə'leksin	chất alexin
alexipharmic	a	ə,leksi'fɑ:mik	giải độc
alfa	n		chữ cái đầu tiên trong bảng chữ cái Hy l
alfalfa	n	æl'fælfə	cỏ linh lăng
alfresco	a	æl'freskou	ở ngoài trời
alga	n	'ælgə	tảo
algae	n	'ælgə	tảo
algebra	n	'ældʤibrə	đại số học
algebraic	a	'ældʤibrə/ (algebraical) /'ældʤibrəl	đại số
algebraical	a	'ældʤibrə/ (algebraical) /'ældʤibrəl	đại số
algebraist	n	,ældʤi'breiist	nhà đại số học
algerian	a	æl'dʤiəriən/ (Algerine) /,ældʤə'ri:n	An-giê-ri
algerine	a	æl'dʤiəriən/ (Algerine) /,ældʤə'ri:n	An-giê-ri
algid	a	'ældʤid	lạnh giá, cảm hàm
algidity	n	æl'dʤiditi	sự lạnh giá, sự cảm hàn
algologist	n	æl'gɔlədʤist	nhà nghiên cứu tảo
algology	n	æl'gɔləddʤi	khoa nghiên cứu tảo
algorism	n	'ælgərizm/ (algorithm) /'ælgəriðm	thuật toán
algorithm	n	'ælgəriðm	thuật toán
alias	n	'eiliæs	bí danh, tên hiệu
alibi	n	'ælibai	chứng cớ vắng mặt
alicylic	a	,æli'saiklik	vòng no
alidad	n	'ælidæd/ (alidade) /'ælideid	Aliđat, vòng chuẩn
alidade	n	'ælideid/ (alidad) /'ælidæd	Aliđat, vòng chuẩn
alien	a	'eiljən	nước ngoài, chủng tộc khác
alienability	n	,eiljənə'biliti	tính có thể chuyển nhượng được, khả năng
alienable	a	'eiljənəbl	có thể chuyển nhượng được, có thể năng n
alienate	v	'eiljəneit	làm cho giận ghét, làm cho xa lánh
alienated	a		bị bệnh tâm thần
alienation	n	,eiljə'neiʃn	sự làm cho giận, sự làm cho ghét
alienator	n	'eiljəneitə	người chuyển nhượng
alienee	n	eiljə'ni:	người được chuyển nhượng
alienism	n	'eiljənizm	tính cách ngoại kiều
alienist	n	'eiljənist	người bị bệnh tinh thần
aliform	a	'eilifɔ:m	hình cánh
alight	a	ə'lait	cháy, bùng cháy
align	v	ə'lain/ (aline) /ə'lain	sắp cho thẳng hàng
aligned	n		được đồng chỉnh
aligning	n		điều chỉnh, hiệu chỉnh
alignment	n	ə'lainmənt/ (alinement) /ə'lainmənt	sự sắp thẳng hàng, sự sắp hàng
alike	a	ə'laik	giống, tương tự
aliment	n	'ælimənt	đồ ăn
alimental	a	,æli'mentl	dùng làm đồ ăn, nuôi dưỡng
alimentary	a	,æli'mentəri	đồ ăn, nuôi dưỡng
alimentation	n	,ælimen'teiʃn	sự nuôi cho ăn, sự nuôi dưỡng
alimony	n	'æliməni	sự nuôi cho ăn, sự nuôi dưỡng
aline	v	ə'lain/ (align) /ə'lain	sắp cho thẳng hàng
alinement	n	ə'lainmənt/ (alinement) /ə'lainmənt	sự sắp thẳng hàng, sự sắp hàng
aliped	a	'æliped	có chân cánh
aliphatic	a	,æli'fætik	béo
aliquote	n	'ælikwɔt	ước số
alive	a	ə'laiv	sống, còn sống
alizarin	n	ə'lizərin/ (alizarine) /ə'lizərin	Alizarin
alizarine	n	ə'lizərin/ (alizarin) /ə'lizərin	Alizarin
alkalescence	n	,ælkə'lesns	độ kiềm nhẹ
alkalescent	a	,æælkə'lesnt	có độ kiềm nhẹ
alkali	n	'ælkəlai	chất kiềm
alkalifiable	a	'ælkəlifaiəbl	có thể kiềm hoá
alkalify	v	'ælkəlifai	kiềm hoá
alkalimeter	n	,ælkə'limitə	cái đo kiềm
alkalimetric	a	,ælkəli'metrik	phép đo kiềm
alkalimetry	n	,ælkə'limitri	phép đo kiềm
alkaline	a	'ælkəlain	kiềm
alkalization	n	,ælkəlai'zeiʃn	sự kiềm hoá
alkalize	v	'ælkəlaiz	kiềm hoá
alkaloid	n	'ælkəlɔid	Ancaloit
all	a	ɔ:l	tất cả, hết thảy
allah	n	'ælə	thánh A-la, đức A-la
allay	v	ə'lei	làm giảm, làm bớt
allegation	n	,æle'geiʃn	sự viện lý, sự viện lẽ
allege	v	ə'ledʤ	cho là, khẳng định
alleged	a	ə'ledʤd	được cho là, bị cho là
allegiance	n	ə'li:dʤəns	lòng trung thành & )
allegoric	a	,æle'gɔrik/ (allegorical) /,æle'gɔrikəl	có tính chất phúng dụ, nói bóng
allegorical	n		xem allegoric
allegorise	n		xem allegorize
allegorist	n	'æligərist	nhà ngụ ngôn, nhà phúng dụ
allegorize	v	'æligəraiz/ (allegorise) /'æligəraiz	phúng dụ, nói bóng
allegory	n	'æligəri	phúng dụ, lời nói bóng
allegretto	d	,æli'gretou	hơi nhanh
allegro	a	ə'leigrou	nhanh
alleluia	n	,æli'lu:jə/ (halleluiah) /,hæli'lu:jə/ (hallelujah) /,hæli'lu:jə	bài hát ca ngợi Chúa
allemande	n	'ælma:nd	điệu múa dân gian Đức
allergic	a	ə'lə:dʤik	dị ứng
allergy	n	'ælədʤi	dị ứng
alleviate	v	ə'li:vieit	làm nhẹ bớt, làm giảm bớt
alleviation	n	ə,li:vi'eiʃn	sự làm nhẹ bớt, sự làm giảm bớt
alleviative	a	ə'li:vieitiv/ (alleviatory) /ə'li:viətəri	làm giảm đau, làm dịu
alleviator	n	ə'li:vieitə	người an ủi, nguồn an ủi
alleviatory	n		xem alleviative
alley	n	'æli	ngõ, đường đi
alleyway	n		xem alley
alliaceous	a	,æli'eiʃəs	loại hành tỏi
alliance	n	ə'laiəns	sự liên minh, khối liên minh khối đồng m
allied	a	ə'laid	liên minh, đồng minh
alligator	n	'æligeitə	cá sấu Mỹ
alliterate	v	ə'litəreit	lặp lại âm đầu
alliteration	n	ə,litə'reiʃn	sự lặp lại âm đầu
alliterative	a	ə'litərətiv	lặp âm đầu
allocate	v	'æləkeit	chỉ định, dùng
allocation	n	æ,lə'keiʃn	sự chỉ định, sự dùng
allocution	n	,ælou'kju:ʃn	bài nói ngắn
allodium	n	ə'loudjəm	thái ấp, thái ấp không phải nộp thuế
allogamy	n	ə'logəmi	sự giao phấn, sự thụ tinh khác hoa
allomeric	a	,ælə'merik/ (allomerous) /ə'lɔmərəs	khác chất
allomerism	n	ə'lɔmərizm	tính chất khác
allomerous	n		xem allomeric
allopath	n	'æloupæθ/ (allopathist) /,ælɔpəθist	thầy thuốc chữa theo phương pháp đối chứ
allopathic	a	,ælou'pæθik	phép chữa đối chứng
allopathist	n		xem allopath
allopathy	n	ə'lɔpəθi	phép chữa đối chứng
allot	v	ə'lɔt	phân công, giao
allotment	n	ə'lɔtmənt	sự phân công, sự giao việc
allotropic	a	,ælə'trɔpik	khác hình
allotropism	n	ə'lɔtrəpizm/ (allotropy) /ə'lɔtrəpi	tính khác hình
allotropy	n	ə'lɔtrəpizm/ (allotropy) /ə'lɔtrəpi	tính khác hình
allottee	n	ə,lɔ'ti:	người được nhận phần chia
allow	v	ə'lau	cho phép để cho
allowable	a	ə'lauəbl	có thể cho phép được
allowance	n	ə'lauəns	sự cho phép
allowedly	d	ə'lauidli	được cho phép
alloy	n	'ælɔi	hợp kim
allseed	n	'ɔ:l,si:d	cây lắm hạt
allspice	n	'ɔ:lspais	hạt tiêu Gia-mai-ca
allude	v	ə'lu:d	nói bóng gió, ám chỉ
allure	n	ə'ljuə	sức quyến rũ, sức lôi cuốn
allurement	n	ə'ljuəmənt	sự quyến rũ, sự lôi cuốn
alluring	a	ə'lujəriɳ	quyến rũ, lôi cuốn
alluringness	n	ə'ljuəriɳnis	sức quyến rũ, sức lôi cuốn
allusion	n	ə'lu:ʤn	sự nói bóng gió, sự ám chỉ
allusive	a	ə'lu:siv	có ý nói bóng gió, có ý ám chỉ
allusiveness	n	ə'lu:sivnis	tính chất bóng gió, tính chất ám chỉ
alluvia	n	ə'lu:vjəm	bồi tích, đất bồi
alluvial	a	ə'lu:vjəl	bồi tích, đất bồi
alluvion	n	ə'lu:vjən	sự bồi đất
alluvium	n	ə'lu:vjəm	bồi tích, đất bồi
ally	n	'æli	hòn bi
alma	n	'ælmə/ (almah) /'ælmə	vũ nữ Ai-cập
almagest	n	'ælmədʤest	sách thiên văn, sách chiêm tinh
almah	n	'ælmə/ (almah) /'ælmə	vũ nữ Ai-cập
almanac	n	'ɔ:lmənæk/ (almanack) /'ɔ:lmənæk	niên lịch, niên giám
almanack	n	'ɔ:lmənæk/ (almanack) /'ɔ:lmənæk	niên lịch, niên giám
almightily	d	ɔ:l'maitili	toàn năng, có quyền tối cao
almightiness	n	ɔ:l'maitinis	tính toàn năng, quyền tối cao
almighty	a	ɔ:l'maiti	toàn năng, có
almond	n	'ɑ:mənd	quả hạnh
almoner	n	'ɑ:mənə	người phát chẩn
almonry	n	'ɑ:mənri	nơi phát chẩn
almost	d	'ɔ:lmoust	hầu, gần
alms	n	ɑ:mz	dùng như số ít của bố thí
almsman	n	'ɑ:mzmən	người được cứu tế, người sống bằng của b
almswoman	n	'ɑ:mz,wumən	người đàn bà được cứu tế, người đàn bà s
aloe	n	'ælou	cây lô hội
aloft	a	ə'lɔft	cao, ở trên cao
aloha	n		interj
alone	a	ə'loun	một mình, trơ trọi
aloneness	n	ə'lounnis	tình trạng cô độc, tình trạng đơn độc
along	d	ə'lɔɳ	theo chiều dài, suốt theo
alongside	d	ə'lɔɳ'said	sát cạnh, kế bên
aloof	a	ə'lu:f	ở xa, tách xa
aloofness	n	ə'lu:fnis	sự tách ra
alopecia	n	,ælɔ'pi:ʃiə	tình trạng hói, sự rụng tóc
aloud	d	ə'laud	lớn tiếng to
alow	d	ə'lou	ở dưới, ở đáy
alp	n	ælp	ngọn núi
alpaca	n	æl'pækə	Anpaca
alpenstock	n	'ælpinstɔk	gậy leo núi
alpha	n	'ælfə	chữ anfa
alphabet	n	'ælfəbit	bảng chữ cái, hệ thống chữ cái
alphabetic	a	,ælfə'betik/ (alphabetical) /,æflə'betikbl	bảng chữ cái hệ thống chữ cái
alphabetical	n		xem alphabetic
alphabetically	d	,ælfə'betikəli	theo thứ tự abc
alphabetise	v	ælfəbetaiz/ (alphabetize) /ælfəbetaiz	sắp xếp theo thứ tự abc
alphabetize	v	ælfəbetaiz/ (alphabetize) /ælfəbetaiz	sắp xếp theo thứ tự abc
alpine	a	'ælpain	dãy An-pơ, ở dãy An-pơ
alpinist	n	'ælpinist	người leo núi
already	d	ɔ:l'redi	đã, rồi; đã... rồi
alright	d		dùng như all right
alsace	n		rượu nho vùng An-dát
alsatian	n		chó An sát, chó bec giê Đức
also	d	'ɔ:lsou	cũng, cũng vậy
alt	n	ælt	nốt cao
altar	n	'ɔ:ltə	bàn thờ, bệ thờ
alter	v	'ɔ:ltə	thay đổi, biến đổi
alterability	n	,ɔ:ltərə'biliti/ (alterableness) /'ɔ:ltərəblnis	tính có thể thay đổi, tính có thể sửa đổ
alterable	a	'ɔ:ltərəbl	có thể thay đổi, có thể sửa đổi
alterableness	n	,ɔ:ltərə'biliti/ (alterableness) /'ɔ:ltərəblnis	tính có thể thay đổi, tính có thể sửa đổ
alteration	n	,ɔ:ltə'reiʃn	sự thay đổi, sự đổi
alterative	a	'ɔ:ltərətiv	làm thay đổi, làm biến đổi
altercate	v	'ɔ:ltə:keit	cãi nhau, cãi lộn
altercation	n	,ɔ:ltə:'keiʃn	cuộc cãi nhau
alternant	a	ɔ:l'tə:nənt	xen kẽ
alternate	a	ɔ:l'tə:nit	xen kẽ, xen nhau
alternating	a	'ɔ:ltə:neitiɳ	xen kẽ, xen nhau
alternation	n	,ɔ:ltə'neiʃn	sự xen nhau, sự xen kẽ
alternative	a	ɔ:l'tə:nətiv	xen nhau, thay đổi nhau
alternatively	d		như một sự lựa chọn
alternativity	n	ɔ:l'tə:nə'tiviti	khả năng chọn lựa
alternator	n	'ɔ:ltəneitə	máy dao điện
although	c	ɔ:l'ðou	dẫu cho, mặc dù
altigraph	n	'æltigrɑ:f	máy ghi độ cao
altimeter	n	'æltimi:tə	cái đo độ cao
altitude	n	'æltitju:d	độ cao so với mặt biển)
alto	n	'æltou	giọng nữ trầm, giọng nam cao
altogether	d	,ɔ:ltə'geðə	hoàn toàn, hầu
altogetherness	n	,ɔ:ltə'geðənis	tính chất toàn thể, tính chất toàn bộ
altruism	n	'æltruizm	chủ nghĩa vị tha
altruist	n	'æltruist	người theo chủ nghĩa vị tha, người vị th
altruistic	a	,æltru'istik	chủ nghĩa vị tha
alum	n	'æləm	phèn
alumina	n	ə'lju:minə	Alumin
aluminium	n	,ælju'minjəm	nhôm
aluminous	a	ə'lju:minəs	phèn, có phèn
aluminum	n	ə'ljuminəm	aluminium
alumna	n	ə'lʌmnə	nữ học sinh, nữ học sinh đại học
alumnae	n	ə'lʌmnə	nữ học sinh, nữ học sinh đại học
alumni	n	ə'lʌmnəs	học sinh, học sinh đại học
alumnus	n	ə'lʌmnəs	học sinh, học sinh đại học
alveolar	a	æl'viələ	túi phôi
alveolate	a	æl'viəlit	có lỗ như tổ ong
alveoli	n	æl'viələs	hốc nhỏ, ổ
alveolus	n	æl'viələs	hốc nhỏ, ổ
always	d	'ɔ:lwəz	luôn luôn, lúc nào cũng
amah	n	'ɑ:mə	vú em, bõ
amain	d	ə'mein	hết sức sôi nổi, hết sức nhiệt tình
amalgam	n	ə'mælgəm	hỗn hống
amalgamate	v	ə'mælgəmeit	hỗn hống hoá
amalgamated	a	ə'mælgəmeitid	đã hỗn hồng
amalgamation	n	ə,mælgə'meiʃn	sự hỗn hồng hoá
amalgamator	n	ə'mælgəmeitə	máy hỗn hống
amanita	n	,æmə'naitə	nấm amanit
amanuenses	n	ə,mænju'ensi:z/ (amanuensis) /ə,mænju'ensis	người biên chép, người thư ký
amanuensis	n	ə,mænju'ensi:z/ (amanuensis) /ə,mænju'ensis	người biên chép, người thư ký
amaranth	n	'æmərænθ	hoa không tàn
amaranthine	a	,æmə'rænθain	đỏ tía
amaryllidaceous	a	,æmərili'deiʃəs	họ thuỷ tiên
amaryllis	n	,æmə'rilis	hoa loa kèn đỏ
amass	v	ə'mæs	chất đống, tích luỹ
amassment	n	ə'mæsmənt	sự chất đống, sự tích luỹ
amateur	n	'æmətə:	tài tử, người ham chuộng
amateurish	a	,æmə'təri:ʃ	tài tử, nghiệp dư
amateurishness	n	,æmə'tə:riʃnis	amateurism
amateurism	n	,æmə'tə:rizm	tính chất tài tử, tính chất nghiệp dư
amative	a	'æmətiv	đa tình, thích yêu đương
amativeness	n	'æmətivnis	tính đa tình, tính thích yêu đương
amatol	n	'æmətɔl	Amaton
amatory	a	'æmətəri	yêu đương, biểu lộ tình yêu
amaurosis	n	,æmɔ:'rousis	chứng thanh manh
amaze	v	ə'meiz	làm kinh ngạc, làm sửng sốt
amazedly	d	ə'meizidli	kinh ngạc, sửng sốt
amazement	n	ə'meizmənt	sự kinh ngạc, sự sửng sốt
amazing	a	ə'meiziɳ	làm kinh ngạc, làm sửng sốt
amazingly	d		đáng kinh ngạc, đến không ngờ
amazon	n	'æməzən	sông A-ma-zôn
amazonian	a		có vóc dáng như đàn ông
ambages	n	æm'beidʤi:z	lời nói quanh co, thủ đoạn quanh co
ambassador	n	æm'bæsədə	đại sứ
ambassadorial	a	æm,bæsə'dɔ:riəl	đại sứ
ambassadress	n	æm'bæsədris	nữ đại sứ
amber	n	'æmbə	hổ phách
ambergris	n	'æmbəgri:s	long diên hương
ambiance	n		môi trường, không khí của một địa điểm
ambidexter	a	'æmbi'dekstə	thuận cả hai tay
ambidexterity	n	'æmbideks'teriti/ (ambidexterousness) /,æmbi'dekstrəsnis	sự thuận cả hai tay
ambidexterous	a	'æmbi'dekstə	thuận cả hai tay
ambidexterousness	n	'æmbideks'teriti/ (ambidexterousness) /,æmbi'dekstrəsnis	sự thuận cả hai tay
ambidextrous	a	'æmbi'dekstə	thuận cả hai tay
ambidextrousness	n	'æmbideks'teriti/ (ambidexterousness) /,æmbi'dekstrəsnis	sự thuận cả hai tay
ambience	n		môi trường, không khí của một địa điểm
ambient	a	'æmbiənt	bao quanh, ở xung quanh
ambiguity	n	,æmbi'gju:iti/ (ambiguousness) /æm'bigjuəsnis	sự tối nghĩa, sự không rõ nghĩa
ambiguous	a	æm'bigjuəs	tối nghĩa
ambiguousness	n	,æmbi'gju:iti/ (ambiguousness) /æm'bigjuəsnis	sự tối nghĩa, sự không rõ nghĩa
ambit	n	'æmbit	đường bao quanh, chu vi
ambition	n	æm'biʃn	hoài bão, khát vọng
ambitious	a	æm'biʃəs	có nhiều hoài bão, có nhiều khát vọng
ambitiousness	n	æm'bigjuəsnis	sự có nhiều khát vọng, sự có nhiều tham
ambivalence	n	'æmbi'veiləns	sự vừa yêu, vừa ghét
ambivalent	a	'æmbi'veilənt	vừa yêu, vừa ghét
amble	n	'æmbl	sự đi nước kiệu, nước kiệu
ambler	n	'æmblə	ngựa đi nước kiệu
amblyopia	n	,æmbli'oupjə	chứng giảm sức nhìn
amblyopic	a	,æmbli'ɔpik	bị giảm sức nhìn
ambrosia	n	æm'brouzjə	thức ăn của thần thánh
ambrosial	a	æm'brouzjəl	thơm tho như thức ăn của thần tiên
ambulance	n	'æmbjuləns	xe cứu thương, xe cấp cứu
ambulant	a	'æmbjulənt	di chuyển bệnh
ambulatory	a	'æmbjulətəri	sự đi lại, dùng để đi lại
ambury	n	'ænbəri/ (ambury) /'æmbəri	u mềm
ambuscade	v	,æmbəs'keid	phục kích, mai phục
ambush	n	'æmbuʃ	cuộc phục kích, cuộc mai phục
ameba	n	ə'mi:bə	amoeba
amebae	n	ə'mi:bə	amoeba
ameliorate	v	ə'mi:ljəreit	làm tốt hơn, cải thiện
amelioration	n	ə,mi:ljə'reiʃn	sự làn cho tốt hơn, sự cải thiện
ameliorative	a	ə'mi:ljərətiv	làm cho tốt hơn, để cải thiện
ameliorator	n	ə'mi:ljəreitə	người làn cho tốt hơn, người cải thiện
amen	i	'ɑ:'men	A-men
amenability	n	ə,mi:nə'biliti/ (amenableness) /ə'mi:nəblnis	sự chịu trách nhiệm
amenable	a	ə'mi:nəbl	chịu trách nhiệm, phải chịu
amenableness	n	ə,mi:nə'biliti/ (amenableness) /ə'mi:nəblnis	sự chịu trách nhiệm
amenably	d	ə'mi:nəbli	tuân theo, theo đúng
amend	v	ə'mend	sửa cho tốt hơn, làm cho tốt hơn
amendment	n	ə'mendmənt	sự cải tà quy chánh
amends	n	ə'mendz	sự đền, sự bồi thường
amenity	n	ə'mi:niti	tính nhã nhặn, tính hoà nhã
amenorrhea	n	'eimenɔ'ri:ə/ (amenorrhoea) /'eimenɔ'ri:ə	sự mất kinh
amenorrhoea	n	'eimenɔ'ri:ə/ (amenorrhoea) /'eimenɔ'ri:ə	sự mất kinh
ament	n	ə'mentəm	đuôi sóc
amenta	n	ə'mentəm	đuôi sóc
amentaceous	a	,æmen'teiʃɔs	cỏ cụm hoa đuôi sóc
amentia	n	ei'menʃiə	sự ngu si, sự đần độn
amentiferous	a	,æmen'tifərəs	mang cụm hoa đuôi sóc
amentiform	a	ə'mentifɔ:m	hình đuôi sóc
amentum	n	ə'mentəm	đuôi sóc
amerce	v	ə'mə:s	bắt nộp phạt, phạt vạ
amercement	n	ə'mə:smənt	sự bắt nộp phạt, sự phạt vạ
america	n		châu Mỹ
american	a	ə'merikən	Châu Mỹ, nước Mỹ
americana	n		bộ sưu tập văn minh Mỹ
americanise	v	ə'merikənɑiz/ (Americanise) /ə'merikənɑiz	Mỹ hoá
americanism	n	ə'merikənizm	từ ngữ đặc Mỹ
americanization	n	ə,merikənai'zeiʃn	sự Mỹ hoá
americanize	v	ə'merikənɑiz/ (Americanise) /ə'merikənɑiz	Mỹ hoá
americium	n	,æmə'risiəm	Ameriđi
amerind	n	'æmərind	người thổ dân da đỏ, người Et-ki-mô
amethyst	n	'æmiθist	Ametit, thạch anh tím
amethystine	a	,æmi'θistain	thạch anh tím, bằng thạch anh tím
ametropy	n	æ'mitrəpi	chứng loạn khúc xạ
amiability	n	,eimjə'biliti/ (amiableness) /'eimjəblnis	sự tử tế, sự tốt bụng
amiable	a	'eimjəbl	tử tế, tốt bụng
amiableness	n	,eimjə'biliti/ (amiableness) /'eimjəblnis	sự tử tế, sự tốt bụng
amianthus	n	,æmi'ænθəs	Amiăng
amicability	n	'æmikəblnis/ (amicability) /,æmikə'biliti	sự thân ái, sự thân mật
amicable	a	'æmikəbl	thân ái, thân mật
amicableness	n	'æmikəblnis/ (amicability) /,æmikə'biliti	sự thân ái, sự thân mật
amicably	d		thân thiện, thân tình
amice	n	'æmis	khăn lễ
amid	p	ə'mid/ (amidst) /ə'midst	giữa, ở giữa & )
amide	n	'æmaid/ (amidin) /'æmidin	Amit
amidin	n	'æmidin	Amiđin
amidol	n	'æmidɔl	Amiđola
amidships	d	ə'midʃips	ở giữa tàu
amidst	p	ə'mid/ (amidst) /ə'midst	giữa, ở giữa & )
amiga	n		Tên dòng máy tính Amiga
amigo	n		số nhiều amigos
amine	n	'æmain	Amin
amir	n		tiểu vương xứ A Rập
amiss	a	ə'mis	sai, hỏng
amitosis	n	,æmi'tousis	sự phân bào không tơ, sự trực phân
amity	n	'æmiti	tình hữu nghị, tình bạn
ammeter	n	'æmitə	cái đo ampe
ammiaceous	a	,æmi'eiʃəs	họ hoa tán
ammo	n	'æmou	của ammunition
ammonal	n	'æmənəl	thuốc nổ amonan
ammonia	n	ə'mounjə	Amoniac
ammoniac	a	ə'mouniæk	amoniac
ammoniacal	a	,æmou'naiəkəl	amoniac, có tính chất amoniac
ammonification	n	ə,mɔnifi'keiʃn	sự amoni hoá
ammonite	n	'æmənait	con cúc
ammonium	n	ə'mounjəm	Amoni
ammunition	n	,æmju'niʃn	đạn dược
amnesia	n	æm'ni:zjə	chứng quên
amnesiac	n		xem amnesia
amnesty	n	'æmnesti	sự ân xá
amnia	n	'æmniən	màng ối
amnion	n	'æmniən	màng ối
amniotic	n		xem amnion
amoeba	n	ə'mi:bə/ (amoebae) /ə'mi:bi:	Amip
amoebae	n	ə'mi:bə/ (amoebae) /ə'mi:bi:	Amip
amoebic	a	ə'mi:bik	amip, như amip
amoeboid	a	ə'mi:bɔid	amip, di động theo kiểu amip
amok	d	ə'mʌk/ (amok) /ə'mɔk	như một người điên cuồng lên
among	p	ə'mʌɳ/ (amongst) /ə'mʌɳst	giữa, ở giữa
amongst	p	ə'mʌɳ/ (amongst) /ə'mʌɳst	giữa, ở giữa
amoral	a	æ'mɔrəl	không luân lý, phi luân lý
amorist	n	'æmərist	người đa tình, người si tình
amorous	a	'æmərəs	đa tình, si tình
amorousness	n	'æmərəsnis	tính đa tình, sự si tình
amorphism	n	ə'mɔ:fizm	tính không có hình dạng nhất định, tính
amorphous	a	ə'mɔ:fəs	tính không có hình dạng nhất định, tính
amorphousness	n	ə'mɔ:fəsnis	tính không có hình dạng nhất định, tính
amortise	v	ə'mɔ:taiz/ (amortise) /ə'mɔ:taiz	truyền lại, để lại
amortization	n	ə,mɔ:ti'zeiʃn	sự truyền lại, sự để lại
amortize	v	ə'mɔ:taiz/ (amortise) /ə'mɔ:taiz	truyền lại, để lại
amount	n	ə'maunt	số lượng, số nhiều
amour	n	ə'muə	chuyện tình, chuyện yêu đương là bất chí
amourette	n	,æmu'ret	tình yêu phù phiếm, chuyện yêu đương lăn
amperage	n	'æmpeəridʤ	sự đo cường độ dòng điện
ampere	n	'æmpeə	Ampere
amperemeter	n	'æmpeə,mi:tə	cái đo ampe
ampersand	n	'æmpəsænd	ký hiệu &
amphetamine	n		thuốc có tác dụng kích thích
amphibia	n	æm'fibiə	lớp lưỡng cư
amphibian	a	æm'fibiən	lưỡng cư, vừa ở cạn vừa ở nước
amphibiology	n	,æmfibi'ɔlədʤi	lưỡng cư học
amphibious	a	æm'fibiəs	lưỡng cư, vừa ở cạn vừa ở nước
amphibiousness	n	æm'fibiəsnis	tính lưỡng cư, sự vừa ở cạn vừa ở nước
amphibological	a	,æmfibə'lɔdʤikəl	nước đôi, hai nghĩa
amphibology	n	,æmfi'bɔlədʤi	sự chơi chữ, câu nước đôi
amphictyony	n	æm'fiktiəni	đại nghị liên bang
amphigam	n	'æmfigæm	loài song giao
amphigamous	a	æm'figəməs	song giao
amphigenous	a	æm'fidʤinəs	sinh ở bên
amphigory	n	'æmfigəri/ (amphigouri) /,æmfi'gu:ri	lời văn vô nghĩa, lời văn phi lý
amphigouri	n	'æmfigəri/ (amphigouri) /,æmfi'gu:ri	lời văn vô nghĩa, lời văn phi lý
amphigouric	a	,æmfi'gu:rik	vô nghĩa, phi lý
amphimixis	n	,æmfi'miksis	sự phối hợp hai tính, sự song hợp
amphioxus	n	,æmfi'ɔksəs	con lưỡng tiêm
amphipod	n	'æmfipɔd	giáp xác chân hai loại
amphipoda	n	æm'fipədə	bộ chân hai loại
amphipodan	a	æm'fipədən	bộ chân hai loại
amphipodous	a	æm'fipədəs	có chân hai loại, bộ chân hai loại
amphiprostyle	a	æm'fiprəstail	có dây cột ở cả hai đầu
amphisbaena	n	,æmfis'bi:nə	rắn hai đầu
amphitheatre	n	'æmfi,θiətə	giảng đường
amphitheatrical	a	,æmfiθi'ætrikəl	giảng đường
amphitryon	n	æm'fitriən	chủ nhân, người thết tiệc
amphora	n	'æmfərə	vò hai quai
amphoric	a	æm'fɔrik	vò; như thổi qua cái vò
amphoteric	a	,æmfə'terik	; lưỡng tính
ample	a	'æmpl	rộng, lụng thụng
ampleness	n	'æmplnis	sự rộng, sự lụng thụng
amplexicaul	a	æm'pleksikɔ:l	ôm thân
ampliative	a	'æmliətiv	mở rộng
amplidyne	n	'æmplidain	Ampliđyn
amplification	n	,æmplifi'keiʃn	sự mở rộng
amplifier	n	'æmplifaiə	máy khuếch đại, bộ khuếch đại
amplify	v	'æmplifai	mở rộng
amplitude	n	'æmplitju:d	độ rộng, độ lớn
amply	d		dư dả, đầy đủ
ampoule	n	ampoule'æmpu:l/ (ampule) /'æmpju:l	Ampun, ống thuốc tiêm
ampule	n	ampoule'æmpu:l/ (ampule) /'æmpju:l	Ampun, ống thuốc tiêm
ampulla	n	æm'pulə	bình hai quai, bình để thờ cúng
ampullaceous	a	,æmpə'leiʃəs	hình bình
ampullae	n	æm'pulə	bình hai quai, bình để thờ cúng
amputate	v	'æmpjuteit	cắt cụt
amputation	n	,æmpju'teiʃn	thủ thuật cắt cụt
amputator	n	'æmpjuteitə	người cắt cụt
amputee	n	,æmpju'ti:	người cụt
amuck	d	ə'mʌk/ (amok) /ə'mɔk	như một người điên cuồng lên
amulet	n	'æmjulit	bùa
amusable	a	ə'mju:zəbl	có thể làm vui được, có thể giải trí đượ
amuse	v	ə'mju:z	làm vui, làm thích thú
amusement	n	ə'mju:zmənt	sự vui chơi, trò vui
amusing	a	ə'mju:ziɳ	vui, làm cho buồn cười
amusive	a	ə'mju:ziv	để làm cho vui, làm cho buồn cười
amygdalic	a	,æmig'dælik	có chất hạnh, giống hạt hạnh
amygdaloid	a	ə'migdəlɔid	tựa hạt hạnh
amyl	n	'æmil	Amyla
amylaceous	a	,æmi'leiʃəs	tinh bột
amylic	a	ə'mikil	Amylic
amyloid	a	'æmilɔid	dạng tinh bột
amylopsin	n	,æmi'lɔpsin	Amilopxin
an	c	æn, ən	; ; nếu
ana	n	'ɑ:nə	bản sưu tập những câu văn hay, bản sưu t
anabaptism	n	,ænə'bæptizm	sự làm lễ rửa tội lại
anabaptist	n	,ænə'bæptist	người làm lễ rửa tội lại
anabaptistical	a	,ænəbæp'tistikəl	giáo phái rửa tội lại
anabas	n	'ænəbæs	cá rô
anabatic	a	,ænə'bætik	do luồng khí bốc lên
anabiosis	n	,ænəbi'ousis	trạng thái tiềm sinh
anabolic	a	ænə'bɔlik	sự đồng hoá
anabolism	n	ə'næbəlizm	sự đồng hoá
anabranch	n	'ænəbrɑ:ntʃ	nhánh vòng
anacard	n	'ænəkɑ:d	quả đào lộn hột
anacardiaceous	a	,ænəkɑ:di'eiʃəs	họ đào lộn hột
anacardium	n	,ænə'kɑ:diəm	cây đào lộn hột
anachronic	a	,ænə'krɔnik	sai năm tháng, sai niên đại
anachronism	n	ə'nækrənizm	sự sai năm tháng, sự sai niên đại
anachronistic	a	ə'nækrə'nistik	sai năm tháng, sai niên đại
anaclastic	a	,ænə'klæstik	khúc xạ, có tính khúc xạ
anaclastics	n	,ænə'klæstiks	khúc xạ học
anacolutha	n	,ænəkə'lu:θɔn	câu văn mất liên tục
anacoluthon	n	,ænəkə'lu:θɔn	câu văn mất liên tục
anaconda	n	,ænə'kɔndə	con trăn, con boa
anacreontic	a	,ænækri'ɔntik	theo phong cách thơ trữ tình của A-na-cr
anacrusis	n	ə,nækri'ɔntik	âm tiết không trọng âm đầu câu
anadromous	a	ə'nædrəməs	ngược sông để đẻ
anaemia	n	ə'ni:mjə	bệnh thiếu máu
anaemic	a	ə'ni:mik	thiếu máu, xanh xao vì thiếu máu
anaerobe	n	ə'neiroub/ (anaerobium) /ə'neiroubjəm	vi khuẩn kỵ khí, vi sinh vật kỵ khí
anaerobia	n	ə'neiroub/ (anaerobium) /ə'neiroubjəm	vi khuẩn kỵ khí, vi sinh vật kỵ khí
anaerobian	a	,ænei'roubiən/ (anaerobic) /,æneə'rɔbik	kỵ khí
anaerobic	a	,ænei'roubiən/ (anaerobic) /,æneə'rɔbik	kỵ khí
anaerobium	n	ə'neiroub/ (anaerobium) /ə'neiroubjəm	vi khuẩn kỵ khí, vi sinh vật kỵ khí
anaesthesia	n	,ænis'θi:zjə/ (anesthesia) /,ænis'θetik	sự mất cảm giác
anaesthetic	a	,ænis'θetik	gây tê, gây mê
anaesthetise	v	æ'ni:sθitaiz/ (anaesthetise) /æ'ni:sθitaiz	làm mất cảnh giác
anaesthetist	n	æ'ni:sθitist	người gây mê
anaesthetization	n	æ,ni:sθitai'zeiʃn	sự làm mất cảm giác
anaesthetize	v	æ'ni:sθitaiz/ (anaesthetise) /æ'ni:sθitaiz	làm mất cảnh giác
anaglyph	n	'ænəglif	đồ chạm nổi thấp
anaglyphic	a	ænəg'lifik/ (anaglyphical) /ænəg'lifikəl	có hình chạm nổi thấp, chạm nổi thấp
anaglyphical	a	ænəg'lifik/ (anaglyphical) /ænəg'lifikəl	có hình chạm nổi thấp, chạm nổi thấp
anagnorisis	n	,ænəg'nɔrisis	sự thừa nhận, sự công nhận
anagoge	n	,ænə'goudʤi/ (anagogy) /'ænəgɔdʤi	phép giải thích kinh thánh theo nghĩa th
anagogic	a	,ænə'gɔdʤik/ (anagogical) /,ænə'rɔdʤikəl	phép giải thích kinh thánh theo nghĩa th
anagogical	a	,ænə'gɔdʤik/ (anagogical) /,ænə'rɔdʤikəl	phép giải thích kinh thánh theo nghĩa th
anagogy	n	,ænə'goudʤi/ (anagogy) /'ænəgɔdʤi	phép giải thích kinh thánh theo nghĩa th
anagram	n	'ænəgræm	phép đảo chữ cái
anagrammatic	a	,ænəgrə'mætik/ (anagrammatical) /,ænəgrə'mætikəl	phép đảo chữ cái
anagrammatical	a	,ænəgrə'mætik/ (anagrammatical) /,ænəgrə'mætikəl	phép đảo chữ cái
anagrammatise	v	,ænə'græmətaiz/ (anagrammatise) /,ænə'græmətaiz	viết theo lối đảo chữ cái
anagrammatism	n	,ænə'græmətizm	cách viết theo lối đảo chữ cái
anagrammatist	n	,ænə'græmətist	người giỏi viết theo lối đảo chữ cái
anagrammatize	v	,ænə'græmətaiz/ (anagrammatise) /,ænə'græmətaiz	viết theo lối đảo chữ cái
anal	a	'einəl	hậu môn
analecta	n	,ænə'lektə/ (analects) /'ænəlekts	sách văn tuyển
analects	n	,ænə'lektə/ (analects) /'ænəlekts	sách văn tuyển
analeptic	a	,ænə'letik	hồi sức, tăng sức
analgesia	n	,ænæl'dʤi:zjə	chứng mất cảm giác đau
analgesic	a	,ænæl'dʤesik/ (analgetic) /,ænæl'dʤetik	làm mất cảm giác đau, làm giảm đau
analgetic	a	,ænæl'dʤesik/ (analgetic) /,ænæl'dʤetik	làm mất cảm giác đau, làm giảm đau
analog	n		tương tự
analogic	a	,ænə'lɔdʤikəl/ (analogic) /,ænə'lɔdʤik	sắp đặt lấy tính giống nhau làm tiêu chu
analogical	a	,ænə'lɔdʤikəl/ (analogic) /,ænə'lɔdʤik	sắp đặt lấy tính giống nhau làm tiêu chu
analogise	v	ə'nælədʤaiz/ (analogize) /ə'nælədʤaiz	giải thích bằng sự giống nhau, biểu thị
analogist	n	ə'nælədʤist	người dùng phép loại suy
analogize	v	ə'nælədʤaiz/ (analogise) /ə'nælədʤaiz	giải thích bằng sự giống nhau, biểu thị
analogous	a	ə'næləgəs	tương tự, giống nhau
analogousness	n	ə'næləgəsnis	tính tương tự, tính giống nhau
analogue	n	'ænəlɔg	vật tương tự, lời tương tự
analogy	n	ə'nælədʤi	sự tương tự, sự giống nhau
analphabet	n	ə'nælfəbet/ (analphabetic) /ə'nælfbetik	người mù chữ
analphabetic	n	ə'nælfəbet/ (analphabetic) /ə'nælfbetik	người mù chữ
analysability	n	,ænəlaizə'biliti	tính có thể phân tích
analysable	a	'ænəlaizəbl	có thể phân tích
analyse	v	'ænəlaiz	phân tích
analyser	n	'ænəlaizə	dụng cụ phân tích, máy phân tích
analyses	n	ə'næləsis	sự phân tích
analysis	n	ə'næləsis	sự phân tích
analyst	n	'ænəlist	người phân tích
analytic	a	,ænə'litik	phân tích
analytical	a	,ænə'litikəl	dùng phép phân tích
analytics	n	,ænə'litiks	môn phân tích
analyze	v	'ænəlaiz	phân tích
analyzer	v	'ænəlaiz	phân tích
anamnesis	n	,ænæm'ni:sis	sự hồi tưởng, ký ức
anamorphosis	n	,ænə'mɔ:fəsis	hình méo mó, hình kỳ dị
ananas	n	ə'nɑ:nəs	quả dứa
anandrous	a	æ'nændrəs	không có nhị
ananias	n	,ænə'naiəs	người nói dối, kẻ điêu ngoa
anapaest	n	'ænəpi:st	thể thơ anapet
anapaestic	a	,ænə'pi:stik	thể thơ anapet
anapest	n	'ænəpest/ (anapestic) /,ænə'pestik	anapaest
anapestic	n	'ænəpest/ (anapestic) /,ænə'pestik	anapaest
anaphase	n	'ænəfeiz	pha sau
anaphora	n	ə'næfərə	phép trùng lặp
anaphoric	a	,ænə'fɔrik	phép trùng lặp
anaphylactic	n		xem anaphylaxis
anaphylaxis	n	,ænəfi'læksis	tính quá mẫn
anaplastic	a	,ænə'plæstik	thuật tự ghép
anaplasty	n	'ænəplæsti	thuật tự ghép
anarch	n	'ænɑ:k	thủ lĩnh, người cầm đầu cuộc nổi dậy
anarchic	a	ə'nɑ:kikəl/ (anarchic) /ə'nɑ:kik	vô chính phủ
anarchical	a	ə'nɑ:kikəl/ (anarchic) /ə'nɑ:kik	vô chính phủ
anarchism	n	'ænəkizm	chủ nghĩa vô chính phủ
anarchist	n	'ænəkist	người theo chủ nghĩa vô chính phủ, người
anarchy	n	'ænəki	tình trạng vô chính phủ
anarthrous	a	ə'nɑ:θrəs	dùng không có mạo từ
anasarca	n	,ænə'sɑ:kə	chứng phù toàn thân
anasarcous	a	,ænə'sɑ:kəs	phù toàn thân
anastatic	a	,ænə'stætik	nổi
anastigmat	n	æ'næstigmæt	kính chính thị, cái anaxtimat
anastigmatic	a	æ,næstig'mætik	chính thị anaxtimatic
anastomose	v	ə'næstəmouz	nối nhau
anastomoses	n	,ænəstə'mousis	sự nối
anastomosis	n	,ænəstə'mousis	sự nối
anastrophe	n	æ'næstrəfi	phép đảo
anathema	n	ə'næθimə	lời nguyền rủa
anathematic	a	ə,næθi'mætikəl/ (anathematic) /ə,næθi'mætik	ghê tởm, đáng ghét
anathematical	a	ə,næθi'mætikəl/ (anathematic) /ə,næθi'mætik	ghê tởm, đáng ghét
anathematise	v	ə'næθimətais/ (anathematise) /ə'næθimətais	rủa, nguyền rủa
anathematize	v	ə'næθimətais/ (anathematise) /ə'næθimətais	rủa, nguyền rủa
anatomical	a	,ænə'tɔmikəl	khoa giải phẫu
anatomically	d		về phương diện giải phẫu
anatomise	v	ə'nætəmaiz/ (anatomise) /ə'nætəmaiz	mổ xẻ, giải phẫu
anatomist	n	ə'nætəmist	nhà mổ xẻ, nhà giải phẫu
anatomize	v	ə'nætəmaiz/ (anatomise) /ə'nætəmaiz	mổ xẻ, giải phẫu
anatomy	n	ə'nætəmi	thuật mổ xẻ
anatropous	a	ə'nætrəpəs	ngược
anatta	n	ə'nætə/ (anatta) /ə'nætou	màu cá vàng
anatto	n	ə'nætə/ (anatta) /ə'nætou	màu cá vàng
anbury	n	'ænbəri/ (ambury) /'æmbəri	u mềm
ance	n	'ækni	mụn trứng cá
ancestor	n	'ænsistə	ông bà, tổ tiên
ancestral	a	æn'sestrəl	ông bà, tổ tiên
ancestress	n	'ænsistris	bà, tổ mẫu
ancestry	n	'ænsistri	tổ tiên, tổ tông
anchor	n	'æɳkə	cái neo, mỏ neo
anchorage	n	'æɳkəridʤ	sự thả neo, sự bỏ neo
anchored	a	'æɳkəd	đậu, tả neo
anchoress	n	'æɳkəris/ (ancress) /'æɳkris	người đàn bà ở ẩn, nữ ẩn sĩ
anchoret	n	'æɳkəret/ (anchoret) /'æɳkərait	người ở ẩn, ẩn sĩ
anchoretic	a	,æɳkə'retik	người ở ẩn, ẩn đặt
anchorite	n	'æɳkəret/ (anchoret) /'æɳkərait	người ở ẩn, ẩn sĩ
anchovy	n	'æntʃəvi	cá trống
anchylose	v	'æɳkilouz	làm cứng khớp
anchylosis	n	,æɳkai'lousis	bệnh cứng khớp
ancient	n	'einʃənt	xưa, cổ
ancientness	n	'einʃəntris/ (ancientry) /'einʃəntri	tình trạng cổ xưa, tình trạng lâu năm
ancientry	n	'einʃəntri	ancientness
ancillary	a	æn'siləri	phụ thuộc, lệ thuộc
ancon	n	'æɳkɔn	cùi tay, khuỷ tay
ancress	n	'æɳkəris/ (ancress) /'æɳkris	người đàn bà ở ẩn, nữ ẩn sĩ
and	c	ænd, ənd, ən	và, cùng, với
andante	d	æn'dænti	thong thả
andantino	d	,ændæn'ti:nou	hơi hơi nhanh
andiron	n	'ændaiən	vỉ lò
androecium	n	æn'dri:ʃiəm	bộ nhị
androgen	n	'ændrədʤən	Hocmon nam
androgyne	n	æn'drɔdʤin	người ái nam ái nữ
androgynous	a	æn'drɔdʤinəs	ái nam ái nữ
android	n		người máy, máy có nhân tính
andromeda	n	æn'drɔmidə	chòm sao tiên nữ
anecdotage	n	'ænikdoutidʤ	chuyện vặt, giai thoại
anecdotal	a	,ænek'doutl	chuyện vặt, giai thoại
anecdote	n	'ænikdout	chuyện vặt, giai thoại
anecdotic	a	,ænek'dɔtik/ (anecdotical) /,ænek'dɔtikəl	chuyện vặt, chuyện giai thoại
anecdotical	a	,ænek'dɔtik/ (anecdotical) /,ænek'dɔtikəl	chuyện vặt, chuyện giai thoại
anecdotist	n	'ænikdoutist	người kể chuyện vặt, người kể chuyện gia
anele	v	ə'ni:l	xức dầu thánh, bôi dầu
anemia	n		bệnh thiếu máu
anemic	a		thiếu máu, xanh xao vì thiếu máu
anemograph	n	ə'neməgrɑ:f	máy ghi gió
anemographic	a	ə,nemə'græfik	phép ghi gió
anemometer	n	,æni'mɔmitə	cái đo gió
anemometric	a	,ænimou'metrik	phép đo gió
anemometry	n	,æni'mɔmitri	phép đo gió
anemone	n	ə'neməni	cò chân ngỗng
anemophilous	a	,æmi'mɔfiləs	truyền phấn nhờ gió
anemoscope	n	ə'neməskoup	máy nghiệm gió
anent	p	ə'nent	, về, liên quan với, quan hệ với
aneroid	n	ænərɔid	cái đo khí áp hộp aneroid barometer)
anesthesia	n	,ænis'θi:zjə/ (anesthesia) /,ænis'θetik	sự mất cảm giác
anesthetic	a	,ænis'θetik	gây tê, gây mê
anethum	n	'æniθʌm	cây thì là
aneurism	n	'ænjuərizm/ (aneurysm) /'ænjuərizm	chứng phình mạch
aneurismal	a	,ænjuə'risməl/ (aneurysmal) /,ænjuə'risməl	chứng phình mạch
aneurysm	n	'ænjuərizm/ (aneurysm) /'ænjuərizm	chứng phình mạch
aneurysmal	a	,ænjuə'risməl/ (aneurysmal) /,ænjuə'risməl	chứng phình mạch
anew	d	ə'nju:	lại, một lần nữa
anfractuosity	n	,ænfræktju'ɔsiti	tình trạng quanh co khúc khuỷu, chỗ khúc
anfractuous	a	æn'fræktjuəs	quanh co, khúc khuỷu
angary	n	'æɳgəri	quyền sử hoại
angel	n	'eindʤəl	thiên thần, thiên sứ
angelic	a	æn'dʤəlikəl/ (angelic) /æn'dʤəlik	thiên thần, giống thiên thần
angelica	n	æm'dʤelikə	cây bạch chỉ
angelical	a	æn'dʤəlikəl/ (angelic) /æn'dʤəlik	thiên thần, giống thiên thần
angelus	n	'ændʤiləs	kinh đức bà
anger	n	'æɳgə	sự tức giận, sự giận dữ
angina	n	æn'dʤainə	bệnh viêm họng
anginose	a	æn'dʤainəs/ (anginose) /æn'dʤainouz	bệnh viêm họng
anginous	a	æn'dʤainəs/ (anginose) /æn'dʤainouz	bệnh viêm họng
angioma	n	,ændʤi'oumə	u mạch
angiosperm	n	'ændʤiəspə:m	cây hạt kín
angiospermous	a	,ændʤiəs'pə:məs	cây hạt kín, có hạt kín
angle	n	'æɳgl	góc
angled	a	'æɳgld	có góc, có góc cạnh
angler	n	'æɳglə	người câu cá
angleworm	n	'æɳglwə:m	giun làm mồi câu
anglican	a	'æɳglikən	giáo phái Anh
anglicanism	n	'æɳglikənizm	giáo phái Anh
anglice	d	'æɳglisi	bằng tiếng Anh
anglicise	v	'æɳglisaiz/ (Anglicise) /'æɳglisaiz	Anh hoá
anglicism	n	'æɳglisizm	từ ngữ đặc Anh
anglicize	v	'æɳglisaiz/ (Anglicise) /'æɳglisaiz	Anh hoá
angling	n	'æɳgliɳ	sự đi câu cá
anglo	n		người Canada mà tiếng Anh là mẹ đẻ
anglomania	n	'æɳglou'meinjə	sự sùng Anh
anglomaniac	n	'æɳglou'meiniæk	người quá sùng Anh, người hay bắt chước
anglophile	a	'æɳgloufail	thân Anh
anglophobe	a	'æɳgloufoub	bài Anh
anglophobia	n	'æɳglou'foubjə	sự bài Anh, chủ trương bài Anh
angola	n	æɳ'gɔ:rə/ (angola) /æɳ'goulə	mèo angora angora cat)
angora	n	æɳ'gɔ:rə/ (angola) /æɳ'goulə	mèo angora angora cat)
angostura	n	,æɳgɔs'tjuərə/ (angustura) /,æɳgəs'tjuərə	vỏ angotua
angrily	d	'æɳgrili	tức giận, giận dữ
angry	a	'æɳgri	giận, tức giận
angst	n		cảm giác lo lắng, tội lỗi hoặc hối hận
anguine	a	'æɳgwin	rắn, như rắn
anguish	n	'æɳgwiʃ	nỗi đau đớn, nỗi thống khổ
anguished	a		đau khổ
angular	a	'æɳgjulə	góc
angularity	n	,æɳgju'læriti/ (angularness) /'æɳgjulənis	sự có góc, sự thành góc
angularly	d	'æɳgjuləli	có góc, có góc cạnh
angularness	n	,æɳgju'læriti/ (angularness) /'æɳgjulənis	sự có góc, sự thành góc
angulate	a	'æɳgjuleit	có góc, có góc cạnh
angulation	n	,æɳgju'leiʃn	sự làm thành góc, sự tạo thành góc
angustifoliate	a	æɳ,gʌti'fouliit	có lá hẹp
angustura	n	,æɳgɔs'tjuərə/ (angustura) /,æɳgəs'tjuərə	vỏ angotua
anhelation	n	,ænhi'leiʃn	sự đoản hơi
anhelous	a	æn'hi:ləs	đoản hơi
anhydride	n	æn'haidraid	Anhydrit
anhydrite	n	æn'haidrait	thạch cao khan
anhydrous	a	æn'haidrəs	khan
aniconic	a	,ænai'kɔnik	không có hình như người, không có hình n
anicut	n	'ænikʌt/ (annicut) /'ænikʌt	đập nước
anigh	d	ə'nai	gần
anil	n	'ænil	cây chàm
anile	a	'einail	bà già, có tính bà già
aniline	n	'ænili:n	Anilin
anility	n	æ'niliti	tính lẩm cẩm, tính lẩn thẩn
animadversion	n	,ænimæd'və:ʃn	sự khiển trách, sự chỉ trích
animadvert	v	,ænimæd'və:t	+ on, upon) khiển trách
animal	n	'æniməl	động vật, thú vật
animalcular	a	,æni'mælkjulə	vi động vật
animalcule	n	,æni'mælkju:l	vi động vật
animalise	v	'æniməlaiz/ (animalise) /'æniməlaiz	động vật hoá
animalism	n	'æniməlizm	hoạt động của động vật, tính động vật
animalist	n	'æniməlist	kẻ cho thuyết người là thú
animality	n	,æni'mæliti	tính động vật, tính thú
animalization	n	,æniməlai'zeiʃn	sự động vật hoá
animalize	v	'æniməlaiz/ (animalise) /'æniməlaiz	động vật hoá
animate	a	'ænimit	có sinh khí, có sức sống
animated	a	'ænimeitid	đầy sức sống, đầy sinh khí
animation	n	,æni'meiʃn	lòng hăng hái, nhiệt tình
animato	d	,ɑ:ni'mɑ:tou	hoạt động sôi nổi
animator	n	'ænimeitə	người cổ vũ
animism	n	'ænimizm	thuyết vật linh
animist	n	'ænimist	người theo thuyết vật linh
animistic	a	,æni'mistik	thuyết vật linh
animosity	n	,æni'mɔsiti	sự thù oán, hận thù
animus	n	'æniməs	tinh thần phấn chấn
anion	n	'ænaiən	Anion
anise	n	'ænis	cây anit họ hoa tán
aniseed	n	'ænisi:d	hạt anit
anisette	n	,æni'zet	rượu anit
anisodactylous	a	,ænaisə'dæktiləs	có chân khác
anisomeric	a	,naisou'merik	không đồng phân
anisomerous	a	,ænai'sɔmərəs	không cùng mẫu
anisometric	a	,ænaisou'metrik	không đẳng trục
anisometropia	n	,ænaisəmi'troupjə	tật chiết quang mắt không đều
anisopetalous	a	,ænaisə'petələs	không đều cánh
anisophyllous	a	,ænaisə'filəs	không đều lá
anisopia	n	,ænai'soupjə	tật nhìn không đều, chứng dị thị
anisotropic	a	,ænaisə'trɔpik	không đẳng hướng
anisotropy	n	,ænai'sɔtrəpi	tính không đẳng hướng
anker	n	'ænkə	Anke
ankh	n	æɳk	chữ thập chìa khoá
ankle	n	'æɳkl	mắt cá chân
anklet	n	'æɳklit	vòng
anna	n	'ænə	đồng anna
annalist	n	'ænəlist	người chép sử biên niên
annalistic	a	,ænə'listik	nhà chép sử biên niên
annals	n	'ænlz	biên niên
annates	n	'ænits	thuế annat, thuế tăng lữ
anneal	v	ə'ni:l	u, tôi, thấu
annectent	a	ə'nektənt	kết hợp, để liên kết
annelid	n	'ænilid	giun đốt
annelida	n	ə'nelidə	lớp giun đót
annelidan	a	ə'nelidən	giun đốt
annex	v	ə'neks	phụ vào, phụ thêm
annexable	a	ə'neksəbl	có thể phụ thêm vào, phụ lục
annexation	n	,ænek'seiʃn	sự phụ vào, sự thêm vào
annexe	v	ə'neks	phụ vào, phụ thêm
annicut	n	'ænikʌt/ (annicut) /'ænikʌt	đập nước
annihilable	a	ə'naiələbl	có thể tiêu diệt, có thể tiêu huỷ
annihilate	v	ə'naiəleit	tiêu diệt, tiêu huỷ
annihilation	n	ə,naiə'leiʃn	sự tiêu diệt, sự tiêu huỷ
annihilationism	n	ə,naiə'leiʃənizm	cho rằng linh hồn người có tội nếu không
annihilationist	n	ə,naiə'leiʃənist	người theo thuyết tịch diệt
annihilator	n	ə'naiəleitə	người tiêu diệt, người tiêu huỷ
anniversary	n	,æni'və:səri	ngày kỷ niệm, lễ kỷ niệm
annonaceae	n	,ænə'neisii:/ (anonaceae) /,ænə'neisii:	họ na
annotate	v	'ænouteit	chú giải, chú thích
annotation	n	,ænou'teiʃn	sự chú giải, sự chú thích
annotator	n	'ænouteitə	người chú giải, người chú thích
announce	v	ə'nauns	báo, loan báo
announcement	n	ə'naunsmənt	lời rao, lời loan báo
announcer	n	ə'naunsə	người loan báo, người báo tin
annoy	v	ə'nɔi	làm trái ý, làm khó chịu
annoyance	n	ə'nɔiəns	sự làm rầy, sự quấy rày
annoyed	a	ə'nɔid	bị trái ý, khó chịu
annoying	a	ə'nɔiiɳ	làm trái ý, làm khó chịu
annoyingly	n		xem annoying
annual	a	'ænjuəl	hàng năm, năm một
annually	d	'ænjuəli	hàng năm, năm một
annuitant	n	ə'nju:itənt	người có trợ cấp hàng năm
annuity	n	ə'nju:iti	tiền góp hằng năm, tiền trả hằng năm
annul	v	ə'nʌl	bỏ, bãi bỏ, huỷ bỏ, thủ tiêu
annular	a	'ænjulə	hình vòng, hình khuyên
annulary	n	'ænjuləri	ngón nhẫn
annulate	a	'ænjuleit/ (annulated) /'ænjuleitid	có đốt
annulated	a	'ænjuleit/ (annulated) /'ænjuleitid	có đốt
annulation	n	,ænju'leiʃn	sự kết thành vòng
annulet	n	'ænjulet	vòng nhỏ
annullable	a	ə'nʌləbl	có thể bỏ được, có thể bãi bỏ được
annulment	n	ə'nʌlmənt	sự bỏ, sự bãi bỏ
annuloid	a	'ænjulɔid	dạng vòng
annulose	a	'ænjulous	có đốt
annunciate	v	ə'nʌnʃieit	công bố, loan báo
annunciation	n	ə,nʌnsi'eiʃn	sự công bố, sự loan báo
annunciator	n	ə'nʌnʃieitə	người công bố, người loan báo
anocarpous	a	,ænou'kɑ:pəs	mang bào tử ngọn
anodal	a	'ænoudəl	anôt, cực dương
anode	n	'ænoud	cực dương, anôt
anodic	a	æ'nɔdik	anôt, cực dương
anodyne	a	'ænoudain	làm dịu, làm giảm đau
anoesis	n	,nou'i:sis	trạng thái tỉnh nhưng không suy nghĩ đượ
anoetic	a	,ænou'etik	tỉnh nhưng không suy nghĩ được
anoint	v	ə'nɔint	xức dầu, thoa dầu
anointment	n	ə'nɔintmənt	sự xức dầu, sự thoa dầu
anomalistic	a	ə,nɔmə'listik	điểm gần mặt trời nhất
anomalous	a	ə'nɔmələs	bất thường, dị thường
anomalousness	n	ə'nɔmələsnis	sự bất thường, sự dị thường
anomaly	n	ə'nɔməli	sự không bình thường, sự dị thường
anomocarpous	a	,ænəmə'kɑ:pəs	có quả bất thường
anon	d	ə'nɔn	không bao lâu nữa, lập tức
anonaceae	n	,ænə'neisii:/ (anonaceae) /,ænə'neisii:	họ na
anonym	n	'ænənim	biệt hiệu, bí danh
anonymity	n	,ænə'nimiti	tình trạng giấu tên, tình trạng nặc danh
anonymous	a	ə'nɔniməs	giấu tên, vô danh
anonymously	d		ẩn danh, nặc danh
anonymousness	n	ə'nɔniməsnis	sự giấu tên, sự nặc danh
anopheles	n	ə'nɔfili:z	muỗi anôfen anopheles mosquito)
anorak	n	'ænəræk	áo ngoài có mũ trùm đầu
anorexia	n	,ænou'reksi/ (anorexia) /,ænou'reksiə	chứng biếng ăn, chứng chán ăn
anorexy	n	,ænou'reksi/ (anorexia) /,ænou'reksiə	chứng biếng ăn, chứng chán ăn
anorganic	a	,ænɔ:'gænik	vô cơ
anosmia	n	æ'nɔsmiə	chứng mất khứu giác
another	a	ə'nʌðə	khác
anourous	a	ə'nuərəs/ (anurous) /ə'nju:rəs	không có đuôi
anoxaemia	n	,ænɔk'si:miə/ (anoxia) /æ'nɔksiə	sự thiếu oxy huyết
anoxia	n	,ænɔk'si:miə/ (anoxia) /æ'nɔksiə	sự thiếu oxy huyết
ansate	a	'ænseit	có quai
anserine	a	'ænsərain	loài ngỗng, như loài ngỗng
answer	n	'ɑ:nsə	sự trả lời, câu trả lời
answerable	a	'ɑ:nsərəbl	có thể trả lời được
answerer	n	'ɑ:nsərə	người trả lời, người đáp lại
answerphone	n		máy tự động trả lời các cú điện thoại và
ant	n	ænt	con kiến
antacid	a	'ænt'æsid	làm giảm độ axit, chống axit
antagonise	v	æn'tægənaiz/ (antagonise) /æn'tægənaiz	gây phản tác dụng, trung hoà
antagonism	n	æn'tægənizm	sự phản đối, sự phản kháng
antagonist	n	æn'tægənist	địch thủ, người đối lập
antagonistic	a	æn,tægə'nistik	trái ngược, nghịch
antagonize	v	æn'tægənaiz/ (antagonise) /æn'tægənaiz	gây phản tác dụng, trung hoà
antalgic	a	æn'tældʤik	chống đau
antalkali	n	'ænt'ælkəlai	chất chống kiềm
antalkaline	a	'ænt'ælkəlain	làm giảm độ kiềm, chống kiềm
antaphrodisiac	a	,æntæfrou'diziæk	chế ngự tình dục
antarctic	a	ænt'ɑ:ktik	Nam cực, phương nam
antarthritic	a	,æntɑ:'θritik	chữa bệnh viêm khớp
antasthmatic	a	,æntæs'mætik	chữa bệnh suyễn
ante	n	'ænti	số tiền tổ trước
antecedence	n	,ænti'si:dəns	tình trạng ở trước
antecedent	n	,ænti'si:dənt	vật ở trước, vật ở trước
antechamber	n	'ænti,tʃeimbə	phòng ngoài
antedate	n	'ænti'deit	ngày tháng để lùi về trước
antediluvian	a	'æntidi'lu:vjən	trước thời kỳ hồng thuỷ
antelope	n	'æntiloup	loài linh dương
antemeridian	a	'æntimə'ridiən	buổi sáng
antemundane	a	'ænti'mʌndein	trước lúc khai thiên lập địa
antenatal	a	'ænti'neitl	trước khi sinh, trước khi đẻ
antenna	n	æn'tenə/ (antennae) /æn'teni:	râu
antennae	n	æn'tenə/ (antennae) /æn'teni:	râu
antennal	a	æn'tenəri/ (antennal) /æn'tenl	râu
antennary	a	æn'tenəri/ (antennal) /æn'tenl	râu
antenniform	a	æn'teinfɔ:m	hình râu
antennule	n	æn'tenju:l	râu nhỏ
antenuptial	a	'ænti'nʌpʃəl	sinh trước khi cưới, xảy ra trước khi cư
antependium	n	,ænti'pendiəm	màn che bàn thờ
antepenult	a	'æntipi'nʌlt/ (antepenultimate) /'æntipi'nʌltimit	thứ ba kể từ dưới lên
antepenultimate	a	'æntipi'nʌlt/ (antepenultimate) /'æntipi'nʌltimit	thứ ba kể từ dưới lên
anteprandial	a	'ænti'prændjəl	trước bữa ăn
anterior	a	æn'tiəriə	ở trước, đằng trước
anteriority	n	æn,tiəri'ɔriti	tình trạng ở trước
anthelia	n	æn'θi:ljə/ (anthelion) /æn'θi:ljən	áo nhật
anthelion	n	æn'θi:ljə/ (anthelion) /æn'θi:ljən	áo nhật
anthelmintic	a	,ænθel'mintik	trừ giun, trừ sán
anthem	n	'ænθəm	bài hát ca ngợi, bài hát vui
anther	n	'ænθə	bao phấn
antheral	a	'ænθərəl	bao phấn
antheridium	n	,ænθə'ridiəm	túi đực
antheriferous	a	,ænθə'rifərəs	có bao phấn
anthesis	n	æn'θi:sis	sự nở hoa
anthocyanin	n	,ænθə'saiənin	Antoxian
anthologist	n	æn'θɔlədʤist	người soạn hợp tuyển ,
anthologize	v	æn'θɔlədʤaiz	soạn thành hợp tuyển, )
anthology	n	æn'θɔlədʤi/ (florilegium) /,flɔ:ri'li:dʤiəm	hợp tuyển, )
anthony	n	'æntəni	st anthony thần của những người nuôi lợn
anthozoa	n	,ænθə'zouə	san hô
anthracene	n	'ænθrəsi:n	antraxen
anthraces	n	'ænθrəkɔid	cụm nhọt
anthracic	a	æn'θræsik	bệnh than
anthraciferous	a	,ænθrə'sifərəs	có antraxit
anthracite	n	'ænθrəsait	antraxit
anthracitic	a	,ænθrə'sitik	antraxit
anthracitous	a	'ænθrəsaitəs	có antraxit, như antraxit
anthracoid	a	'ænθrəkɔid	dạng than
anthrax	n	'ænθrəkɔid	cụm nhọt
anthropocentrism	n	,ænθrəpə'sentrizm	thuyết loài người là trung tâm
anthropogeny	n	,ænθrə'pɔdʤini	môn nguồn gốc loài người
anthropography	n	,ænθrə'pɔgrəfi	địa lý nhân văn
anthropoid	a	'ænθrəpɔid	dạng người
anthropological	a	,ænθrəpə'lɔdʤikəl	nhân loại học
anthropologist	n	,ænθrə'pɔlədʤist	nhà nhân loại học
anthropology	n	,ænθrə'pɔlədʤi	nhân loại học
anthropometric	a	,ænθrəpə'metrik/ (anthropometrical) /,ænθrəpə'metrikəl	phép đo người
anthropometrical	a	,ænθrəpə'metrik/ (anthropometrical) /,ænθrəpə'metrikəl	phép đo người
anthropometry	n	,ænθrə'pɔmitri	phép đo người
anthropomorphic	a	,ænθrəpə'mɔ:fik	thuyết hình người
anthropomorphise	v	,ænθrəpə'mɔ:faiz/ (anthropomorphise) /,ænrəpə'mɔ:faiz	nhân hình hoá, nhân tính hoá
anthropomorphism	n	,ænθrəpə'mɔ:fizm	thuyết hình người
anthropomorphist	n	,ænθrəpə'mɔ:fist	người theo thuyết hình người
anthropomorphize	v	,ænθrəpə'mɔ:faiz/ (anthropomorphise) /,ænrəpə'mɔ:faiz	nhân hình hoá, nhân tính hoá
anthropomorphous	a	,ænθrəpə'mɔ:fəs	giống hình người
anthropophagi	n	,ænθrə'pɔfəgai	những kẻ ăn thịt người
anthropophagous	a	,ænθrə'pɔfəgəs	ăn thịt người
anthropophagy	n	,ænθrə'pɔfədʤi	tục ăn thịt người
anti	p		chống lại
antiaircraft	a	'ænti'eəkrɑ:ft	phòng không, chống máy bay
antiaircrafter	n	'ænti'eəkrɑ:ftə	người bắn máy bay, người bắn súng cao xạ
antiar	n	'æntiɑ:	cây sui
antibilious	a	'ænti'bijəs	dùng để tránh buồn bực, dùng để chống bự
antibiosis	n	,æntibai'ousis	sự kháng sinh
antibiotic	a	'æntibai'ɔtik	kháng sinh
antibody	n	'ænti,bɔdi/ (immune_body) /i'mju:n'bɔdi	thể kháng
antic	n	'æntik	số nhiều) trò hề, trò cười
anticatholic	a	'ænti'kæθəlik	chống đạo Thiên chúa
anticholeraic	a	'æntikɔlə'reiik	phòng chống bệnh tả, trừ tả
antichrist	n	'æntikraist	kẻ chống Giê-xu, kẻ thù của Giê-xu
antichristian	a	'ænti'kristjən	chống đạo Cơ đốc
antichristianism	n	'ænti'kristjənizm	thuyết chống đạo Cơ đốc
anticipant	n	æn'tisipənt	người thấy trước, người biết trước
anticipate	v	æn'tisipeit	dùng trước, hưởng trước
anticipation	n	æn,tisi'peiʃn	sự dùng trước, sự hưởng trước
anticipative	a	æn'tisipeitiv	làm trước, nói trước
anticipator	n	æn'tisipeitə	người dùng trước, người hưởng trước
anticipatory	a	æn'tisipeitəri	dùng trước
anticlerical	a	'ænti'klerikəlizm	chống giáo hội
anticlericalism	n	'ænti'klerikəlizm	thuyết chống giáo hội
anticlimactic	a	'æntiklai'mæktik	hạ xuống từ cực điểm
anticlimax	n	'ænti'klaimæks	sự hạ xuống từ cực điểm, sự giảm xuống
anticlinal	a	'ænti'klainəl	nếp lồi
anticline	n	'æntiklain	nếp lồi
anticyclone	n	'ænti'saiklou	xoáy nghịch
anticyclonic	a	'æntisai'klɔnik	xoáy nghịch
antidazzle	a	'æntidæzl	không làm loá mắt
antidepressant	n		thuốc chống suy nhược
antidotal	a	'æntidoutl	giải độc
antidote	n	'æntidout	thuốc giải độc
antifebrile	a	'ænti'fi:brail	giải nhiệt, hạ sốt
antifebrin	a	'ænti'fi:brail	giải nhiệt, hạ sốt
antifebrine	a	'ænti'fi:brail	giải nhiệt, hạ sốt
antiferment	n	'ænti'fə:mənt	chất kháng men
antiforeign	a	'ænti'fɔrin	bài ngoại
antifreeze	n	'ænti'fri:z	hoá chất chống đông
antigen	n	'æntidʤən	kháng nguyên
antigropelos	n	,ænti'grɔpilɔs	xà cạp không thấm nước
antihistamine	n		thuốc kháng histamin
antijamming	n	'ænti'dʤæmiɳ	sự chống nhiễu
antilogarithm	n	'ænti'lɔgəriθm	đối loga
antilogous	a	æn'tiləgəs	mâu thuẫn về ý nghĩa, trước sau mâu thuẫ
antilogy	n	æn'tilədʤi	ý nghĩa mâu thuẫn
antimacassar	n	'æntimə'kæsə	áo ghế, vải bọc ghế
antimagnetic	a	'æntimæg'netik	phân từ, kháng từ
antimalarial	a	'æntimə'leəriəl	chống sốt rét
antimask	n	'æntimə'leəriəl/ (antimask) /'æntimə'leəriəl	lớp kịch đệm
antimasque	n	'æntimə'leəriəl/ (antimask) /'æntimə'leəriəl	lớp kịch đệm
antimatter	n		phản vật chất
antimech	a	'ænti'mek/ (antimechanized) /'ænti'mekənaizd	chống tăng
antimechanized	a	'ænti'mek/ (antimechanized) /'ænti'mekənaizd	chống tăng
antimephitic	a	'æntime'fitik	trừ xú khí, trừ khí độc
antimilitarism	n	'ænti'militərizm	chủ nghĩa chống quân phiệt
antimilitarist	a	'ænti'militərist	chống quân phiệt
antimonarchical	a	'æntimɔ'nɑ:kikəl	chống quân chủ
antimonarchist	n	'ænti'mɔnəkist	người chống quân chủ
antimonate	n	'æntiməneit	antimonat
antimonial	a	,ænti'mounjəl	antimon
antimonic	a	,ænti'mɔnik	Antimonic
antimonious	a	,ænti'mouniəs	antimono
antimony	n	'æntiməni	antimon
antineutron	n	'ænti,nju:trɔn	phản nơtron
antinomic	a	,ænti'nɔmik/ (antinomical) /,ænti'nɔmikəl	mâu thuẫn trong luật pháp, mâu thuẫn giữ
antinomical	a	,ænti'nɔmik/ (antinomical) /,ænti'nɔmikəl	mâu thuẫn trong luật pháp, mâu thuẫn giữ
antinomy	n	æn'tinəmi	mâu thuẫn trong luật pháp, mâu thuẫn giữ
antipathetic	a	æn,tipə'θetik/ (antipathetical) /æn ,tipə'θetikəl	có ác cảm, gây ác cảm
antipathetical	a	æn,tipə'θetik/ (antipathetical) /æn ,tipə'θetikəl	có ác cảm, gây ác cảm
antipathic	a	,ænti'pæθik	có ác cảm
antipathy	n	æn'tipəθi	ác cảm
antiperiodic	a	'ænti,piəri'ɔdik	phòng bệnh phát lại có định kỳ
antiphlogistic	a	'æntiflou'dʤistik	chống viêm
antiphon	n	'æntifən	bài thánh ca, bài tụng ca
antiphonal	a	æn'tifənl	hát đối
antiphonary	n	æn'tifəneri	sách thánh ca
antiphony	n	æn'tifəni	bài thánh ca
antiphrasis	n	æn'tifrəsis	phản ngữ, câu ngược ý
antipodal	a	æn'tipədl/ (antipodean) /æn,tipə'di:ən	đối cực
antipode	n	'æntipoud	sự đối lập hoàn toàn, sự tương phản tuyệ
antipodean	a	æn'tipədl/ (antipodean) /æn,tipə'di:ən	đối cực
antipoison	n	'ænti'pɔizn	thuốc giải độc
antipole	n	'ænti,poul	cực đối
antipope	n	'æntipoup	giáo hoàng đối cử
antipopular	a	'ænti'pɔpjulə	phản dân, hại dân
antiprohibitionist	n	'ænti,proui'biʃnist	người phản đối sự cấm rượu
antiproton	n	,ænti'proutɔn	Antiproton, phãn proton
antipyretic	a	'æntipai'retik	giải nhiệt, hạ sốt
antipyrin	n	,ænti'paiərin/ (antipyrine) /,ænti'paiərin	Antipyrin
antipyrine	n	,ænti'paiərin/ (antipyrine) /,ænti'paiərin	Antipyrin
antiquarian	a	,ænti'kweəriən	khảo cổ học
antiquarianism	n	,ænti'kweəriənizm	nghề buôn bán đồ cổ
antiquarianize	v	,ænti'kweəriənaiz	khảo cổ
antiquary	n	'æntikwəri	nhà khảo cổ
antiquate	v	'æntikweit	làm cho thành cổ
antiquated	a	'æntikweitid	cổ, cổ xưa, cũ kỹ
antique	a	æn'ti:k	cổ, cổ xưa; theo lối cổ, theo kiểu cổ
antiquely	d	æn'ti:kli	theo lối cổ
antiqueness	n	æn'ti:knis	tình trạng cổ
antiquity	n	æn'tikwiti	tình trạng cổ xưa
antirachitic	a	'æntiræ'kaitik	chống còi xương
antirevolutionary	a	'ænti,revə'lu:ʃnəri	phản cách mạng
antirrhinum	n	,ænti'rainəm	cây hoa mõm chó
antiscorbutic	a	'æntiskɔ:'bju:tik	chống scobut
antiscriptural	a	'ænti'skriptʃərəl	chống kinh thánh
antisepsis	n	,ænti'sepsis	sự khử trùng
antiseptic	a	,ænti'septik	khử trùng
antiskid	a	'ænti'skid	không trượt
antisocial	a	'ænti'souʃəl	phản xã hội
antisocialist	a	'ænti'souʃəlist	chống chủ nghĩa xã hội
antistrophe	n	æn'tistrəfi	hồi khúc
antistrophic	a	,ænti'strɔfik	hồi khúc
antisudorific	a	'ænti,sju:də'rifik	chống đổ mồ hôi
antitetanic	a	'æntiti'tænik	chống uốn ván
antitheism	n	,ænti'θi:izm	thuyết vô thần
antitheist	n	,ænti'θi:ist	người vô thần, người theo thuyết vô thần
antitheses	n	æn'tiθisis	phép đối chọi
antithesis	n	æn'tiθisis	phép đối chọi
antithetic	a	,ænti'θetik/ (antithetical) /,ænti'θetikəl	phép đối chọi
antithetical	a	,ænti'θetik/ (antithetical) /,ænti'θetikəl	phép đối chọi
antitorpedo	a	'æntitɔ:'pi:dou	chống ngư lôi
antitoxic	a	'ænti'tɔksik	trừ độc, tiêu độc
antitoxin	n	'ænti'tɔksin	kháng độc tố
antitrinitarian	a	'ænti ,trini'teəriən	chống thuyết ba ngôi một thể
antitrust	a	,ænti'trʌst	chống lại các tờ rớt, chống độc quyền
antitubercular	a	,æntitju:'bə:kjulə	chống lao
antitype	n	'æntitaip	vật được tượng trưng
antityphoid	a	'ænti'taifɔid	chống thương hàn
antivenene	n	'æntivə'ni:n	thuốc giải độc
antiviral	a	'ænti'vairəl	chống virut
antiwar	a	'ænti'wɔ:	chống chiến tranh
antler	n	'æntlə	gạc
antlered	a	'æntləd	có gạc
antonomasia	n	,æntənə'meiʤiə	phép hoán xưng
antonym	n	'æntənim	từ trái nghĩa
antra	n	'æntənim	hang
antre	n	'æntə	, hang động
antrum	n	'æntənim	hang
antwerp	n	'æntwə:p	loại bồ câu actec antwerp pigeon)
anura	n	æ'nju:rə	bộ không đuôi
anurous	a	ə'nuərəs/ (anurous) /ə'nju:rəs	không có đuôi
anury	n	ə'nju:ri	bệnh không đái, bệnh vô niệu
anus	n	'einəs	hậu môn, lỗ đít
anvil	n	'ænvil	cái đe
anxiety	n	æɳ'zaiəti	mối lo, mối lo âu
anxious	a	'æɳkʃəs	áy náy, lo âu
anxiously	d	'æɳkʃəsli	áy náy, lo âu
any	a	'eni	một, một nào đó
anybody	n	'eni,bɔdi	một người nào đó
anyhow	d	'enihau/ (anyway) /'eniwei	thế nào cũng được, cách nào cũng được
anymore	n		nữa
anyone	n	'eniwʌn	người nào, ai
anyplace	d		giống anywhere
anything	n	'eniθiɳ	vật gì, việc gì
anytime	n		bất cứ lúc nào
anyway	d	'enihau/ (anyway) /'eniwei	thế nào cũng được, cách nào cũng được
anywhere	d	'eniweə	bất kỳ chỗ nào, bất cứ nơi đâu
anywise	d	'eniwais	tuỳ tiện thế nào cũng được, cách nào cũn
anzac	n	'ænzæk	binh đoàn An-giắc
aorist	a	'eərist	bất định
aoristic	a	eə'ristik	thời bất định
aorta	n	ei'ɔ:tə	động mạch chủ
aortic	a	ei'ɔ:tik	động mạch chủ
apace	d	ə'peis	nhanh, nhanh chóng
apache	n	ə'pɑ:ʃ	tên côn đồ
apanage	n	'æpənidʤ/ (appanage) /'æpənidʤ	thái ấp
apart	d	ə'pɑ:t	về một bên, qua một bên
apartheid	n	ə'pɑ:thaid	sự tách biệt chủng tộc Nam phi
apartment	n	ə'pɑ:tmənt	căn phòng, buồng
apatetic	a	,æpə'tetik	nguỵ trang
apathetic	a	,æpə'θetik	không tình cảm, lãnh đạm
apathy	n	'æpəθi	tính không tình cảm, tính lãnh đạm
apatite	n	'æpətait	Apatit
ape	n	eip	khỉ không đuôi, khỉ hình người
apeak	a	ə':pi:k	thẳng xuống, thẳng đứng
apepsia	n	ə'pepʃiə/ (apepsy) /ə'pepsi	chứng không tiêu
apepsy	n	ə'pepʃiə/ (apepsy) /ə'pepsi	chứng không tiêu
apercu	n	,æpə:'sju:	tổng quan, đại cương
aperient	a	ə'piəriənt/ (aperitive) /ə'peritiv	nhuận tràng
aperitif	n	æ'periti:f	rượu khai vị
aperitive	a	ə'piəriənt/ (aperitive) /ə'peritiv	nhuận tràng
aperture	n	'æpətjuə	lỗ hổng, kẽ hở
apery	n	'eipəri	sự bắt chước lố lăng
apetalous	a	ə'petələs	không cánh
apex	n	'eipeks	đỉnh ngọc, chỏm
aphaeresis	n	ə'fiərisis	hiện tượng mất âm đầu
aphasia	n	æ'feizjə	chứng mất ngôn ngữ
aphasiac	n	æ'feiziæk	người mắc chứng mất ngôn ngữ
aphasic	a	ə'feizik	chứng mất ngôn ngữ
aphelia	n	æ'fi:ljən	điểm xa mặt trời nhất
aphelion	n	æ'fi:ljən	điểm xa mặt trời nhất
apheliotropic	a	ə,fi:liə'trɔpik	hướng ngược mặt trời
apheliotropism	n	ə,fi:li'ɔtrəpizm	tính hướng ngược mặt trời
aphesis	n	'æfisis	hiện tượng mất nguyên âm đầu
aphetic	a	ə'fetik	hiện tượng mất nguyên âm đầu
aphetize	v	'æfitaiz	làm mất nguyên âm đầu
aphides	n	'eifis	giống rệp vừng
aphidian	a	ei'fidjən	giống rệp vừng
aphis	n	'eifis	giống rệp vừng
aphonia	n	æ'founjə/ (aphony) /'æfəni	chứng mất tiếng
aphonic	a	æ'fɔnik/ (aphonous) /'æfənəs	mất tiếng
aphonous	a	æ'fɔnik/ (aphonous) /'æfənəs	mất tiếng
aphony	n	æ'founjə/ (aphony) /'æfəni	chứng mất tiếng
aphorism	n	'æfərizm	cách ngôn
aphorismic	a	,æfɔ'rismik/ (aphoristic) /,æfə'ristik	cách ngôn, có tính chất cách ngôn
aphoristic	a	,æfɔ'rismik/ (aphoristic) /,æfə'ristik	cách ngôn, có tính chất cách ngôn
aphrodisiac	a	,æfrou'diziæk	kích thích tình dục
aphtha	n	'æfθə	bệnh aptơ
aphthae	n	'æfθə	bệnh aptơ
aphyllous	a	ə'filəs	không lá
apiarian	a	,eipi'eəriən	nghề nuôi ong
apiarist	n	'eipjərist	người nuôi ong
apiary	n	'eipjəri	chỗ nuôi ong, nhà nuôi ong
apical	a	'æpikəl	đỉnh, ngọn
apices	n	'eipeks	đỉnh ngọc, chỏm
apicultural	a	,eipi'kʌltʃərəl	nghề nuôi ong
apiculture	n	'eipikʌltʃə	nghề nuôi ong
apiculturist	n	,eipi'kʌltʃərist	người nuôi ong
apiece	d	ə'pi:s	mỗi một, mỗi người
apiologist	n	,eipi'ɔlədʤist	nhà nghiên cứu về ong
apiology	n	,eipi'ɔlədʤi	khoa nghiên cứu về ong
apish	a	'eipiʃ	khỉ, giống khỉ
apishness	n	'eipiʃnis	sự giống khỉ
aplanat	n	'æplənæt	kính vật tương phản, aplanat
aplanatic	a	,æplə'nætik	tương phản, aplanatic
aplanatism	n	'æplənætizm	tính tương phản, tính aplanatic
aplenty	d		nhiều, dồi dào
aplomb	n	'æplʤ:ɳ	thế thẳng đứng
apnoea	n	æp'ni:ə	sự ngừng thở
apocalypse	n	ə'pɔkəlips	sự khải huyền
apocalyptic	a	ə,pɔkə'liptik/ (apocalyptical) /ə,pɔkə'liptikəl	sách khải huyền
apocalyptical	a	ə,pɔkə'liptik/ (apocalyptical) /ə,pɔkə'liptikəl	sách khải huyền
apocarpous	a	,æpou'kɑ:pəs	có lá noãn rời
apochromat	n	'æpəkroumæt	kính tiêu sắc phức, cái apôcrômat
apochromatic	a	,æpəkrə'mætik	tiêu sắc phức, apôcrômatic
apochromatism	n	,æpə'kroumətizm	tính tiêu sắc phức, tính apôcrômatic
apocope	n	ə'pɔkəpi	hiện tượng mất âm chủ
apocrypha	n	ə'pɔkrifə	kinh nguỵ tác
apocryphal	a	ə'pɔkrifəl	kinh nguỵ tác
apocynaceous	a	ə,pɔsi'neiʃəs	họ trúc đào
apod	n	'æpɔd	loài không chân
apoda	n	'æpɔd	loài không chân
apodal	a	'æpədəl/ (apodous) /'æpədəs	không chân
apodeictic	a	,æpou'diktik/ (apodictical) /,æpou'diktikəl/ (apodeictic) /,æpou'daiktik	rõ ràng, xác thực
apodictic	a	,æpou'diktik/ (apodictical) /,æpou'diktikəl/ (apodeictic) /,æpou'daiktik	rõ ràng, xác thực
apodictical	a	,æpou'diktik/ (apodictical) /,æpou'diktikəl/ (apodeictic) /,æpou'daiktik	rõ ràng, xác thực
apodous	a	'æpədəl/ (apodous) /'æpədəs	không chân
apogamic	a	,æpə'gæmik	sinh sản vô giao
apogamy	n	ə'pɔgəmi	sự sinh sản vô giao
apogean	a	,æpou'dʤi:ən	ở điển xa quả đất nhất
apogee	n	ə'poudʤi:	điển xa quả đất nhất
apolaustic	a	,æpou'lɔ:stik	dễ bị thú vui cám dỗ, dễ bị khoái lạc cá
apolitical	a	,æpə'litikəl	không chính trị
apollinaris	n	ə,pɔli'neəris	nước suối A-pô-li-na-rít
apollo	n	ə'pɔlou	thần A-pô-lông, thần mặt trời
apollyon	n	ə'pɔljən	con quỷ
apologetic	a	ə,pɔlə'dʤetik/ (apologetical) /ə,pɔlə'dʤetikəl	biện hộ, biện giải
apologetical	a	ə,pɔlə'dʤetik/ (apologetical) /ə,pɔlə'dʤetikəl	biện hộ, biện giải
apologetics	n	ə,pɔlə'dʤetiks	sự biện giải cho tôn giáo
apologia	n	,æpə'loudʤiə	lời biện hộ, lời biện giải
apologise	v	ə'pɔlədʤaiz/ (apologise) /ə'pɔlədʤaiz	xin lỗi, tạ lỗi
apologist	n	ə'pɔlədʤist	người biện hộ, người biện giải cho tôn g
apologize	v	ə'pɔlədʤaiz/ (apologise) /ə'pɔlədʤaiz	xin lỗi, tạ lỗi
apologue	n	'æpəlɔg	chuyện ngụ ngôn, câu chuyện ngụ ý
apology	n	ə'pɔlədʤi	lời biện bạch, lời biện giải
aponeuroses	n	,æpounjuə'rousis	cân
aponeurosis	n	,æpounjuə'rousis	cân
apophthegm	n	'æpouθem/ (apothegm) /'æpouθem	cách ngôn
apophthegmatic	a	,æpouθeg'mætik	cách ngôn, có tính chất cách ngôn
apophysis	n	ə'pɔfisis	mỏm, mấu
apoplectic	a	,æpə'plektik	ngập máu
apoplexy	n	'æpəpleksi	chứng ngập máu
aport	d	ə'pɔ:t	ở phía bên trái tàu, về phía bên trái tà
aposiopesis	n	,æpousaiou'pi:sis	sự ngừng ở giữa câu, sự ngừng bất chợt
apostasy	n	ə'pɔstəsi	sự bỏ đạo, sự bội giáo
apostate	n	ə'pɔstəsi	người bỏ đạo, người bội giáo
apostatise	v	ə'pɔstətaiz/ (apostatize) /ə'pɔstətaiz	bỏ đạo, bội giáo
apostatize	v	ə'pɔstətaiz/ (apostatize) /ə'pɔstətaiz	bỏ đạo, bội giáo
apostil	n	ə'pɔstil	lời ghi thêm bên lề
apostle	n	ə'pɔsl	tông đồ
apostleship	n	ə'pɔslʃip	chức tông đồ
apostolate	n	ə'pɔstəlit	chức tông đồ
apostolic	a	,æpəs'tɔlik/ (apostolical) /,æpəs'tɔlikəl	tông đồ, có tính chất tông đồ
apostolical	a	,æpəs'tɔlik/ (apostolical) /,æpəs'tɔlikəl	tông đồ, có tính chất tông đồ
apostrophe	n	ə'pɔstrəfi	hô ngữ
apostrophic	n	,æpəs'trɔfik	dấu lược
apostrophize	v	ə'pɔstrəfaiz	dùng hô ngữ
apothecary	n	ə'pɔθikəri	người bào chế
apothecia	n	,æpə'θiʃiəm	quả thế đĩa
apothecium	n	,æpə'θiʃiəm	quả thế đĩa
apothegm	n	'æpouθem/ (apothegm) /'æpouθem	cách ngôn
apothem	n	'æpəθem	đường trung đoạn
apotheoses	n	ə,pɔθi'ousi:z	sự tôn làm thần, sự phong làm thần
apotheosis	n	ə,pɔθi'ousi:z	sự tôn làm thần, sự phong làm thần
apotheosize	v	ə'pɔθiousaiz	tôn làm thần
appal	v	ə'pɔ:l	làm kinh hoảng, làm kinh sợ
appalling	a	ə'pɔ:liɳ	làm kinh hoảng, làm kinh sợ
appallingly	d	ə'pɔ:liɳli	làm kinh hoảng, làm kinh sợ
appanage	n	'æpənidʤ/ (appanage) /'æpənidʤ	thái ấp
apparatus	n	,æpə'reitəs	đồ thiết bị, máy móc
apparel	n	ə'pærəl	đồ thêu trang trí trên áo thầy tu
apparent	a	ə'pærənt	rõ ràng, bày tỏ ra ngoài
apparently	d		nhìn bên ngoài, hình như
apparition	n	,æpə'riʃn	sự hiện ra, sự xuất hiện
apparitor	n	ə'pæritɔ:	viên lại
appeal	n	ə'pi:l	sự kêu gọi, lời kêu gọi
appealable	a	ə'pi:ləbl	có thể chống án được
appealing	a	ə'pi:liɳ	van lơn, cầu khẩn
appear	v	ə'piə	xuất hiện, hiện ra
appearance	n	ə'piərəns	sự xuất hiện, sự hiện ra sự ló ra
appeasable	a	ə'pi:zəbl	có thể khuyên giải, có thể an ủi
appease	v	ə'pi:z	khuyên giải, an ủi
appeasement	n	ə'pi:zmənt	sự khuyên giải, sự an ủi
appellant	a	ə'pelənt	chống án
appellate	a	ə'pelit	chống án
appellation	n	,æpe'leiʃn	tên, tên gọi
appellative	a	ə'pelətiv	chung
appellee	n	,æpe'li:	bên bị, người bị cáo
append	v	ə'pend	treo vào
appendage	n	ə'pendidʤ	vật phụ thuộc, phần phụ thuộc
appendant	a	ə'pendənt	phụ thuộc vào
appendectomy	n	,æpən'dektəmi	thủ thuật cắt bỏ ruột thừa
appendices	n	ə'pendiks	phụ lục
appendicitis	n	ə,pendi'saitis	bệnh viêm ruột thừa
appendiculate	a	,æpen'dikjulit	có phần phụ
appendix	n	ə'pendiks	phụ lục
apperceive	v	,æpə'si:v	tổng giác
apperception	n	,æpə'sepʃn	tổng giác
appertain	v	,æpə'tein	về, của
appetence	n	'æpitəns/ (appetency) /'æpitənsi	lòng thèm muốn, lòng ham muốn
appetency	n	'æpitəns/ (appetency) /'æpitənsi	lòng thèm muốn, lòng ham muốn
appetite	n	'æpitait	sự ngon miệng, sự thèm ăn
appetitive	a	æ'petitiv	làm cho thèm
appetizer	n	'æpitaizə	rượu khai vị
appetizing	a	'æpitaiziɳ	làm cho ăn ngon miệng
applaud	v	ə'plɔ:d	vỗ tay hoan nghênh, vỗ tay tán thưởng
applauder	n	ə'plɔ:də	người vỗ tay, người hay khen
applause	n	ə'plɔ:z	tiếng vỗ tay khen ngợi, sự hoan nghênh
apple	n	'æpl	quả táo
applejack	n		rượu táo
appliance	n	ə'plaiəns	sự gắn vào, sự áp vào
applicability	n	,æplikə'biliti	tính có thể dùng được, tính có thể áp dụ
applicable	a	'æplikəbl	có thể dùng được, có thể áp dụng được
applicant	n	'æplikənt	người xin việc, người thỉnh cầu
application	n	,æpli'keiʃn	sự gắn vào, sự áp vào
applied	a	ə'plaid	ứng dụng
apply	v	ə'plai	gắn vào, áp vào
appoggiatura	n	ə,pɔdʤə'tuərə	nốt dựa
appoint	v	ə'pɔint	bổ, bổ nhiệm; chỉ định, chọn; lập
appointed	a	ə'pɔintid	được bổ nhiệm, được chỉ định
appointee	n	əpɔin'ti:	người được bổ nhiệm, người được chọn
appointive	a	ə'pɔintiv	được bổ nhiệm, bổ nhiệm
appointment	n	ə'pɔintmənt	được bổ nhiệm, chức vụ được bổ nhiệm
apportion	v	ə'pɔ:ʃn	chia ra từng phần, chia thành lô
apportionment	n	ə'pɔ:ʃnmənt	sự chia ra từng phần, sự chia thành lô
apposite	a	'æpəzit	thích hợp, thích đáng
apposition	n	,æpə'ziʃn	sự đóng, sự áp
appraisable	a	ə'preizəbl	có thể đánh giá được, có thể định giá đư
appraisal	n	ə'preiz	sự đánh giá, sự định giá
appraise	n	ə'preiz	đánh giá, định giá
appraisement	n	ə'preizmənt	sự đánh giá, sự định giá
appraiser	n	ə'preizə	người đánh giá, người định
appreciable	a	ə'pri:ʃəbl	có thể đánh giá được
appreciate	v	ə'pri:ʃieit	đánh giá
appreciation	n	ə,pri:ʃi'eiʃn	sự đánh giá
appreciative	a	ə'pri:ʃjətiv	biết đánh giá, biết thưởng thức
apprehend	v	,æpri'hend	bắt, tóm
apprehensibility	n	æpri,hensi'biliti	tính hiểu rõ được, tính thấy rõ được
apprehensible	a	,æpri'hensəbl	hiểu rõ được, tính thấy rõ được
apprehension	n	,æpri'henʃn	sự sợ, sự e sợ
apprehensive	a	,æpri'hensiv	sợ hãi, e sợ
apprentice	n	ə'prentis	người học việc, người học nghề
apprenticeship	n	ə'prentiʃip/ (prenticeship) /'prentisʃip	sự học việc, sư học nghề
apprise	v	ə'praiz	cho biết, báo cho biết
apprize	v	ə'praiz	appraise
appro	n	'æprou	approval, approbation
approach	n	ə'proutʃ	sự đến gần, sự lại gần
approachability	n	ə,proutʃə'biliti	tính có thể đến gần
approachable	a	ə'proutʃəbl	có thể đến gần, tới gần được
approbate	v	'æproubeit	tán thành, đồng ý
approbation	n	,æprə'beiʃn	sự tán thành, sự đồng ý
approbatory	a	ə'proubətri	tán thành, đồng ý
appropriate	a	ə'proupriit	thích hợp, thích đáng
appropriately	d		thích hợp, thích đáng
appropriateness	n	ə'proupriitnis	sự thích hợp, sự thích đáng
appropriation	n	ə,proupri'eiʃn	sự chiếm hữu, sự chiếm đoạt
appropriator	n	ə'prouprieitə	người chiếm hữu, người chiếm đoạt làm củ
approval	n	ə'pru:vəl	sự tán thành, sự đồng ý
approve	v	ə'pru:v	tán thành, đồng ý
approved	a	ə'pru:vd	được tán thành, được đồng ý
approver	n	ə'pru:və	người tán thành, người đồng ý
approving	a	ə'pru:viɳ	tán thành, đồng ý
approximate	a	ə'prɔksimit	approximate to giống với, giống hệt với
approximately	d		khoảng chừng, độ chừng
approximation	n	,əprɔksi'meiʃn	sự gần
approximative	a	ə'prɔksimətiv	xấp xỉ, gần đúng
appui	n	æ'pwi:	chỗ dựa, điểm tựa
appurtenance	n	ə'pə:tinəns	vật phụ thuộc
appurtenant	a	ə'pə:tinənt	appurtenant to thuộc về
apricot	n	'eiprikɔt	quả mơ
april	n	'eiprəl	tháng tư
apron	n	'eiprən	cái tạp dề
apropos	a	'æprəpou	đúng lúc, thích hợp
apse	n	æps	chỗ tụng niệm, hậu cung
apsidal	a	'æpsidl	chỗ tụng niệm, hậu cung
apsides	n	'æpsis	cùng điểm
apsis	n	'æpsis	cùng điểm
apt	a	æpt	có khuynh hướng hay, dễ
apterous	a	'æptərəs	không cánh
aptitude	n	'æptitju:d	aptitude for khuynh hướng
aptly	d	'æptli	thông minh, khéo léo
aptness	n	'æptnis	aptitude
apyrous	a	ei'pairəs	chịu lửa, chịu được nhiệt độ cao
aqua	n		số nhiều aquas
aquafortis	n	'ækwə'fɔ:tis	nước khắc đồng
aquafortist	n	'ækwə'fɔ:tist	thợ khắc đồng
aquamarine	n	,ækwəmə'ri:n	ngọc xanh biển aquamarin
aquaplane	n	'ækwə,plein	ván trượt nước
aquarelle	n	,ækwə'rel	tranh màu nước
aquarellist	n	,ækwə'relist	hoạ sĩ chuyên màu nước
aquaria	n	ə'kweəriəm	bể nuôi
aquarist	n	ə'kweərist	người trông nom nơi trưng bày bể nuôi cá
aquarium	n	ə'kweəriəm	bể nuôi
aquarius	n	ə'kweəriəs	cung Bảo bình
aquatic	a	ə'kwætik	sống ở nước, mọc ở nước
aquatics	n	ə'kwætiks	những môn thể thao dưới nước
aquatint	n	'ækwətint	thuật khắc axit
aquation	n	ə'kweiʃn	sự hyđrat hoá
aqueduct	n	'ækwidʌkt	cống nước
aqueous	a	'eikwiəs	nước, có nước
aquifer	n	'ækwifə	lớp ngậm nước, tầng ngậm nước
aquiline	a	'ækwilain	chim ưng, giống chim ưng
aquosity	n	æ'kwɔsiti	tính chất có nước
arab	n	'ærəb	người A-rập
arabesque	a	,ærə'besk	A-rập
arabian	a	ə'reibjən	A-rập
arabic	a	'ærəbik	thuộc A-rập
arability	n	,ærə'biliti	tính có thể trồng trọt được
arabist	n	'ærəbist	người nghiên cứu tiếng A-rập, người nghi
arable	a	'ærəbl	trồng trọt được
araceous	a	ə'reiʃəs	họ rầy
arachnid	n	ə'ræknid	động vật thuộc lớp nhện
arachnoid	n	ə'ræknɔid	màng nhện
araliaceous	a	ə,reili'eiʃəs	họ nhân sâm
aramaic	n	,ærə'meiik	tiếng Xy-ri
arapaho	n		danh từ, số nhiều Arapahos
araucaria	n	,ærɔ:'keəriə	cây bách tán
arbalest	n	'ɑ:bəlist	cái nỏ, cái ná
arbalester	n	'ɑ:bəlistə	người bán nỏ, người bán ná
arbiter	n	'ɑ:bitə	người phân xử, trọng tài
arbitrage	n	,ɑ:bi'trɑ:ʤ	sự buôn chứng khoán
arbitral	a	'ɑ:bitrəl	sự phân xử, trọng tài
arbitrament	n	ɑ:'bitrəmənt	sự phân xử, sự quyết định của trọng tài
arbitrarily	d	'ɑ:bitrərili	chuyên quyền, độc đoán
arbitrariness	n	'ɑ:bitrərinis	tính chuyên quyền, tính độc đoán
arbitrary	a	'ɑ:bitrəri	chuyên quyền, độc đoán
arbitrate	v	'ɑ:bitreit	phân xử, làm trọng tài phân xử
arbitration	n	,ɑ:bi'treiʃn	sự phân xử, sự làm trọng tài phân xử
arbitrator	n	'ɑ:bitreitə	người phân xử, trọng tài
arbitress	n	'ɑ:bitris	người đàn bà đứng ra phân xử, bà trọng t
arbor	n	'ɑ:bɔ:	cây
arboraceous	a	,ɑ:bə'reiʃəs	hình cây
arboreal	a	ɑ:'bɔ:riəl	cây
arboreous	a	ɑ:'bɔ:riəs	có nhiều cây
arborescence	n	,ɑ:bə'resns	tính chất cây gỗ
arborescent	a	,ɑ:bə'resnt	có hình cây, có dạng cây gỗ
arboreta	n	,ɑ:bə'ri:təm	vườn cây gỗ
arboretum	n	,ɑ:bə'ri:təm	vườn cây gỗ
arboricultural	a	,ɑ:bəri'kʌltʃərəl	nghề trồng cây
arboriculture	n	'ɑ:bərikʌltʃə	nghề trồng cây
arboriculturist	n	,ɑ:bəri'kʌltʃərist	người làm nghề trồng cây
arborization	n	,ɑ:bəri'zeiʃn	hình dạng giống cây
arbour	n	'ɑ:bə	lùm cây
arbutus	n	ɑ:'bju:təs	cây dương mai
arc	n	ɑ:k	hình cung
arcade	n	ɑ:'keid	đường có mái vòm
arcadia	n	ɑ:'keidjə/ (Arcady) /'ɑ:kədi	vùng A-ca-đi-a
arcadian	a	ɑ:'keidjən	vùng A-ca-đi-a
arcady	n	ɑ:'keidjə/ (Arcady) /'ɑ:kədi	vùng A-ca-đi-a
arcana	n	ɑ:'keinəm	bí mật, bí mật nhà nghề
arcanum	n	ɑ:'keinəm	bí mật, bí mật nhà nghề
arcduchess	n	'ɑ:tʃ'dʌtʃis	công chúa nước Ao
arch	n	ɑ:tʃ	khung tò vò, cửa tò vò
archaean	a	ɑ:'ki:ən	thời thái cổ
archaeologer	n	,ɑ:ki'ɔlədʤist/ (archaeologer) /,ɑ:ki'ɔlədʤə	nhà khảo cổ
archaeological	a	,ɑ:kiə'lɔdʤikəl	khảo cổ học
archaeologist	n	,ɑ:ki'ɔlədʤist/ (archaeologer) /,ɑ:ki'ɔlədʤə	nhà khảo cổ
archaeology	n	,ɑ:ki'ɔlədʤi	khảo cổ học
archaeopteryx	n	,ɑ:ki'ɔptəriks	chim thuỷ tổ
archaic	a	ɑ:'keiik	cổ xưa
archaise	v	'ɑ:keiaiz/ (archaise) /'ɑ:keiaiz	bắt chước cổ, dùng từ cổ
archaism	n	'ɑ:keiizm	từ cổ
archaize	v	'ɑ:keiaiz/ (archaise) /'ɑ:keiaiz	bắt chước cổ, dùng từ cổ
archangel	n	'ɑ:k,eindʤəl	tổng thiên thần
archangelic	a	,ɑ:kæn'dʤelik	tổng thiên thần
archbishop	n	'ɑ:tʃ'biʃəp	tổng giám mục
archbishopric	n	ɑ:tʃ'biʃəprik	chức tổng giám mục
archdeacon	n	'ɑ:tʃ'di:kən	phó chủ giáo
archdeaconry	n	ɑ:tʃ'di:kənri	chức phó chủ giáo
archdeaconship	n	ɑ:tʃ'di:kənʃip	chức phó chủ giáo
archdiocese	n	'ɑ:tʃ'daiəsis	địa hạt dưới quyền tổng giám mục
archduchy	n	'ɑ:tʃ'dʌtʃi	địa vị hoàng tử nước Ao, địa vị công chú
archduke	n	'ɑ:tʃ'dju:k	hoàng tử nước Ao
arched	a	ɑ:tʃt	cong, uốn vòng cung
archenemy	n		kẻ thù không đội trời chung
archeozoic	a	,ɑ:keiə'zouik	đại thái cổ
archer	n	'ɑ:tʃə	người bắn cung
archerfish	n	'ɑ:tʃəfiʃ	cá tôxôt
archery	n	'ɑ:tʃəri	sự bắn cung, thuật bắn cung
archespore	n	'ɑ:kispɔ:/ (archesporium) /,ɑ:kis'pɔ:riəm	nguyên bào tử
archesporium	n	'ɑ:kispɔ:/ (archesporium) /,ɑ:kis'pɔ:riəm	nguyên bào tử
archetype	n	'ɑ:kitaip	nguyên mẫu, nguyên hình
archibald	n	'ɑ:tʃi/ (archibald) /'ɑ:tʃibəld	, súng cao xạ
archidiaconal	a	,ɑ:kidai'ækənl	phó chủ giáo
archie	n	'ɑ:tʃi/ (archibald) /'ɑ:tʃibəld	, súng cao xạ
archiepiscopal	a	,ɑ:kii'piskəpəl	tổng giám mục
archil	n	'ɑ:kil	rau ocxen
archimandrite	n	,ɑ:ki'mændrait	trưởng tu viện
archimedean	a	,ɑ:ki'mi:djən	Ac-si-mét
Archimedes	n		Acsimet
archipelago	n	,ɑ:ki'peligou	quần đảo
architect	n	'ɑ:kitekt	kiến trúc sư
architectonic	a	,ɑ:kitek'tɔnik	thuật kiến trúc, các nhà kiến trúc
architectonics	n	,ɑ:kitek'tɔniks	thuật kiến trúc, khoa kiến trúc
architectural	a	,ɑ:ki'tektʃərəl	kiến trúc
architecture	n	'ɑ:kitektʃə	thuật kiến trúc, khoa kiến trúc
architrave	n	'ɑ:kitreiv/ (epistyle) /'epistail	Acsitrap
archive	n		tài liệu, tài liệu lưu trữ
archives	n	'ɑ:kitreiv	văn thư lưu trữ
archivist	n	'ɑ:kivist	chuyên viên lưu trữ
archly	d	'ɑ:tʃli	tinh nghịch, tinh quái
archway	n	'ɑ:tʃwei	cổng tò vò
archwise	d	'ɑ:tʃwaiz	như hình vòng cung, theo hình vòng cung
arcrobatic	a	,ækrə'bætik	thuật leo dây, thuật nhào lộn
arctic	a	'ɑ:ktik	bắc cực, phương bắc
arcticize	v	'ɑ:ktisaiz	làm cho phù hợp với điều kiện ở bắc cực,
arcuate	a	'ɑ:kjuit/ (arcuated) /'ɑ:kjueitid	cong, giống hình cung
arcuated	a	'ɑ:kjuit/ (arcuated) /'ɑ:kjueitid	cong, giống hình cung
ardency	n	'ɑ:dənsi	sự nóng cháy
ardent	a	'ɑ:dənt	cháy, nóng rực
ardently	d	'ɑ:dəntli	hăng hái, sôi nổi
ardor	n		lửa nóng, sức nóng rực
ardour	n	'ɑ:də	lửa nóng, sức nóng rực
arduous	a	'ɑ:djuəs	khó khăn, gian khổ
arduously	d	'ɑ:djuəsli	khó khăn, gian khổ
arduousness	n	'ɑ:djuəsnis	sự khó khăn, sự gian khổ
are	n	ɑ:	A
area	n	'eəriə	diện tích, bề mặt
areca	n	'ærikə	cây cau
arena	n	ə'ri:nə	trường đấu
arenaceous	a	,æri'neiʃəs	giống cát, có cát
arenicolous	a	,æri'nikələs	sống trong cát, đào hang trong cát
areola	n	æ'riələ	núm
areolae	n	æ'riələ	núm
areometer	n	,æri'ɔmitə	cái đo độ đậm, phao đo tỷ trọng
argala	n	'ɑ:gələ	cò già
argent	n	'ɑ:dʤənt	màu bạc
argentiferous	a	,ɑ:dʤən'tifərəs	có bạc
argentine	a	'ɑ:dʤəntain	bạc, bằng bạc
argil	n	'ɑ:dʤil	đất sét, sét
argillaceous	a	,ɑ:dʤi'leiʃəs	đất sét, có sét
argilliferous	a	,ɑ:dʤi'lifərəs	có sét
argol	n	'ɑ:gɔl	cáu rượu
argon	n	'ɑ:gɔn	Agon
argonaut	n	'ɑ:gənɔ:t	A-gô-nốt
argosy	n	'ɑ:gəsi	thơ tàu buôn lớn, đoàn tàu buôn lớn
argot	n	'ɑ:gou	tiếng lóng, tiếng lóng của bọn ăn cắp
arguably	d		người ta có thể cho rằng
argue	v	'ɑ:gju:	chứng tỏ, chỉ rõ
argument	n	'ɑ:gjumənt	lý lẽ
argumentation	n	,ɑ:gjumen'teiʃn	luận chứng
argumentative	a	,ɑ:gju'mentətiv	thích tranh cãi, hay cãi lẽ
argus	n	'ɑ:gəs	A-guýt
argute	a	ɑ:'gju:t	tinh khôn, sắc sảo
argyranthous	a	,ɑ:dʤi'rænθəs	có hoa màu bạc
argyrophyllous	a	,ɑ:dʤirə'filəs	có lá màu bạc
aria	n	'ɑ:riə	Aria
arid	a	'ærid	khô cằn
aridity	n	æ'riditi/ (aridness) /'æridnis	sự khô cằn
aridness	n	æ'riditi/ (aridness) /'æridnis	sự khô cằn
aries	n	'eəri:z	cung Bạch dương
aright	d	ə'rait	đúng
aril	n	'æril	áo hạt
arioso	n	,ɑ:ri'ouzou	Ariôzô
arise	v	ə'raiz	xuất hiện, nảy sinh ra
arisen	v	ə'raiz	xuất hiện, nảy sinh ra
arista	n	ə'ristə	râu ngọn
aristae	n	ə'ristə	râu ngọn
aristate	a	ə'risti:	có râu ngọn
aristocracy	n	,æris'tɔkrəsi	tầng lớp quý tộc
aristocrat	n	'æristəkræt	người quý tộc
aristocratic	a	,æristə'krətik/ (aristocratical) /,æristə'krətikəl	dòng dõi quý tộc, có tính chất quý tộc
aristocratical	a	,æristə'krətik/ (aristocratical) /,æristə'krətikəl	dòng dõi quý tộc, có tính chất quý tộc
aristotelian	a	,æristɔ'ti:ljən	A-ri-xtôt
Aristotle	n		-Aristotle
arithmetic	n	ə'riθmətik	số học
arithmetical	a	ə'riθ'metikəl	số học
arithmetician	n	ə,riθmə'tiʃn	nhà số học
arithmetization	n	ə,riθməti'zeiʃn	sự số học hoá
arithmometer	n	,æriθ'mɔmitə	máy kế toán
ark	n	ɑ:k	hộp, hòm
arles	n	ɑ:lz	tiền đặt cọc
arm	n	ɑ:m	cánh tay
armada	n	ɑ:'mɑ:də	đội tàu, hạm đội
armadillo	n	,ɑ:mə'dilou	con tatu
armageddon	n	,ɑ:mə'gedn	nơi chiến đấu quyết liệt giữa thiện và á
armament	n	'ɑ:məmənt	sự vũ trang
armature	n	'ɑ:mətjuə	áo giáp
armband	n	'ɑ:mbænd	băng tay
armchair	n	'ɑ:m'tʃeə	ghế bành
armed	a	ɑ:md	vũ trang
armenian	a	ɑ:'mi:njən	Ac-mê-ni
armful	n	'ɑ:mful	ôm
armistice	n	'ɑ:mistis	sự đình chiến
armless	a	'ɑ:mlis	không có tay
armlet	n	'ɑ:mlit	băng tay
armor	n	'ɑ:mə	armour
armored	a	'ɑ:məd	armoured
armorial	a	ɑ:'mɔ:riəl	huy hiệu
armorist	n	'ɑ:mərist	chuyên gia huy hiệu
armory	n	'ɑ:məri	khoa nghiên cứu huy hiệu
armour	n	'ɑ:mə	áo giáp
armoured	a	'ɑ:məd	bọc sắt
armourer	n	'ɑ:mərə	nhà sản xuất vũ khí
armoury	n	'ɑ:məri	kho vũ khí
armpit	n	'ɑ:mpit	nách
army	n	'ɑ:mi	quân đội
arnica	n	'ɑ:nikə	cây kim sa
aroid	a	'ærɔid	dòng họ ráy
aroma	n	ə'roumə	mùi thơm, hương vị
aromatherapy	n		cách chữa bằng xoa bóp dầu thơm
aromatic	a	,ærou'mætik	thơm
aromatize	v	ə'roumətaiz	làm cho thơm, ướp chất thơm
arose	v	ə'raiz	xuất hiện, nảy sinh ra
around	d	ə'raund	xung quanh
arousal	n		xem arouse
arouse	v	ə'rauz	đánh thức
arpeggio	n	ɑ:'pedʤiou	hợp âm rải
arquebus	n	'ɑ:kwibəs	súng hoả mai
arrack	n	'ærək	rượu arac
arraign	v	ə'rein	buộc tội, tố cáo
arraignment	n	ə'reinmənt	sự buộc tội, sự tố cáo
arrange	v	ə'reindʤ	sắp xếp, sắp đặt
arrangement	n	ə'reindʤmənt	sự sắp xếp, sự sắp đặt
arranger	n	ə'reindʤə	người sắp xếp, người sắp đặt
arrant	a	'ærənt	thực sự, hoàn toàn
arras	n	'ærəs	thảm sặc sỡ, màu hoa sặc sỡ
array	n	ə'rei	sự dàn trận, sự bày binh bố trận
arrear	n	ə'riə	việc đang làm dở, việc chưa làm xong
arrearage	n	ə'riəridʤ	sự chậm trễ, sự dây dưa
arrears	n		tiền nợ lẽ ra phải trả trước đó, nợ còn
arrest	n	ə'rest	sự bắt giữ
arrester	n	ə'restə/ (arrestor) /ə'restə	người bắt giữ
arresting	a	ə'restiɳ	làm ngừng lại, làm hãm lại
arrestingly	d	ə'restiɳli	lôi cuốn, hấp dẫn
arrestment	n	ə'restmənt	sự bắt giữ
arrestor	n	ə'restə/ (arrestor) /ə'restə	người bắt giữ
arrhythmia	n	ə'riθmiə	chứng loạn nhịp tim
arris	n	'æris	cạnh nhọn
arrival	n	ə'raivəl	sự đến, sự tới nơi
arrive	v	ə'raiv	đến, tới nơi
arriviste	n	,æri'vi:st	người mới phất
arrogance	n	'ærəgəns	tính kiêu ngạo, tính kiêu căng
arrogant	a	'ærəgənt	kiêu ngạo, kiêu căng
arrogate	v	'ærougeit	yêu sách láo, đòi bậy
arrogation	n	,ærou'geiʃn	sự yêu sách láo, sự đòi bậy
arrow	n	'ærou	tên, mũi tên
arrowroot	n	'ærəru:t	cây hoàng tinh, cây dong
arrowy	a	'æroui	hình tên, giống mũi tên
arroyo	n		kênh, lạch
arse	n	ɑ:s	nhuôi át['ɑ:sinl]
arsenal	n	'ɑ:sinl	kho chứa vũ khí đạn dược & )
arsenic	n	'ɑ:snik	Asen
arsenical	n	'ɑ:snik	Asen
arsenious	a	ɑ:'si:njəs/ (arsenous) /'ɑ:sinəs	Asenơ
arsenite	n	'ɑ:sinait	arsenit
arsenous	a	ɑ:'si:njəs/ (arsenous) /'ɑ:sinəs	Asenơ
arson	n	'ɑ:sinəs	sự cố ý gây nên hoả hoạn, sự đốt phá
arsonist	n	'ɑ:sənist	kẻ cố ý gây nên hoả hoạn, kẻ đốt phá
art	n	ɑ:t	tài khéo léo, kỹ xảo
artefact	n	'ɑ:tifækt/ (artifact) /'ɑ:tifis	sự giả tạo, giả tượng
artel	n	ɑ:'tel	Acten, nhóm sản xuất tập thể
arterial	a	'ɑ:tiəriə	động mạch
arterialise	v	ɑ:'tiəriəlaiz/ (arterialize) /ɑ:'tiəriəlaiz	biến thành máu động mạch
arterialize	v	ɑ:'tiəriəlaiz/ (arterialize) /ɑ:'tiəriəlaiz	biến thành máu động mạch
arteriosclerosis	n	ɑ:'tiəriouskliə'rousis	xơ cứng động mạch
arteriotomy	n	,ɑ:tiəri'ɔtəmi	thủ thuật mở động mạch
artery	n	'ɑ:təri	động mạch
artesian	a	ɑ:'ti:sjən	artesian well giếng phun
artful	a	'ɑ:tful	xảo quyệt, lắm mưu mẹo
artfulness	n	'ɑ:tfulnis	tính xảo quyệt, sự lắm mưu mẹo
arthritic	a	ɑ:'θritik	viêm khớp
arthritis	n	ɑ:'θraitis	viêm khớp
arthropod	n	'ɑ:θrəpɔd	động vật chân đốt
arthrosis	n	ɑ:'θθrousis	khớp
artichoke	n	'ɑ:titʃouk	cây atisô
article	n	'ɑ:tikl	bài báo
articular	a	ɑ:'tikjulə	khớp
articulate	a	ɑ:'tikjulit	có khớp, có đốt
articulation	n	ɑ:,tikju'leiʃn	khớp
artifact	n		sự giả tạo, giả tượng
artifice	n	'ɑ:tifis	mẹo, mưu mẹo
artificer	n	ɑ:'tifisə	người sáng chế, người phát minh
artificial	a	,ɑ:ti'fiʃəl	nhân tạo
artificiality	n	,ɑ:tifiʃi'æliti/ (artificialness) /,ɑ:ti'fiʃəlnis	tinh chất nhân tạo
artificialize	v	,ɑ:ti'fiʃəlaiz	làm mất tự nhiên, làm thành giả tạo
artificially	d		giả tạo, không tự nhiên
artificialness	n	,ɑ:tifiʃi'æliti/ (artificialness) /,ɑ:ti'fiʃəlnis	tinh chất nhân tạo
artillerist	n	ɑ:'tilərist/ (artilleryman) /ɑ:'tilərimən	pháo thủ, bộ đội pháo binh
artillery	n	ɑ:'tiləri	pháo
artilleryman	n	ɑ:'tilərist/ (artilleryman) /ɑ:'tilərimən	pháo thủ, bộ đội pháo binh
artiness	n	'ɑ:timis	sự làm ra vẻ nghệ sĩ, sự làm ra vẻ có mỹ
artiodactyl	a	,ɑ:tiou'dæktil	có guốc chân
artiodactylous	a	,ɑ:tiou'dæktil	có guốc chân
artisan	n	,ɑ:ti'zæn	thợ thủ công
artisanal	a	'ɑ:tizənəl	thủ công
artist	n	'ɑ:tist	nghệ sĩ
artiste	n	ɑ:'ti:st	nghệ sĩ sân khấu, diễn viên chuyên nghiệ
artistic	a	ɑ:'tistik/ (artistical) /ɑ:'tistikəl	nghệ thuật, mỹ thuật
artistical	a	ɑ:'tistik/ (artistical) /ɑ:'tistikəl	nghệ thuật, mỹ thuật
artistically	d		khéo léo, sắc sảo
artistry	n	'ɑ:tistri	nghệ thuật, tính chất nghệ thuật
artless	a	'ɑ:tlis	tự nhiên, không giả tạo
artlessness	n	'ɑ:tlisnis	tính tự nhiên, tính không giả tạo
artwork	n		nguyên cảo, nguyên đồ
arty	a	'ɑ:ti	làm ra vẻ nghệ sĩ, làm ra vẻ có mỹ thuật
arum	n	'eərəm	cây chân bê
aryan	a	'eəriən	người A-ri-an
as	d	æz, əz	như
asa	n		Cơ quan Tiêu chuẩn Quảng cáo
asafoetida	n	,æsə'fetidə/ (assafoetida) /,æsə'fetidə	cây a nguỳ
asap	n		càng sớm càng tốt
asbestine	a	æz'bestin	bằng amiăng, giống amiăng
asbestos	n	æz'bestɔs	miăng
ascarid	n	'æskərid	giun đũa
ascend	v	ə'send	lên, thăng
ascendancy	n	ə'sendənsi/ (ascendency) /ə'sendənsi	uy thế, uy lực
ascendant	a	ə'sendənt/ (ascendent) /ə'sendənt	đang lên
ascendency	n	ə'sendənsi/ (ascendency) /ə'sendənsi	uy thế, uy lực
ascendent	a	ə'sendənt/ (ascendent) /ə'sendənt	đang lên
ascending	n		thăng, tăng lên
ascension	n	ə'senʃn	sự lên
ascensional	a	ə'senʃənl	lên
ascent	n	ə'sent	sự trèo lên, sự đi lên
ascertain	v	,æsə'tein	biết chắc, xác định
ascertainable	a	,æsə'teinəbl	có thể biết chắc, có thể thấy chắc
ascertainment	n	,æsə'teinmənt	sự biết chắc, sự thấy chắc
ascetic	a	ə'setik	khổ hạnh
ascetical	a	ə'setik	khổ hạnh
asceticism	n	ə'setisizm	sự tu khổ hạnh
asci	n	'æskəs	nang
ascidium	n	ə'sidiəm	hải tiêu
asclepiadaceous	a	æs,kli:piə'deiʃəs	họ thiên lý
ascomycetes	n	,æskəmai'si:ti:z	lớp nấm nang
ascorbic	a	əs'kɔ:bik	Ascobic
ascospore	n	'æskəspɔ:	nang bào tử
ascot	n		cà vạt lớn buộc dưới cằm
ascribable	a	əs'kraibəbl	có thể đổ tại, có thể đổ cho
ascribe	v	əs'kraib	đổ tại, đổ cho
ascription	n	əs'kripʃn	sự đổ tại, sự đổ cho
ascus	n	'æskəs	nang
asdic	n	'æzdik	thiết bị phát hiện tàu ngầm
asepsis	n	æ'sepsis	sự vô trùng, sự vô khuẩn
aseptic	a	æ'septik	vô trùng, vô khuẩn
asexuality	n	æ,seksju'æliti	tính chất vô tính
ash	n	æʃ	số nhiều) tro, tàn
ashake	a	ə'ʃeik	run
ashamed	a	ə'ʃeimd	xấu hổ, hổ thẹn
ashen	a	'æʃn	tro, xám tro
ashet	n	'æʃit	đĩa to, đĩa bình bầu dục
ashlar	n	'æʃlə/ (ashler) /'æʃlə	đá khối
ashler	n	'æʃlə/ (ashler) /'æʃlə	đá khối
ashore	d	ə'ʃɔ:	trên bờ, vào bờ
ashtray	n		cái gạt tàn [thuốc lá]
ashy	a	'æʃi	có tro, đầy tro
asia	n		người châu A
asian	n		người châu á
asiatic	a	,eiʃi'ætik	Châu á
aside	d	ə'said	về một bên, sang một bên
asinine	a	'æsinain	giống lừa
asininity	n	,æsi'niniti	sự ngu xuẩn
ask	v	ɑ:sk	hỏi
askance	d	əs'kæns/ (askant) /əs'kænt	về một bên, nghiêng
askant	d	əs'kæns/ (askant) /əs'kænt	về một bên, nghiêng
askew	d	əs'kju:	nghiêng, xiên
aslant	a	ə'slɑ:nt	nghiêng, xiên
asleep	a	ə'sli:p	ngủ, đang ngủ
aslope	a	ə'sloup	dốc nghiêng, dốc
asp	n	æsp	rắn mào
asparagus	n	əs'pærəpəs	măng tây
aspect	n	'æspekt	vẻ, bề ngoài; diện mạo
aspen	n	'æspən	cây dương lá rung
aspergillus	n	,æspə'dʤiləs	nấm cúc
asperity	n	æs'periti	tính cộc cằn
asperse	v	əs'pə:s	vảy, rảy
aspersion	n	əs'pə:ʃn	sự vảy, sự rảy
aspersive	a	əs'pə:siv/ (aspersory) /əs'pə:səri	phỉ báng, vu khống
aspersorium	n	,æspə'sɔ:riəm	bình đựng nước thánh
aspersory	a	əs'pə:siv/ (aspersory) /əs'pə:səri	phỉ báng, vu khống
asphalt	n	'æsfælt	nhựa đường
asphaltic	a	æs'fəltik	nhựa đường
asphodel	n	'æsfədel	lan nhật quang
asphyxia	n	æsfiksiə/ (asphyxy) /æs'fiksi	sự ngạt, trạng thái ngạt
asphyxiant	n	æs'fiksiənt	chất làm ngạt
asphyxiate	v	æs'fiksieit	làm ngạt
asphyxiation	n	æs,fiksi'eiʃn	sự làm ngạt
asphyxy	n	æsfiksiə/ (asphyxy) /æs'fiksi	sự ngạt, trạng thái ngạt
aspic	n	'æspik	rắn độc
aspirant	n	əs'paiərənt	món atpic
aspirate	a	'æspərit	bật hơi
aspiration	n	,æspə'reiʃn	nguyện vọng, khát vọng
aspirator	n	'æspəreitə	máy hút
aspire	v	əs'paiə	thiết tha, mong mỏi
aspirin	n	'æspərin	atpirin
asquint	d	ə'skwint	nghiêng, xiên
ass	n	æs	con lừa
assafoetida	n	,æsə'fetidə/ (assafoetida) /,æsə'fetidə	cây a nguỳ
assagai	n	'æsəgai/ (assegai) /'æsigai	mũi lao
assail	v	ə'seil	tấn công, xông vào đánh
assailable	a	ə'seiəbl	có thể tấn công được
assailableness	n	ə'seiləblnis	tính có thể tấn công được
assailant	n	ə'seilənt	người tấn công, người xông vào đánh
assassin	n	ə'sæsin	kẻ ám sát
assassinate	v	ə'sæsineit	ám sát
assassination	n	ə,sæsi'neiʃn	sự ám sát
assassinator	n	ə'sæsineitə	kẻ ám sát
assault	n	ə'sɔ:lt	cuộc tấn công, cuộc đột kích
assaulter	n	ə'sɔ:ltə	người tấn công
assay	n	ə'sei	sự thử, sự thí nghiệm
assayable	a	ə'seiəbl	có thể thử, có thể thí nghiệm
assayer	n	ə'seiə	người thử, người thí nghiệm
assegai	n	'æsəgai/ (assegai) /'æsigai	mũi lao
assemblage	n	ə'semblidʤ	sự tập hợp, sự tụ tập
assemble	v	ə'sembl	tập hợp, tụ tập
assembling	n		dịch ngữ mã số, lắp ráp
assembly	n	ə'sembli	cuộc họp
assemblyman	n	ə'semblimən	uỷ viên hội đồng lập pháp
assent	n	ə'sent	sự chuẩn y, sự phê chuẩn
assentation	n	,æsen'teiʃn	sự xun xoe đồng ý, sự vâng vâng dạ dạ
assentient	a	ə'senʃiənt	bằng lòng, đồng ý
assert	v	ə'sə:t	đòi
assertion	n	ə'sə:ʃn	sự đòi
assertive	a	ə'sə:tiv	xác nhận, khẳng định
assertor	n	ə'sə:tə	người xác nhận, người khẳng định
assess	v	ə'ses	định giá để đánh thuế, đánh giá
assessable	a	ə'sesəbl	có thể định giá để đánh thuế, có thể địn
assessment	n	ə'sesmənt	sự định giá để đánh thuế, sự đánh giá
assessor	n	ə'sesə	người định giá để đánh thuế
asset	n	'æset	tài sản có thể dùng để trả nợ
assets	n		tài sản, tiền có
asseverate	v	ə'sevəreit	long trọng xác nhận, quả quyết
asseveration	n	ə,sevə'reiʃn	sự long trọng xác nhận, sự quả quyết
assibilate	v	ə'sibileit	đọc thành âm gió, đọc thành âm xuýt
assibilation	n	ə,sibi'leiʃn	sự đọc thành âm gió, sự đọc thành âm xuý
assiduity	n	,æsi'dju:iti	tính siêng năng, tính chuyên cần
assiduous	a	ə'sidjuəs	siêng năng, chuyên cần
assiduousness	n	ə'sidjuəsnis	tính siêng năng, tính chuyên cần
assign	n	ə'sain	người được quyền thừa hưởng
assignation	n	,æsig'neiʃn	sự ấn định, sự hẹn
assignee	n	,æsi'ni:	người được uỷ nhiệm, người được uỷ quyền
assignment	n	ə'sainmənt	sự giao việc, sự phân công
assimilability	n	ə,similə'biliti	tính có thể tiêu hoá & )
assimilable	a	ə'similəbl	có thể tiêu hoá & )
assimilate	v	ə'simileit	tiêu hoá & )
assimilation	n	ə,simi'leiʃn	sự tiêu hoá & )
assimilative	a	ə'similətiv/ (assimilatory) /ə'similətəri	đồng hoá, có sức đồng hoá
assimilator	n	ə'simileitə	người đồng hoá
assimilatory	a	ə'similətiv/ (assimilatory) /ə'similətəri	đồng hoá, có sức đồng hoá
assist	v	ə'sist	giúp, giúp đỡ
assistance	n	ə'sistəns	sự giúp đỡ
assistant	n	ə'sistənt	người giúp đỡ, người phụ tá
assize	n	ə'saiz	việc sử án
associable	a	ə'souʃjəbl	có thể liên tưởng
associate	a	ə'souʃiit	kết giao, kết hợp liên hợp
associated	n		liên kết
association	n	ə,sousi'eiʃn	sự kết hợp, sự liên hợp
associational	a	ə,sousi'eiʃənl	liên tưởng
associationism	n	ə,sousi'eiʃənizm	thuyết liên tưởng
associationist	n	ə,sousi'eiʃənist	người theo thuyết liên tưởng
associative	a	ə'souʃjətiv	liên tưởng
assoil	v	ə'sɔil	tha tội, xá tôi
assonance	n	'æsənəns	sự trùng âm
assonant	a	'æsənənt	có vần ép
assort	v	ə'sɔ:t	chia loại, phân loại
assorted	a		hỗn hợp, đủ loại
assortment	n	ə'sɔ:tmənt	sự phân hạng, sự phân loại
assuage	v	ə'sweidʤ	làm dịu bớt, làm khuây
assuagement	n	ə'sweidʤmənt	sự làm dịu bớt, sự làm khuây
assume	v	ə'sju:m	mang, khoác
assumed	a	ə'sju:md	làm ra vẻ, giả bô
assuming	a	ə'sju:niɳ	kiêu căng, kiêu ngạo
assumption	n	ə'sʌmpʃn	sự mang, sự khoác
assumptive	a	ə'sʌmptiv	được mệnh danh là đúng, được cho là đúng
assurance	n	ə'ʃuərəns	sự chắc chắn, sự tin chắc
assure	v	ə'ʃuə	làm cho vững tâm, làm cho tin chắc
assured	a	ə'ʃuəd	tin chắc, cầm chắc
assuredly	d	ə'ʃuəridli	chắc chắn, nhất định
assuredness	n	ə'ʃuədnis	sự chắc chắn, sự nhất định
assurer	n	ə'ʃuərə	người bảo hiểm
assurgent	a	ə'sə:dʤənt	lên
ast	n		giờ tiêu chuẩn của vùng Đại Tây Dương )
astatic	a	əs'tætik	phiếm định
aster	n	'æstə	cây cúc tây
asterisk	n	'æstərisk	dấu sao
asterism	n	'æstərizm	chòm sao
asternal	a	əs'tə:nəl	không dính vào xương ức
asteroid	n	'æstərɔid	hành tinh nhỏ
asthenia	n	æs'θi:njə	sự suy nhược
asthenic	a	æs'θenik	suy nhược
asthma	n	'æsmə	bệnh hen, bệnh suyễn
asthmatic	a	æs'mætik	bệnh hen
astigmatic	a	,æstig'mætik	loạn thị
astigmatism	n	æs'tigmətizm	chứng loạn thị
astir	a	ə'stə:	hoạt động
astomatous	a	ə'stɔmətəs	không có miệng, không có mồm
astonish	v	əs'tɔniʃ	làm ngạc nhiên
astonished	a		ngạc nhiên, kinh ngạc
astonishing	a	əs'stɔniʃiɳ	làm ngạc nhiên, lạ lùng
astonishingly	d		đáng kinh ngạc
astonishment	n	əs'tɔniʃmənt	sự ngạc nhiên
astound	v	əs'taund	làm kinh ngạc, làm kinh hoàng
astounding	a	əs'taundiɳ	làm kinh ngạc, làm kinh hoàng
astraddle	a	ə'strædl	đang cưỡi lên, đang ngồi bỏ chân sang ha
astragal	n	'æstrəgəl	đường viền đỉnh, đường viền chân
astragalus	n	əs'trægələs	xương xên
astrakhan	n	,æstrə'kæn	bộ da lông cừu caracun
astral	a	'æstrəl	sao, gồm những vì sao
astray	a	ə'strei	lạc đường, lạc lối
astrict	v	ə'strikt	buộc chặt
astriction	n	ə'strikʃn	sự buộc chặt
astrictive	a	ə'striktiv	làm co
astride	a	ə'straid	cưỡi lên, ngồi như cưỡi ngựa
astringe	v	əs'trindʤ	buộc chặt lại với nhau
astringency	n	əs'trindʤənsi	tính chất làm se
astringent	a	əs'trindʤənt	làm se
astrobiology	n	'æstrəbai'ɔlədʤi	sinh vật học vũ trụ
astrobotany	n	'æstrə'bɔtəni	thực vật học vũ trụ
astrogeology	n	'æstrədʤi'ɔlədʤi	địa chất học vũ trụ
astroid	n	'æstrɔid	đường hình sao
astrolabe	n	'æstrouleid	cái đo độ cao thiên thể
astrologer	n	əs'trɔlədʤə	nhà chiêm tinh
astrologic	a	,æstrə'lɔdʤik/ (astrological) /,æstrə'lɔdʤikəl	thuật chiêm tinh
astrological	a	,æstrə'lɔdʤik/ (astrological) /,æstrə'lɔdʤikəl	thuật chiêm tinh
astrology	n	əs'trɔlədʤi	thuật chiêm tinh
astrometeorology	n	'æstrəmi:tjə'rɔlədʤi	khí tượng học thiên thể
astrometer	n	æs'trɔmitə	cái đo sao
astrometry	n	æs'trɔmitri	thuật đo sao
astronaut	n		phi hành gia, nhà du hành vũ trụ
astronautics	n	,æstrə'nɔ:tiks	ngành du hành vũ trụ, thuật du hành vũ t
astronomer	n	əs'trɔnəmə	nhà thiên văn học
astronomic	a	,æstrə'nɔmik/ (astronomical) /,æstrə'nɔmikəl	thiên văn, thiên văn học
astronomical	a	,æstrə'nɔmik/ (astronomical) /,æstrə'nɔmikəl	thiên văn, thiên văn học
astronomy	n	əs'trɔnəmi	thiên văn học
astrophotocamera	n	'æstrə'foutə,kæmərə	máy ảnh thiên văn
astrophotography	n	'æstroufə'tɔgrəfi	phép chụp ảnh thiên văn
astrophysicist	n		xem astrophysics
astrophysics	n	'æstrou'fiziks	vật lý học thiên thể
astute	a	əs'tju:t	sắc sảo, tinh khôn
astuteness	n	əs'tju:tnis	sự sắc sảo, óc tinh khôn
asunder	d	ə'sʌndə	riêng ra, xa ra
asylum	n	ə'sailəm	viện cứu tế
asymmetric	a	,æsi'metrik/ (asymmetrical) /,æsi'metrikəl	không đối xứng
asymmetrical	a	,æsi'metrik/ (asymmetrical) /,æsi'metrikəl	không đối xứng
asymmetry	n	æ'simitri	tính không đối xứng
asymptote	n	'æsimptout	đường tiệm cận
asymptotic	a	,æsimp'tɔtik	tiệm cận
asynchronism	n	æ'siɳkrənizm	trạng thái không đồng thời
asynchronous	a	æ'siɳkrənəs	không đồng thời
asyndetic	a	,æsin'detik	không có liên từ, bỏ liên từ
asyndeton	n	æ'sinditən	sự bỏ liên từ
at	n	æt, ət	ở tại
atabrine	n	'ætəbri:n	Atabrin
ataraxia	n	,ætə'ræksiə/ (ataraxy) /'ætəræksi	sự không cảm động, sự không động tâm
ataraxy	n	,ætə'ræksiə/ (ataraxy) /'ætəræksi	sự không cảm động, sự không động tâm
atavism	n	'ætəvizm	sự lại giống
atavistic	a	,ætə'vistik	lại giống
ataxia	n	ə'tæksi/ (ataxia) /ə'tæksiə	sự mất điều hoà
ataxic	a	ə'tæksik	mất điều hoà
ataxy	n	ə'tæksi/ (ataxia) /ə'tæksiə	sự mất điều hoà
ate	v	i:t	ăn; ăn cơm
atelier	n	'ætəliei	xưởng, xưởng vẽ
atheism	n	'eiθiizm	thuyết vô thần
atheist	n	'eiθiist	người theo thuyết vô thần
atheistic	a	,eiθi'istik/ (atheistical) /,eiθi'istikəl	thuyết vô thần
atheistical	a	,eiθi'istik/ (atheistical) /,eiθi'istikəl	thuyết vô thần
athenaeum	n	,æθi'ni:em	câu lạc bộ văn học, câu lạc bộ khoa học
athenian	a	ə'θi:njən	thành A-ten
athirst	a	ə'θə:st	khát
athlete	n	'æθli:t	lực sĩ
athletic	a	æθ'letik	có tính chất lực sĩ, lực lưỡng
athletics	n	æθ'letiks	điền kinh, thể thao
athwart	d	ə'θwɔ:t	ngang qua, xiên xéo từ bên này sang bên
atilt	a	ə'tilt	xiên, nghiêng
atlantes	n	ət'lænti:z	cột tượng người
atlantic	a	ət'læntik	núi At-lát
atlas	n	'ætləs	tập bản đồ
atm	n		atmosphere
atmometer	n	æt'mɔmitə	cái đo hoá hơi
atmosphere	n	'ætməsfiə	quyển khí
atmospheric	a	,ætməs'ferik/ (atmospherical) /,ætməs'ferikəl	quyển khí, không khí
atmospherical	a	,ætməs'ferik/ (atmospherical) /,ætməs'ferikəl	quyển khí, không khí
atmospherics	n	,ætməs'feriks	rađiô âm tạp quyển khí
atoll	n	'ætɔl	đảo san hô vòng
atom	n	'ætəm	nguyên tử
atomaniac	n	'ætə,meiniæk	kẻ thích sử dụng vũ khí nguyên tử
atomic	a	ə'tɔmik	nguyên tử
atomicity	n	ə'tə'misiti	hoá trị
atomics	n	ə'tɔmiks	nguyên tử học
atomise	v	'ætəmaiz/ (atomise) /'ætəmaiz	nguyên tử hoá
atomism	n	'ætəmizm	thuyết nguyên tử
atomist	n	'ætəmist	người theo thuyết nguyên tử
atomistic	a	,ætə'mistik	nguyên tử
atomization	n	,ætəmai'zeiʃn	sự nguyên tử hoá
atomize	v	'ætəmaiz/ (atomise) /'ætəmaiz	nguyên tử hoá
atomizer	n	'ætəmaizə	máy phun
atomy	n	'ætəmi	nguyên tử
atone	v	ə'toun	chuộc
atonement	n	ə'tounmənt	sự chuộc lỗi, sự đền tội
atonic	a	æ'tɔnik	mất sức trương
atony	n	'ætəni	sự mất sức trương
atop	d	ə'tɔp	ở đỉnh, ở chỏm
atrabiliar	a	,ætrə'bijə/ (atrabilious) /,ætrə'biljəs	bị mật đen
atrabilious	a	,ætrə'bijə/ (atrabilious) /,ætrə'biljəs	bị mật đen
atrip	d	ə'trip	vừa kéo lên khỏi mặt đất
atrium	n		cửa
atrocious	a	ə'trouʃəs	hung bạo, tàn ác
atrociousness	n	ə'trouʃəsnis/ (atrocity) /ə'trɔsiti	tính hung bạo, sự tàn ác
atrocity	n	ə'trouʃəsnis/ (atrocity) /ə'trɔsiti	tính hung bạo, sự tàn ác
atrophied	a	'ætrəfid	teo, bị teo
atrophy	n	'ætrəfi	sự teo
atropine	n	'ætrəpi:n	Atropin
attaboy	i	'ætə,bɔi	at-a-boy
attach	v	ə'tætʃ	gắn, dán
attached	a		gắn bó
attachment	n	ə'tætʃmənt	sự gắn, sự dán
attack	n	ə'tæk	sự tấn công, sự công kích
attackable	a	ə'tækəbl	có thể tấn công, có thể công kích
attacker	n		kẻ tấn công, người tấn công
attain	v	ə'tein	đến tới, đạt tới
attainability	n	ə,teinə'biliti	sự có thể đạt tới được
attainable	a	ə'teinəbl	có thể đạt tới được
attainder	n	ə'teində	sự đặt ra ngoài vòng pháp luật
attainment	n	ə'teinmənt	sự đạt được
attaint	v	ə'teint	sự tước quyền công dân và tịch thu tài s
attar	n	'ætə/ (otto) /'ɔtou	tinh dầu hoa hồng
attemper	v	ə'tempə	làm bớt, làm dịu
attempt	n	ə'tempt	sự cố gắng, sự thử
attend	v	ə'tend	dự, có mặt
attendance	n	ə'tendəns	sự dự, sự có mặt
attendant	a	ə'tendənt	tham dự, có mặt
attended	n		station đài/trạm có người
attention	n	ə'tenʃn	sự chú ý
attentive	a	ə'tentiv	chăm chú
attentively	d		chăm chú
attentiveness	n	ə'tentivnis	sự chăm chú
attenuate	v	ə'tenjueit	làm mỏng đi, làm mảnh đi
attenuation	n	ə,tenju'eiʃn	sự làm mỏng đi, sự làm mảnh đi
attest	v	ə'test	chứng nhận, nhận thực
attestation	n	,ætes'teiʃn	sự chứng nhận, sự nhận thực
attestor	n	ə'testə	người chứng thực, người làm chứng
attic	a	'ætik	thành A-ten
atticism	n	'ætisizm	phong cách A-ten
attire	n	ə'taiə	quần áo, đồ trang điểm
attitude	n	'ætitju:d	thái độ, quan điểm
attitudinise	v	,æti'tju:dinaiz/ (attitudinize) /,æti'tju:dinaiz	lấy dáng, làm điệu bộ
attitudinize	v	,æti'tju:dinaiz/ (attitudinize) /,æti'tju:dinaiz	lấy dáng, làm điệu bộ
attorney	n	ə'tə:ni	người được uỷ quyền đại diện trước toà
attract	v	ə'trækt	hút
attractable	a	ə'træktəbl	có thể hút được
attraction	n	ə'trækʃn	sự hú, sức hút
attractive	a	ə'træktiv	hút
attractiveness	n	ə'træktivnis	sự hút
attributable	a	ə'tribjutəbl	có thể quy cho
attribute	n	'ætribju:t	thuộc tính
attribution	n	,ætri'bju:ʃn	sự quy ra
attributive	a	ə'tribjutiv	thuộc ngữ, có tính chất thuộc ngữ
attrited	a	ə'traitid	bị cọ mòn
attrition	n	ə'triʃn	sự cọ mòn
attune	v	ə'tju:n	làm cho hoà hợp
atypical	a	ə'tipikəl	không đúng kiểu, không điển hình
aubade	n	ou'bɑ:d	khúc nhạc sớm
aubergine	n	'oubədʤi:n	cà tím
aubur	a	'ɔ:bən	màu nâu vàng
auburn	a		màu nâu vàng
auction	n	'ɔ:kʃn	sự bán đấu giá
auctioneer	n	,ɔkʃə'niə	người bán đấu giá
Auctions	n		Đấu giá.
audacious	a	ɔ:'deiʃəs	gan, táo bạo
audaciousness	n	ɔ:'dæsiti/ (audaciousness) /ɔ:'deiʃəsnis	sự cả gan, sự táo bạo
audacity	n	ɔ:'dæsiti/ (audaciousness) /ɔ:'deiʃəsnis	sự cả gan, sự táo bạo
audibility	n	,ɔ:di'biliti/ (audibleness) /'ɔ:dəblnis	sự có thể nghe thấy
audible	a	'ɔ:dəbl	có thể nghe thấy, nghe rõ
audibleness	n	,ɔ:di'biliti/ (audibleness) /'ɔ:dəblnis	sự có thể nghe thấy
audience	n	'ɔ:djəns	những người nghe, thính giả
audio	n		thuộc âm thanh
audiogram	n	'ɔ:diougræm	đồ thị nghe
audiograph	n	'ɔ:diougrɑ:f	máy ghi sức nghe
audiometer	n	,ɔ:di'ɔmitə	cái đo sức nghe
audiometry	n	,ɔ:di'ɔmitri	phép đo sức nghe
audion	n	'ɔ:diən	triôt, đèn ba cực
audiphone	n	'ɔ:difoun	máy tăng sức nghe
audit	n	'ɔ:dit	sự kiểm tra
auditing	n		kiểm tra quản lý
audition	n	ɔ:'diʃn	sức nghe, sự nghe
auditive	a	'ɔ:ditiv	sự nghe, thính giác
auditor	n	'ɔ:ditə	người kiểm tra sổ sách
auditorial	a	,ɔ:di'tɔ:riəl	sự kiểm tra sổ sách
auditorium	n	,ɔ:di'tɔ:riəm	phòng thính giả, giảng đường
auditory	a	'ɔ:ditəri	sự nghe, thính giác
auger	n	'ɔ:gə	cái khoan, mũi khoan
aught	n	ɔ:t	cái gì
augment	n	'ɔ:gmənt	gia tố, yếu tố thêm[ɔ:g'ment]
augmentation	n	,ɔ:gmen'teiʃn	sự làm tăng lên, sự làm rộng ra
augmentative	a	ɔ:g'mentətiv	làm tăng thêm
augmented	n		được tăng
augur	n	'ɔ:gə	thầy bói
augural	a	'ɔ:gjurəl	thuật bói toán
augury	n	'ɔ:gjuri	thuật xem điềm mà bói
august	n	'ɔ:gəst - ɔ:'gʌst	ɔ:'gʌst/
auk	n	ɔ:k	chim anca
aulic	a	'ɔ:lik	triều đình
aunt	n	ɑ:nt	cô, dì, thím, mợ, bác gái
auntie	n	'ɑ:nti	muấy dì, thím
aura	n	'ɔ:rə	hơi thoảng toát ra, hương toát ra
aural	a	'ɔ:rəl	hương toát ra, tinh hoa phát tiết ra
aureate	a	ɔ':riit	vàng ánh, màu vàng
aurelia	n	ɔ:'ri:ljə	con sứa
aurelian	a	ɔ:'ri:ljən	loài sứa
aureola	n	ɔ:'riələ/ (aureole) /'ɔ:rioul	hào quang
aureole	n	ɔ:'riələ/ (aureole) /'ɔ:rioul	hào quang
auric	a	'ɔ:rik	vàng
auricle	n	'ɔ:rikl	tai ngoài
auricled	a	'ɔ:rikld	có tai ngoài
auricula	n	ə'rikjulə	cây tai gấu
auriculae	n	ə'rikjulə	cây tai gấu
auricular	a	ɔ:'rikjulə/ (auriculae) /ə'rikju:li	tai
auriculate	a	ɔ:'rikjulit	có tai
auriferous	a	ɔ:'rifərəs	có vàng
auriform	a	'ɔ:rifɔ:m	hình tai
auriga	n	ɔ:'raigə	chòm sao Ngự phu
aurilave	n	'ɔ:rileiv	dụng cụ rửa tai
auriscope	n	'ɔ:riskoup	kính soi tai
aurist	n	'ɔ:rist	thầy thuốc chuyên khoa tai
aurochs	n	'ɔ:rɔks	bò rừng Châu âu
aurora	n	ɔ:'rɔ:rə	Aurora nữ thần Rạng đông
auroral	a	ɔ:'rɔ:rəl	bình minh, rạng đông
auscultate	v	'ɔ:skəlteit	nghe bệnh
auscultation	n	,ɔ:skəl'teiʃn	sự nghe bệnh
auspicate	v	'ɔ:spikeit	bắt đầu, khai trương
auspice	n	'ɔ:spis	sự che chở, sự bảo hộ
auspicious	a	ɔ:s'piʃəs	có điềm tốt, điềm lành
auspiciousness	n	ɔ:s'piʃəsnis	sự có điềm tốt, sự có điềm lành
aussie	a		có quê quán ở Uc
austere	a	ɔ:s'tiə	nghiêm khắc, khắt khe
austereness	n	ɔ:s'teriti/ (austereness) /ɔ:s'tiənis	sự nghiêm khắc, sự khắt khe
austerity	n	ɔ:s'teriti/ (austereness) /ɔ:s'tiənis	sự nghiêm khắc, sự khắt khe
austral	a	'ɔ:strəl	nam
australian	a	ɔs'treiljən	nước Uc
austrian	a	'ɔstriən	nước Ao
autarchic	a	ɔ:'tɑ:kik/ (autarchical) /ɔ:'tɑ:kikəl	chủ quyền tuyệt đối
autarchical	a	ɔ:'tɑ:kik/ (autarchical) /ɔ:'tɑ:kikəl	chủ quyền tuyệt đối
autarchy	n	'ɔ:tɑ:ki	chủ quyền tuyệt đối
autarkic	a	ɔ:'tɑ:kik/ (autarkical) /ɔ:'tɑ:kikəl	chính sách tự cấp tự túc
autarkical	a	ɔ:'tɑ:kik/ (autarkical) /ɔ:'tɑ:kikəl	chính sách tự cấp tự túc
autarkist	n	'ɔ:tɑ:kist	người chủ trương tự cấp tự túc
autarky	n	'ɔ:tɑ:ki	chính sách tự cấp tự túc, sự tự cấp tự t
authentic	a	ɔ:'θentik	thật, xác thực
authenticate	v	ɔ:'θentikeit	xác nhận là đúng, chứng minh là xác thực
authentication	n	ɔ:,θenti'keiʃn	sự xác nhận là đúng, sự chứng minh là xá
authenticity	n	,ɔ:θen'tisiti	tính đúng thật, tính xác thật
author	n	'ɔ:θə	tác giả
authoress	n	'ɔ:θəris	nữ tác giả
authorial	a	ɔ:'θɔ:riəl	tác giả
authorisation	n		sự cho phép, sự cấp phép
authorise	v	'ɔ:θəraiz/ (authorise) /'ɔ:θəraiz	cho quyền, uỷ quyền
authoritarian	a	ɔ:,θɔri'teəriən	người độc đoán
authoritarianism	n	ɔ:,θɔri'teəriənizm	chủ nghĩa độc đoán
authoritative	a	ɔ:'θɔritətiv	có căn cứ đích xác, có am hiểu tường tận
authority	n	ɔ:'θɔriti	uy quyền, quyền lực
authorization	n	,ɔ:θərai'zeiʃn	sự cho quyền, sự cho phép
authorize	v	'ɔ:θəraiz/ (authorise) /'ɔ:θəraiz	cho quyền, uỷ quyền
authorship	n	'ɔ:θəʃip	nghề viết văn
autism	n	'ɔ:tizm	tính tự kỷ
autistic	a		chứng tự kỷ
auto	n	'ɔ:tou	xe ô tô
autobahn	n	'ɔ:toubɑ:n	đường rộng dành riêng cho ô tô, xa lộ
autobahnen	n	'ɔ:toubɑ:n	đường rộng dành riêng cho ô tô, xa lộ
autobiographer	n	,ɔ:toubai'ɔgrəfə	người viết tự truyện
autobiographic	a	'ɔ:tou,baiou'græfik/ (autobiographical) /'ɔ:tou,baiou'græfikəl	tự truyện, có tính chất tự truyện
autobiographical	a	'ɔ:tou,baiou'græfik/ (autobiographical) /'ɔ:tou,baiou'græfikəl	tự truyện, có tính chất tự truyện
autobiography	n	,ɔ:toubai'ɔgrəfi	sự viết tự truyện
autobus	n	'ɔ:təbʌs	xe buýt
autocar	n	'ɔ:toukɑ:	xe ô tô
autocatalysis	n	,ɔ:toukə'tælisis	sự tự xúc tác
autocephalous	a	ɔ:tou'sefələs	độc lập
autochrome	n	'ɔ:toukroum	kính ảnh màu
autochthon	n	ɔ:'tɔkθən	người bản địa
autochthonal	a	ɔ:'tɔkθənəl/ (autochthonic) /,ɔ:tɔk'θɔnik/ (autochthonous) /ɔ:'tɔkθənəs	bản địa
autochthones	n	ɔ:'tɔkθən	người bản địa
autochthonic	a	ɔ:'tɔkθənəl/ (autochthonic) /,ɔ:tɔk'θɔnik/ (autochthonous) /ɔ:'tɔkθənəs	bản địa
autochthonous	a	ɔ:'tɔkθənəl/ (autochthonic) /,ɔ:tɔk'θɔnik/ (autochthonous) /ɔ:'tɔkθənəs	bản địa
autoclave	n	'ɔ:toukleiv	nồi hấp
autocracy	n	ɔ:'tɔkrəsi	chế độ chuyên quyền
autocrat	n	'ɔ:kəkræt	người chuyên quyền
autocratic	a	,ɔ:tə'krætik/ (autocratical) /,ɔ:tə'krætikəl	chuyên quyền
autocratical	a	,ɔ:tə'krætik/ (autocratical) /,ɔ:tə'krætikəl	chuyên quyền
autodidact	n	'ɔ:toudidækt	người tự học
autodyne	a	'ɔ:toudain	tự hêtêrôđyn
autogamous	a	ɔ:tɔgəməs	tự giao
autogamy	n	ɔ:'tɔgemi	sự tự giao
autogenous	a	ɔ:'tɔdʤinəs	tự sinh
autogeny	n	ɔ:'tɔgʤini	sự tự sinh
autogiro	n	'ɔ:tou'dʤaiərou/ (autogiro) /'ɔ:tou'dʤaiərou	máy bay tự lên thẳng
autograph	v	'ɔ:təgrɑ:f	tự viết tay
autographic	a	,ɔ:tə'græfik/ (autographical) /,ɔ:tə'græfikəl	tự viết tay
autographical	a	,ɔ:tə'græfik/ (autographical) /,ɔ:tə'græfikəl	tự viết tay
autography	n	ɔ:'tɔgrəfi	sự tự viết tay
autogyro	n	'ɔ:tou'dʤaiərou/ (autogiro) /'ɔ:tou'dʤaiərou	máy bay tự lên thẳng
autohypnosis	n	,ɔ:tou'hipnətizm/ (autohypnosis) /,ɔ:tou'hipnətizm	sự tự thôi miên, thuật tự thôi miên
autohypnotism	n	,ɔ:tou'hipnətizm/ (autohypnosis) /,ɔ:tou'hipnətizm	sự tự thôi miên, thuật tự thôi miên
autoimmune	a		tự miễn dịch
autointoxication	n	'ɔ:touin,tɔksi'keiʃn	sự tự nhiễm độc
autolysis	n	ɔ:'toulaisis	sự ưu tiên
automat	n	,ɔ:tə'mæt	quán ăn tự động
automata	n	,ɔ:tə'meiʃn/ (automata) /ɔ:'tɔmətə	máy tự động, thiết bị tự động
automate	v	'ɔ:təmeit/ (automatize) /'ɔ:təmətaiz	tự động hoá
automatic	a	,ɔ:tə'mætik/ (automatical) /,ɔ:tə'mætikəl	tự động
automatical	a	,ɔ:tə'mætik/ (automatical) /,ɔ:tə'mætikəl	tự động
automatically	d		tự động
automatics	n	,ɔ:tə'mætiks	tự động học
automation	n	,ɔ:tə'meiʃn	sự tự động hoá, kỹ thuật tự động
automatism	n	ɔ:'tɔmətizm	tính tự động, tác dụng tự động
automatization	n	'ɔ:təməti'zeʃn	sự tự động hoá
automatize	v	'ɔ:təmeit/ (automatize) /'ɔ:təmətaiz	tự động hoá
automaton	n	,ɔ:tə'meiʃn/ (automata) /ɔ:'tɔmətə	máy tự động, thiết bị tự động
automobile	n	'ɔ:təməbi:l	xe ô tô
automobilist	n	,ɔ:tə'mɔbilist	người lái ô tô
automotive	a	,ɔ:tə'moutiv	tự động
autonomic	a	,ɔ:tou'nɔmik	tự trị
autonomist	n	ɔ:'tɔnəmist	người chủ trương tự trị
autonomous	a	ɔ:'tɔnəməs	tự trị
autonomy	n	ɔ:'tɔnæmi	sự tự trị, quyền tự trị
autopilot	n	'ɔ:tə,pailət	máy lái tự động
autopsy	n	'ɔ:təpsi	sự mổ xác
autoptic	a	ɔ:'tɔptik/ (autoptical) /ɔ:'tɔptikəl	sự mổ xác
autoptical	a	ɔ:'tɔptik/ (autoptical) /ɔ:'tɔptikəl	sự mổ xác
autoradiogram	n	'ɔ:tou'reidiougræm	ảnh phóng xạ tự chụp
autorifle	n	'ɔ:təraifl	súng tiểu liên
autostrada	n		xem auto-road
autotoxic	a	,ɔ:tou'tɔksik	tự nhiễm độc
autotoxication	n	'ɔ:tou,tɔksi'keiʃn	sự tự nhiễm độc
autotoxin	n	,ɔ:tou'tɔksin	tự độc tố
autotrophic	a	,ɔ:tə'trɔfik	tự dưỡng
autotruck	n	'ɔ:tə,trʌk	xe tải
autotype	n	'ɔ:tətaip	bản sao đúng
autumn	n	'ɔ:təm	mùa thu
autumnal	a	ɔ:'tʌmnəl	mùa thu
aux	n		cổng phụ
auxanometer	n	,ɔ:ksə'nɔmitə	cái đo sinh trưởng
auxiliary	a	ɔ:g'ziljəri	phụ, bổ trợ
auxin	n	'ɔksin	auxin
av	n		nghe nhìn
avail	n	ə'veil	điều có lợi, ích lợi
availability	n	ə,veilə'biliti/ (availableness) /ə'veiləblnis	tính sẵn sàng để dùng, tính có thể dùng
available	a	ə'veiləbl	sẵn có để dùng, sẵn sàng để dùng
availableness	n	ə,veilə'biliti/ (availableness) /ə'veiləblnis	tính sẵn sàng để dùng, tính có thể dùng
avalanche	n	'ævəlɑ:nʃ	tuyết lở
avarice	n	'ævəris/ (avariciousness) /,ævə'riʃəs	tính hám lợi, tính tham lam
avaricious	a	,ævə'riʃəs	hám lợi, tham lam
avariciousness	n	'ævəris/ (avariciousness) /,ævə'riʃəs	tính hám lợi, tính tham lam
avast	i	ə'vɑ:st	đứng lại! dừng lại! đỗ lại!
avatar	n	,ævə'tɑ:	Ân, thiên thần giáng thế
avaunt	i	ə'vɔ:nt	đi đi!, cút đi!
ave	n	'ɑ:vi	lời chào, lời chào tạm biệt
avenge	v	ə'vendʤ	trả thù, báo thù
avenger	n	ə'vendʤə	người trả thù, người báo thù
avenue	n	'ævinju:	đại lộ
aver	v	ə'və:	xác nhận, khẳng định
average	n	'ævəridʤ	số trung bình, mức trung bình
averagely	d	'ævəridʤli	trung bình
averaging	n		lấy trung bình
averment	n	ə'və:mənt	sự xác nhận, sự khẳng định
averruncator	n	,ævə'rʌɳkeitə	kéo tỉa cành cao su
averse	a	ə'və:s	chống lại, ghét
aversion	n	ə'və:ʃn	sự ghét, ác cảm
avert	v	ə'və:t	quay đi, ngoảnh đi
avertable	a	ə'və:təbl	có thể ngăn ngừa, có thể ngăn chận
avertible	a	ə'və:təbl	có thể ngăn ngừa, có thể ngăn chận
avian	a	'əivjən	loài chim
aviarist	n	'eivjərist	người nuôi chim
aviary	n	'eivjəri	chuồng chim
aviate	v	'eivieit	bay, đi
aviation	n	,eivi'eiʃn	hàng không, thuật hàng không
aviator	n	'eivieitə	người lái máy bay, phi công
aviatress	n	'eivieitris/ (aviatrice) /'eivieitris/ (aviatrix) /'eivieitriks	nữ phi công
aviatrice	n	'eivieitris/ (aviatrice) /'eivieitris/ (aviatrix) /'eivieitriks	nữ phi công
aviatrix	n	'eivieitris/ (aviatrice) /'eivieitris/ (aviatrix) /'eivieitriks	nữ phi công
aviculture	n	'eivikʌltʃə	nghề nuôi chim
avid	a	'ævid	khao khát, thèm khát
avidity	n	ə'viditi	sự khao khát, sự thèm khát
aviette	n	,eivi'et	máy bay nhỏ, máy bay loại nhẹ
avifauna	n	,eivi'fɔ:nə	hệ chim
aviso	n	ə'vaizou	tàu thông báo
avitaminosis	n	ə,vaitəmi'nousis	bệnh thiếu vitamin
avocado	n	,ævou'kɑ:dou/ (alligator_pear) /'æligeitə,peə	lê tàu
avocation	n	avocation	công việc phụ, việc lặt vặt
avocet	n	'ævouset/ (avoset) /'ævouset	chim mỏ cứng
avoid	v	ə'vɔid	tránh, tránh xa
avoidable	a	ə'vɔidəbl	có thể tránh được
avoidance	n	ə'vɔidəns	sự tránh, sự tránh xa
avoirdupois	n	,ævədə'pɔiz	hệ thống cân lường Anh Mỹ
avoset	n	'ævouset/ (avoset) /'ævouset	chim mỏ cứng
avouch	v	ə'vautʃ	đảm bảo
avouchment	n	ə'vautʃmənt	sự đảm bảo
avow	v	'əvau	nhận, thừa nhận
avowable	a	ə'vauəbl	có thể nhận, có thể thừa nhận
avowal	n	ə'vauəl	sự nhận, sự thừa nhận
avowed	a	ə'vaud	đã được công khai thừa nhận, đã được côn
avowedly	d	ə'vauidli	đã được công khai thừa nhận, đã được côn
avulsion	n	ə'vʌlʃn	sự nhổ bật ra, sự giật mạnh ra
avuncular	a	ə'vʌɳkjulə	chú, bác
await	v	ə'weit	đợi, chờ đợi
awake	v	ə'weik	đánh thức, làm thức dậy
awaken	a	ə'weikən	thức giấc, thức dậy
awakening	n		hành vi nhận thức
award	n	ə'wɔ:d	phần thưởng, tặng thưởng
aware	a	ə'weə	biết, nhận thấy
awareness	n		xem aware
awash	a	ə'wɔʃ	vị ngữ trôi nổi trên mặt nước
away	d	ə'wei	xa, xa cách, rời xa, xa ra, đi
awe	n	ɔ:	ván cánh bánh xe nước
aweary	a	ə'wiəri	mệt mỏi, mệt nhọc
awesome	a	'ɔ:səm	đáng kinh sợ, làm khiếp sợ
awesomeness	n	'ɔ:səmnis	tính đáng kinh sợ, sự làm khiếp sợ
awestruck	a	'ɔ:strʌk	kinh sợ, khiếp sợ
awful	a	'ɔ:ful	đáng kinh sợ, uy nghi
awfully	d		tàn khốc, khủng khiếp
awhile	d	ə'wail	một lúc, một lát
awkward	a	'ɔ:kwəd	vụng về
awkwardly	d	'ɔ:kwədli	vụng về
awkwardness	n	'ɔ:kwədnis	sự vụng về
awl	n	ɔ:l	giùi
awn	n	ɔ:l	râu
awning	n	'ɔ:niɳ	tấm vải bạt
awoke	v	ə'weik	đánh thức, làm thức dậy
awol	a	'eiwɔ:l	nghỉ không được phép, nghỉ không xin phé
awry	a	ə'rai	xiên, méo
ax	n	æks/ (axe) /æks	cái rìu
axe	n	æks/ (axe) /æks	cái rìu
axes	n	'æksiz	số nhiều của axe
axial	a	'æksiəl	trục, quanh trục
axil	n	'æksil	nách lá
axilla	n	æk'silə	nách
axillae	n	æk'silə	nách
axillary	a	æk'siləri	nách
axiom	n	'æksiəm	chân lý, sự thật
axiomatic	a	,æksiə'mætik/ (axiomatical) /,æksiə'mætikəl	rõ ràng, hiển nhiên
axiomatical	a	,æksiə'mætik/ (axiomatical) /,æksiə'mætikəl	rõ ràng, hiển nhiên
axiomatics	n	,æksiə'mətiks	tiên đề học
axis	n	'æksis	trục
axle	n	'æksl	trục xe
axonometry	n	,æksə'nɔmitri	trục lượng học
ay	i	ai	được! đồng ý!
ayah	n	'aiə	Anh-Ân vú em, người hầu gái
ayatollah	n		thủ lĩnh cao tuổi của Hồi giáo ở Iran
aye	d	ei	luôn luôn, trong mọi trường hợp
azalea	n	ə'zeiliə	cây khô
azilian	a	ə'ziljən	thời kỳ azin
azimuth	n	'æziməθ	góc phương vị
azimuthal	a	,æzi'mju:θəl	góc phương vị
azoic	a	ə'zouik	vô sinh
azolla	n	ə'zoulə	bèo dâu, bèo hoa dâu
azote	n	ə'zout	nitơ
azotic	a	ə'zɔtik	nitric
aztec	n		người Axtec
azure	a	'æʤə	xanh da trời, trong xanh
azurit	n	'æʤurait	azurit
azygous	a	'æzigəs	đơn
b	n	bi:	b
ba	n		cử nhân văn chương
baa	n	bɑ:	tiếng be be
baal	n		số nhiều baals, baalim
baba	n		loại bánh tẩm rượu và nước đường
babble	n	'bæbl	tiếng bập bẹ, tiếng bi bô
babblement	n	'bæbl	tiếng bập bẹ, tiếng bi bô
babbler	n	'bæblə	người nói nhiều, người hay bép xép
babe	n	beib	trẻ sơ sinh,
babel	n	'beibəl	tháp Ba-ben
babittry	n	'bæbitri	tư tưởng Ba-bít
baboon	n	bə'bu:n	khỉ đầu chó
babouche	n	bə'bu:ʃ/ (papoosh) /pə'pu:ʃ	giày hạ, hài
babu	n		số nhiều babus
baby	n	'beibi	đứa bé mới sinh, trẻ thơ
babyhood	n	'beibihud	tuổi thơ
babyish	a	'beibiiʃ	trẻ con, như trẻ con
babyishness	n	'beibiiʃnis/ (babyism) /'beibiizm	tính trẻ con, tính như trẻ con
babyism	n	'beibiiʃnis/ (babyism) /'beibiizm	tính trẻ con, tính như trẻ con
baccalaureate	n	,bækə'lɔ:riit	bằng tú tài
baccarat	n	'bækərɑ:	trò chơi bacara
bacchanal	a	'bækənl/ (Bacchic) /'bækik	thần Bắc-cút
bacchanalia	n	,bækə'neiljə	thầy tế thần rượu Bắc-cút
bacchanalian	n	,bækə'neiljən	buổi tế thần rượu Bắc-cút
bacchant	n	'bækənt	thầy tế thần rượu Bắc-cút
bacchic	a	'bækənl/ (Bacchic) /'bækik	thần Bắc-cút
bacchus	n	'bækəs	thần rượu Bắc-cút
bacciferous	a	bæk'sifərəs	có quả mọng, mang quả mọng
bacciform	a	'bæksifɔ:m	hình quả mọng
baccivorous	a	bæk'sivərəs	ăn quả mọng
baccy	n	'bæki	thuốc lá
bachelor	n	'bætʃələ	người chưa vợ
bachelorhood	n	'bætʃələhud	đời sống độc thân
bachelorship	n	'bætʃələʃip	bachelorhood
bacillary	a	bə'siləri	khuẩn que
bacilli	n	bə'siləs	khuẩn que
bacilliform	a	bə'silifɔ:m	hình que
bacillus	n	bə'siləs	khuẩn que
back	n	bæk	lưng
backache	n	'bækeik	chứng đau lưng
backbit	v	'bækbait	nói vụng, nói xấu sau lưng
backbite	v	'bækbait	nói vụng, nói xấu sau lưng
backbiter	n	'bæk,baitə	kẻ
backbiting	n	'bækbaitiɳ	sự nói vụng, sự nói xấu sau lưng
backbitten	v	'bækbait	nói vụng, nói xấu sau lưng
backboard	n	'bækbɔ:d	ván hậu
backbone	n	'bækboun	xương sống
backdrop	n		tấm màn vẽ căng sau sân khấu
backer	n	'bækə	người giúp đỡ, người ủng hộ
backfire	v	'bæk'faie	đốt lửa chặn
backgammon	n	bæk'gæmən	cờ tào cáo
background	n	'bækgraund	phía sau
backhand	n	'bækhænd	cú ve, quả trái
backhanded	a	'bæk,hændid	trái, sấp tay
backhander	n	'bæk,hændə	cú đánh trái, cái tát trái
backing	n	'bækiɳ	sự giúp đỡ, sự ủng hộ
backlash	n		khe, khoảng trống
backlog	n	'bæklɔg	dự trữ
backmost	a	'bækmoust	cuối cùng, tít cùng đằng sau
backpack	n		cái ba lô đeo trên vai
backpacking	n		xem backpack
backside	n	'bæk'said	mông đít
backslide	v	'bæk'slaid	tái phạm, lại sa ngã
backslider	n	'bæk'slaidə	kẻ tái phạm
backsliding	n	'bæk'slaidiɳ	sự tái phạm
backstage	a	'bæk'steidʤ	ở sau sân khấu, ở hậu trường &
backstairs	n	'bæk'steəs	cầu thang sau
backstay	n	'bækstei	số nhiều) dây néo sau
backstreet	n		phố hẹp ở phía sau các ngôi nhà
backstroke	n	'bækstrouk	cú trái
backtrack	v	'bæktræk	quay về theo lối cũ
backup	n		dự phòng, sao lưu
backward	a	'bækwəd	về phía sau, giật lùi
backwardness	n	'bækwədnis	tình trạng lạc hậu, tình trạng chậm tiến
backwards	d	'bækwədz	backward
backwash	n	'bækwɔʃ	nước xoáy ngược, nước cuộn ngược
backwater	n	'bæk,kwɔ:tə	chỗ nước đọng ở bờ
backway	n	'bækwei	con đường hẻm, con đường vắng
backwood	a	'bækwud	rừng xa xôi hẻo lánh, ở vùng rừng xa xôi
backwoods	n	'bækwudz	rừng xa xôi hẻo lánh
backwoodsman	n	'bækwudzmen	người sống ở rừng
backyard	n		sân sau
bacon	n	'beikən	thịt lưng lợn muối xông khói, thịt hông
bacteria	n	bæk'tiəriəm	vi khuẩn
bacterial	a	bæk'tiəriəl	vi khuẩn, do vi khuẩn
bacteriological	a	bæk,tiəriə'lɔdʤikəl	vi khuẩn học
bacteriologist	n	bæk,tiəri'clədʤist	nhà vi khuẩn học
bacteriology	n	bæk,tiəri'ɔlədʤi	khoa nghiên cứu vi khuẩn
bacteriolysis	n	bæk,tiəri'ɔlisis	sự tiêu vi khuẩn, sự tan vi khuẩn
bacteriophage	n	bæk'tiəriəfeidʤ	vật ăn vi khuẩn
bacterium	n	bæk'tiəriəm	vi khuẩn
baculine	a	'bækjulin	bằng roi vọt, bằng đòn vọt
bad	a	bæd	xấu, tồi
bade	n	bid	sự đặt giá, sự trả giá
badge	n	beid	huy hiệu, phù hiệu
badger	n	bædʤ	người bán hàng rong
badinage	n	'bædinɑ:ʤ	sự đùa cợt, sự đùa bỡn
badlands	n		vùng đất cằn cỗi, lởm chởm đá
badly	d	'bædli	xấu, tồi
badminton	n	'bædmintən	cầu lông
badness	n	'bædnis	sự xấu, sự tồi
baedeker	n	'beidikə	sổ tay hướng dẫn du lịch
baffle	n	'bæfl	sự cản trở, sự trở ngại
baffler	n	'bæflə	bộ giảm âm
baffy	n	'bæfi	gậy đánh gôn
bag	n	bæg	bao, túi
bagasse	n	bə'gæs	bã mía, bã củ cải đường
bagatelle	n	,bægə'təl	vật không giá trị, vật không đáng giá là
bagel	n		chiếc nhẫn
bagful	n	'bægful	bao, túi
baggage	n	'bædidʤ	hành lý
bagger	n		xem bag
baggie	n	'bægi	Ê-Ãcốt túi nhỏ
baggieness	n	'bæginis	sự rộng lùng thùng, sự phồng ra
bagging	n	'bægiɳ	vải may bao, vải may túi
baggy	a	'bægl	rộng lùng thùng, phồng ra (quần...
bagman	n	'bægmən	người đi chào hàng
bagnio	n	'bɑ:njou	nhà giam, nhà tù
bagpipe	n	'bægpaip/ (bagpipes) /'bægpaips	kèn túi
bagpiper	n	'bægpaipə	người thổi kèn túi
bagpipes	n	'bægpaip/ (bagpipes) /'bægpaips	kèn túi
baguette	n		đường đắp nhỏ, đường nẹp đường viền đỉnh
bah	i	bɑ:	ô hay!, chà!
bahadur	n		viết hoa Ngài
baht	n		số nhiều bahts, baht
bail	n	beil	tiền bảo lãnh
bailable	a	'beiləbl	có thể cho tạm tự do ở ngoài với điều ki
bailer	n	'beilə	gàu tát nước
bailey	n	'beili	tường ngoài
bailiff	n	'beilif	quan khâm sai
bailiwick	n	'beiliwik	địa hạt quan khâm sai, thẩm quyền quan k
baillee	n	bei'li:	người nhận hàng hoá gửi để bảo quản
bailment	n	'beilmənt	sự ký gửi hàng hoá
bailor	n	'beilə	người ký gửi hàng hoá
bailout	n		sự cứu giúp ra khỏi những khó khăn về tà
bailsman	n	'beilzmən	người đứng ra bảo lãnh, người nộp tiền b
bairn	n	beən	đứa bé
bait	n	beit	bate
baize	n	beiz	vải len tuyết dài
bake	v	beik	bỏ lò, nướng bằng lò
bakehouse	n	'beikhaus	lò bánh mì
bakelite	n	'beikəlait	bakêlit nhựa tổng hợp
baker	n	'beikə	người làm bánh mì
bakery	n	'beikəri	lò bánh mì
bakestone	n	'beikstoun	cái lót bánh mì
baking	n	'beikiɳ	sự nướng
balaam	n	'beilæm	người đoán láo
balaclava	n		loại mũ khít đầu và cổ, chỉ để hở mặt
balalaika	n	,bælə'laikə	đàn balalaica
balance	n	'bæləns	cái cân
balanced	n		được cân bằng
balancer	n	'bælənse	con lắc
balancing	n		làm cân bằng
balas	n	'bæləs	xpinen đỏ
balboa	n	bæl'bouə	đồng banboa
balcony	n	'bælkəni	bao lơn
bald	a	bɔ:ld	hói
baldachin	n	'bɔ:ldəkin/ (baldaquin) /'bɔ:ldəkin	màn treo, trướng
baldaquin	n	'bɔ:ldəkin/ (baldaquin) /'bɔ:ldəkin	màn treo, trướng
balderdash	n	'bɔ:ldədæʃ	lời nói vô nghĩa không ra đầu vào đâu, l
baldicoot	n	'bɔ:ldku:t/ (baldicoot) /'bɔ:ldiku:t	chim sâm cầm
baldie	n		người hói đầu
balding	a	'bɔ:ldiɳ	bắt đầu hói
baldly	d	'bɔ:ldli	không màu mè, không che đậy
baldness	n	'bɔ:ldnis	tình trạng hói đầu, chứng rụng tóc
baldric	n	'bɔ:ldrik	dây gươm chéo qua vai
bale	n	beil	kiện
baleen	n	bə'li:n	tấm sừng hàm
baleful	a	'beilful	tai hoạ, xấu
balk	n	bɔ:k/ (baulk) /bɔ:k	vật chướng ngại, sự cản trở
ball	n	bɔ:l	buổi khiêu vũ
ballad	n	'bæləd	khúc balat, bài ca balat
ballade	n	bæ'lɑ:d	thơ balat
ballast	n	'bæləst	bì, đồ dằn
ballerina	n	,bælə'ri:nə	nữ diễn viên ba lê, nữ diễn viên kịch mú
ballet	n	'bælei	ba lê, kịch múa
ballistic	a	bə'listik	đạn đạo học, khoa đường đạn
ballistician	n	,bælis'tiʃən	chuyên gia đường đạn
ballistics	n	bə'listiks	đạn đạo học, khoa đường đạn
balloon	n	bə'lu:n	khí cầu, quả bóng
ballooner	n	bə'lu:nə/ (balloonist) /bə'lu:nist	người cưỡi khí cầu
balloonist	n	bə'lu:nə/ (balloonist) /bə'lu:nist	người cưỡi khí cầu
ballot	n	'bælət	lá phiếu
ballpark	n		sân chơi bóng chày
ballpoint	n		bút bi
ballroom	n		phòng khiêu vũ
balls	n		hột dái
bally	a	'bæli	khỉ gió, chết tiệt
ballyhoo	n	'bælihu:	sự quảng cáo rùm beng, sự làm rùm beng
ballyrag	v	'bæliræg/ (bullyrag) /'buliræg	chơi xỏ, đùa xỏ
balm	n	bɑ:m	nhựa thơm, bôm
balmily	d	'bɑ:mi	thơm, thơm ngát
balminess	n	'bɑ:minis	sự thơm, sự thơm ngát
balmy	a	'bɑ:mi	thơm, thơm ngát
balneology	n	,bælni'ɔlədʤi	khoa tẩm ngâm, thuỷ lý học
baloney	n		chuyện vô lý, chuyện vớ vẩn
balsam	n	'bɔ:lsəm	nhựa, thơm
balsamic	a	bɔ:l'sæmik	có chất nhựa thơm
balsaminaceous	a	,bɔ:lsəmi'neiʃəs	họ bóng nước
baltic	a		thuộc biển Ban-tích
baluster	n	'bæləstə	lan can
balustrade	n	,bæləs'treid	hàng lan can, hàng chấn song bao lơn
bam	n	bæm	sự lừa bịp, sự đánh lừa
bambino	n		số nhiều bambinos, bambini
bamboo	n	bæm'bu:	cây tre
bamboozle	v	bæm'bu:zl	bịp, lừa bịp
bamboozlement	n	bæm'bu:zlmənt	sự bịp, sự lừa bịp
bamboozler	n	bæm'bu:zlə	kẻ bịp, kẻ lừa bịp
ban	v	bæn	cấm, cấm chỉ
banal	a	bə'nɑ:l	thường, tầm thường
banality	n	bə'næliti	tính chất tầm thường, tính chất sáo
banana	n	bə'nɑ:nə	cây chuối
band	n	bænd	dải, băng
bandage	n	'bændidʤ	băng
bandana	n	bæn'dænə/ (bandana) /bæn'dɑ:nə	khăn rằn, khăn tay lớn in hoa sặc sỡ
bandanna	n	bæn'dænə/ (bandana) /bæn'dɑ:nə	khăn rằn, khăn tay lớn in hoa sặc sỡ
bandbox	n	'bændbɔks	hộp bìa cứng
bandeau	n	'bændou	dải buộc tóc
bandeaux	n	'bændou	dải buộc tóc
banded	a		đầu thắt giải buộc
banderol	n	'bændəroul/ (banderole) /'bændəroul	băng biểu ngữ
banderole	n	'bændəroul/ (banderole) /'bændəroul	băng biểu ngữ
bandicoot	n	'bændiku:t	chuột gộc
bandit	n	'bændit	kẻ cướp
banditry	n	'bænditri	nghề ăn cướp, trò ăn cướp
banditti	n	'bændit	kẻ cướp
bandmaster	n	'bænd,mɑ:stə	nhạc trưởng, người chỉ huy dàn nhạc
bandog	n	'bændɔg	chó bị xích
bandoleer	n	,bændə'liə	đeo súng
bandolier	n	,bændə'liə	đeo súng
bandoline	n	'bændəli:n	gôm chải tóc, gôm chải râu mép
bandsman	n	'bændzmən	nhạc sĩ dàn nhạc
bandstand	n	'bændstænd	bục dàn nhạc
bandwagon	n		xe chở dàn nhạc đi diễu hành
bandwidth	n		dải thông, bề rộng băng tần
bandy	v	'bændi	ném đi vứt lại, trao đổi qua lại
bane	n	bein	nguyên nhân suy sụp
baneful	a	'beinful	tai hại, xấu
banefulness	n	'beinfulnis	tính chất tai hại, tính chất xấu
bang	n	bæɳ	tóc cắt ngang trán
banger	n		xúc xích
bangle	n	'bæɳgl	vòng
bangled	a	'bæɳgld	có đeo vòng
bangy	a	'bæɳgi	, bang-up
banian	n	'bæniən/ (banyan) /'bæniən	nhà buôn người Ân
banish	v	'bæniʃ	đày đi, trục xuất
banishment	n	'bæniʃmənt	sự đày, sự trục xuất
banister	n	'bænistə	lan can
banjo	n	'bændʤou	đàn banjô
banjoist	n	'bændʤouist	người chơi đàn banjô
bank	n	bæɳk	đê, gờ, ụ
bankable	a	'bæɳkəbl	có thể gửi ở ngân hàng, có thể giao cho
banker	n	'bæɳkə	chủ ngân hàng, giám đốc ngân hàng
banking	n	'bæɳkiɳ	công việc ngân hàng
bankroll	n		nguồn cung cấp tiền, quỹ
bankrupt	n	'bæɳkrəpt	người vỡ nợ, người phá sản
bankruptcy	n	'bæɳkrəptsi	sự vỡ nợ, sự phá sản
banksman	n	'bæɳksmən	cai mỏ ở tầng lộ thiên
banner	n	'bænə	ngọn cờ
bannock	n	'b ænək	bánh mì không men
banns	n	bænz	sự công bố hôn nhân ở nhà thờ
banquet	n	'bæɳkwit	tiệc lớn
banqueter	n	'bæɳkwitə	người dự tiệc lớn
banquette	n	'bæɳ'ket	chỗ đứng bắn
banshee	n	bæn'ʃi:	nữ thần báo tử
bantam	n	'bæntəm	gà bantam
banter	n	'bæntə	sự nói đùa, sự giễu cợt
banteringly	d	'bæntəriɳli	đùa, giễu cợt
banting	n	'bæntiɳ	phép chữa kiêng mỡ đường
bantling	n	'bæntliɳ	đứa trẻ, đứa bé
banyan	n	'bæniən/ (banyan) /'bæniən	nhà buôn người Ân
baobab	n	'beiəbæd	cây baobap
bap	n	bæp	ổ bánh nhỏ
baptise	v	bæp'taiz/ (baptise) /bæp'taiz	rửa tội
baptism	n	'bæptizm	lễ rửa tội
baptismal	a	bæp'tizmel	lễ rửa tội
baptist	n	'bæptist	người làm lễ rửa tội
baptistery	n	'bæptistri/ (baptistery) /'bæptistri	nơi rửa tội
baptistry	n	'bæptistri/ (baptistery) /'bæptistri	nơi rửa tội
baptize	v	bæp'taiz/ (baptise) /bæp'taiz	rửa tội
bar	n	bɑ:	barơ
barb	n	bɑ:b	ngựa bác ri)
barbarian	a	bɑ:'beəriən	dã man, man rợ
barbaric	a	bɑ:'bærik	dã man, man rợ
barbarise	v	'bɑ:bəraiz	làm cho trở thành dã man
barbarism	n	'bɑ:bərizm	tình trạng dã man, tình trạng man rợ
barbarity	n	bɑ:'bæriti	tính chất dã man, hành động dã man
barbarize	v	'bɑ:bəraiz	làm cho trở thành dã man
barbarous	a	'bɑ:bərəs/ (barbarise) /'bɑ:bəraiz	dã man, man rợ
barbarously	d	'bɑ:bərəsli	dã man, man rợ
barbarousness	n	'bɑ:bərəsnis	sự dã man, sự man rợ
barbate	n	'bɑ:beit	có râu, có gai
barbecue	n	'bɑ:bikju:	lợn nướng cả con
barbed	a	'bɑ:bd	có ngạnh, có gai
barbel	n	'bɑ:bəl	cá râu
barber	n	'bɑ:bə	thợ cạo, thợ cắt tóc
barberry	n	'bɑ:bəri/ (barberry) /'bɑ:bəri/ (berberis) /'bə:bəris	giống cây hoàng liên gai
barbery	n	'bɑ:bəri/ (barberry) /'bɑ:bəri/ (berberis) /'bə:bəris	giống cây hoàng liên gai
barbet	n	'bɑ:bit	cu rốc
barbette	n	bɑ:'bet	bệ pháo
barbican	n	'bɑ:bikən	thành ngoài, luỹ ngoài
barbituric	a	,bɑ:bju:l	bacbituric
barbule	n	'bɑ:bju:l	tơ lông
barcarole	n	'bɑ:kəroul/ (barcarolle) /'bɑ:kəroul	bài hát đò đưa
barcarolle	n	'bɑ:kəroul/ (barcarolle) /'bɑ:kəroul	bài hát đò đưa
bard	n	bɑ:d	thi sĩ, nhà thơ
bardolatry	n	bɑ:'dɔlətri	sự tôn sùng Xếch-xpia
bare	a	beə	trần, trần truồng
bareback	a	'beəbæk	không có yên
barebacked	a	'beəbækt	ở trần
barefaced	a	'beəfeist	mày râu nhẵn nhụi
barefoot	a	'beə'futid	chân không
barefooted	a	'beə'futid	chân không
barely	d	'beəli	công khai, rõ ràng
bareness	n	'beənis	sự trần trụi, sự trần truồng
baresark	d	'beəsɑ:k	không có áo giáp
barfly	n	'bɑ:flai	, người hay la cà ở các quán rượu
bargain	n	'bɑ:gin	sự mặc cả, sự thoả thuận mua bán
bargainer	n	'bɑ:ginə	người mặc cả
bargaining	n		sự mặc cả, sự thương lượng mua bán
barge	n	bɑ:dʤ	sà lan
bargee	n	bɑ:'dʤi:/ (bargeman) /'bɑ:dʤmən	người coi sà lan
bargeman	n	bɑ:'dʤi:/ (bargeman) /'bɑ:dʤmən	người coi sà lan
barie	n	'bɑ:ri	thanh, thỏi
barite	n	'bɑ:rait	barit
baritone	n	'bæritoun	giọng nam trung
barium	n	'beəriəm	bari
bark	n	bɑ:k	tiếng sủa
barkeeper	n	'bɑ:,ki:pə	chủ quán rượu
barker	n	'bɑ:kə	chó sủa
barkery	n	'bɑ:kəri	nhà máy thuộc da
barking	n	'bɑ:kiɳ	tiếng sủa
barky	a	'bɑ:ki	có vỏ
barley	n	'bɑ:li	lúa mạch
barleycorn	n	'bɑ:likɔ:n	hạt lúa mạch
barlow	n	'bɑ:lou	dao nhíp lớn một lưỡi barlow knife)
barm	n	bɑ:m	men
barmaid	n	'bɑ:meid	cô gái phục vụ ở quán rượu
barman	n	'bɑ:mən	người phục vụ ở quán rượu
barmy	a	'bɑ:mi	có men, lên men
barn	n	bɑ:n	kho thóc
barnacle	n	'bɑ:nəkl	barnacle_goose
barney	v		cãi cọ, cãi nhau
barnyard	n	'bɑ:n'jɑ:d	sân nuôi gà vịt ở quanh nhà kho
barogram	n	'bærɔgræm	biểu đồ khí áp
barograph	n	'bærougrɑ:f	máy ghi khí áp
barometer	n	bə'rɔmitə	phong vũ biểu, cái đo khí áp
barometric	a	,bærə'merik/ (barometrical) /,bærə'mərikəl	khí áp
barometrical	a	,bærə'merik/ (barometrical) /,bærə'mərikəl	khí áp
baron	n	bætən	nam tước
baronage	n	'bærənidʤ	hàng nam tước
baroness	n	'bærənis	nam tước phu nhân
baronet	n	'bærənit	tòng nam tước
baronetcy	n	'bærənitsi	tước tòng nam
baronial	a	bə'rounjəl	nam tước
barony	n	'bærəni	lãnh địa của nam tước
baroque	a	bə'rouk	kỳ dị, lố bịch
baroscope	n	'bærəskoup	cái nghiệm áp
barouche	n	bə'ru:ʃ	xe ngựa bốn bánh
barque	n	bɑ:k	thuyền ba buồm
barrack	n	'bærək	số nhiều) trại lính, doanh trại
barracks	n		trại lính, doanh trại
barracoon	n	,bærə'ku:n	trại nhốt nô lệ, trại giam tù khổ sai
barracuda	n	,bærə'ku:də	cá nhồng
barrage	n	'bærɑ:ʤ	đập nước
barrator	n	'bærətə	người hay gây sự, người hay sinh sự
barratry	n	'bærətri	tính hay gây sự, tính hay sinh sự
barred	a	'bærəl	có vạch kẻ dọc
barrel	n	'bærəl	thùng tròn, thùng rượu
barrelled	n	'bærəld/ (barrel-shaped) /'bærəlʃeipt	shaped)
barren	a	'bærən	cằn cỗi
barrenness	n	'bærənnis	sự cằn cỗi
barricade	n	,bæri'keid	vật chướng ngại
barrier	v	bæriə	đặt vật chướng ngại
barring	p	'bɑ:riɳ	trừ, trừ ra
barrister	n	'bæristə	luật sư
barroom	n	'bɑ:rum	xe cút kít wheel barroom)
barrow	n	'bærou	gò, đống
bartender	n	'bɑ:,tendə	người phục vụ ở quầy rượu
barter	n	'bɑ:tə	sự đổi chác
bartizan	n	'bɑ:tizæm	chòi canh có lỗ châu mai
baryta	n	bə'raitə	barit
basal	a	'beisl	cơ bản, cơ sở
basalt	n	'bæsɔ:lt	bazan
basaltic	a	bə'sɔ:ltik	bazan
basan	n	'bæzən/ (bazan) /'bæzən	da cừu thuộc bằng vỏ cây
bascule	n	'bæskju:l	máy nâng
base	n	beis	cơ sở, nền
baseball	n	'beisbɔ:l	bóng chày
baseballer	n	'beis,bɔ:lə	cầu thủ bóng chày
baseborn	a	'beisbɔ:n	xuất thân tầm thường, xuất thân tầng lớp
baseless	a	'beislis	không có cơ sở, không có căn cứ
baseline	n		đường gốc, đường không
basely	d	'beisli	hèn hạ, đê tiện
basement	n	'beismənt	nền móng, móng
baseness	n	'beisnis	tính hèn hạ, tính đê tiện
bases	n	'beisis	nền tảng, cơ sở
bash	n	bæʃ	cú đánh mạnh
bashaw	n	'pɑ:ʃə/ (pacha) /'pa:ʃə	Pasa, tổng trấn
basher	n		xem bash
bashful	a	'bæʃful	rụt rè, bẽn lẽn
bashfulness	n	'bæʃfulnis	sự rụt rè, sự bẽn lẽn
basic	a	'beisik	cơ bản, cơ sở
basically	d	'beisikəli	cơ bản, về cơ bản
basicity	n	bei'sisiti	tính bazơ, độ bazơ
basidia	n	bə'sidiəm	đảm của nấm
basidiomycetes	n	bə,sidioumai'si:ti:z	nấm đảm
basidium	n	bə'sidiəm	đảm của nấm
basil	n	'bæzi	cây húng quế, cây rau é sweet basil)
basilar	a	'bæsilə/ (basilary) /'bæsiləri	ở đáy, ở nền
basilary	a	'bæsilə/ (basilary) /'bæsiləri	ở đáy, ở nền
basilic	a	bə'silik	basilic vein tĩnh mạch nền trong cánh ta
basilica	n	bə'zilikə	La-mã hoàng cung
basilisk	n	'bæzilisk	rắn thần
basin	n	'beisn	cái chậu
basis	n	'beisis	nền tảng, cơ sở
bask	v	bɑ:sk	phơi nắng, tắm nắng
basket	n	'bɑ:skit	cái rổ, cái giỏ
basketball	n		bóng rổ
basketful	n	'bɑ:skitful	rổ , giỏ , thùng
basketry	n	'bɑ:skitri/ (basket-work) /'bɑ:skitwə:k	work)
basque	n		tộc người Baxcơ
bass	n	bæs	cá pecca
basset	n	'bæsit	chó baxet
bassinet	n	,bæsi'net/ (bassinette) /,bæsi'net	nôi có mui bằng mây đan, xe đẩy có mui b
bassinette	n	,bæsi'net/ (bassinette) /,bæsi'net	nôi có mui bằng mây đan, xe đẩy có mui b
basso	n	'bæsou	giọng nam trầm
bassoon	n	bə'su:n	kèn fagôt
bast	n	bæst	libe
bastard	a	'bæstəd	hoang
bastardize	v	'bæstədaiz	tuyên bố là con hoang
bastardy	n	'bæstədi	tính chất con đẻ hoang
baste	v	beist	phết mỡ lên
bastille	n	bæs'ti:l	nhà tù, ngục
bastinado	n	,bæsti'neidou	trận đòn vào lòng bàn chân
bastion	n	'bæstiən	pháo đài, thành luỹ
bat	n	bæt	gây, vợt
batata	n	bæ'tɑ:tə	khoai lang
batch	n	bætʃ	mẻ
bate	v	beit	bớt, giảm bớt
batfowl	v	'bætfɑul	bắt chim bằng đèn sáng
bath	n	bɑ:θ	sự tắm
bathe	n	beið	sự tắm
bather	n	'beiðə	người tắm
bathing	n	'beiðiɳ	sự tắm rửa
bathometer	n	bə'θɔmitə	máy đo sâu
bathos	n	'beiθɔs	chỗ sâu, vực thẳm
bathrobe	n		thành ngữ bath
bathroom	n		thành ngữ bath
bathymetry	n	bə'θimitri	phép đo sâu
batik	n	'bætik	lối in hoa batic
bating	p	'beitiɳ	trừ, trừ ra
batiste	n	bæ'ti:st	phin nõn
batman	n	'bætmən	người phục vụ, cần vụ
baton	n	'bætən	dùi cui
batrachian	a	bə'treikjən	ếch nhái
bats	a		điên, khùng
batsman	n	'bætsmən	vận động viên bóng chày, vận động viên c
battalion	n	bə'tæljən	tiểu đoàn
batten	n	'bætn	ván lót
batter	n	'bætə	vận động viên bóng chày, vận động viên c
battered	a		méo mó, mòn vẹt
battery	n	'bætəri	khẩu đội
batting	n	'bætiɳ	sự đánh bằng gậy
battle	n	'bætl	trận đánh, cuộc chiến đấu
battledore	n	'bætldɔ:	vợt chơi cầu lông
battlefield	n	'bætlfi:ld	chiến trường
battleground	n	'bætlgraund	battlefield
battlement	n	'bætlmənt	số nhiều) tường có lỗ châu mai
battlements	n		tường có lỗ châu mai
battleship	n	'bætlʃip	tàu chiến lớn
battue	n	bæ'tu:	sự săn đuổi
batty	a	'bæti	điên dại, gàn
bauble	n	'bɔ:bl	đồ trang sức loè loẹt rẻ tiền
baulk	n	bɔ:k/ (baulk) /bɔ:k	vật chướng ngại, sự cản trở
bauxite	n	'bɔ:ksait	bauxit
bawbee	n	bɔ:'bi:	đồng trinh
bawd	n	bɔ:d	trùm nhà thổ
bawdy	a	'bɔ:di	tục tĩu dâm ô
bawl	n	bɔ:l	tiếng nói oang oang
bay	a	bei	hồng
bayonet	n	'beiənit	lưỡi lê
bayou	n	'baiu:	nhánh sông
bazaar	n	bə'za:/ (bazaar) /bə'za:	chợ
bazan	n	'bæzən/ (bazan) /'bæzən	da cừu thuộc bằng vỏ cây
bazar	n	bə'za:/ (bazaar) /bə'za:	chợ
bazooka	n	bə'zu:kə	súng bazôca
bbc	n		Hiệp hội phát thanh Anh quốc
bbs	n		hệ thống bảng bulletin
bc	n		Trước công lịch, trước công nguyên
be	v	bi:	thì, là
beach	n	bi:tʃ	sỏi cát
beachhead	n		vị trí đổ bộ, đầu cầu đổ bộ
beacon	n	'bi:kən	đèn hiệu
bead	n	bi:d	hạt hột
beading	n	'bi:diɳ	sự xâu thành chuỗi
beadle	n	'bi:dl/ (bumble) /'bʌmbl	thầy tử tế
beadledom	n	'bi:dldəm	thói hình thức ngu xuẩn, thói quan liêu
beady	a	'bi:di	nhỏ như hạt, tròn nhỏ và sáng
beagle	n	'bi:gl	chó săn thỏ
beagling	n	'bi:gliɳ	môn săn thỏ bằng chó
beak	n	bi:k	mỏ
beaked	a	bi:kt	có mỏ
beaker	n	bi:kə	cái cốc vại, cái chén tống
beam	n	bi:m	xà, rầm
beamy	a	'bi:mi	to, rộng
bean	n	bi:n	đậu
beanery	n	'bi:nəri	, quán ăn
beano	n	'bi:nou	bean-feast
bear	v	beə	mang, cầm
bearable	a	'beərəbl	có thể chịu đựng được, có thể khoan thứ
beard	n	biəd	râu, râu hạt thóc...
bearded	a	'biədid	có râu
beardless	a	'biədlis	không có râu
beardlessness	n	'biədlisnis	tình trạng không râu
bearer	n	'beərə	người đem, người mang
beargarden	n	'beə,gɑ:dn	cảnh ồn ào hỗn độn
bearing	n	'beəriɳ	sự mang
bearish	a	'beəriʃ	xấu tính, hay gắt
bearishness	n	'beəriʃnis	tính hay gắt, tính hay cau
bearleader	n	'beə,li:də	người dạy gấu
Bears	n		Người đầu cơ giá xuống.
bearskin	n	'beəskin	da gấu
beast	n	bi:st	thú vật, súc vật
beastliness	n	'bi:stlinis	sự tham ăn, tham uống
beastly	a	'bi:stli	như súc vật, thô lỗ
beat	n	bi:t	sự đập, tiếng đập
beaten	a	'bi:tn	đập, nện
beater	n	'bi:tə	người đánh, người đập
beatific	a	,bi:ə'tifik	ban phúc lành, làm sung sướng
beatification	n	bi:,ætìi'keiʃn	sự ban phúc lành, sự làm sung sướng
beatify	v	bi:'ætifai	ban phúc lành, làm sung sướng
beating	n	'bi:tiɳ	sự đánh, sự đập
beatitude	n	bi:'ætitju:d	phúc lớn
beatnik	n	'hipi/ (hippy) /'hipi	thanh niên lập dị chống lại những qui ướ
beau	n	bou	người đàn ông ăn diện
beaujolais	n		rượu vang nhẹ ở vùng Beaujolais của Pháp
beauteous	a	'bju:tjəs	đẹp
beautician	n	bju:'tiʃən	người chủ mỹ viện
beautifier	n	'bju:tifaiə	người làm đẹp, người tô điểm
beautiful	a	'bju:təful	đẹp, hay
beautifully	d		tốt đẹp, đáng hài lòng
beautify	v	'bju:tifai	làm đẹp, tô điểm
beauty	n	'bju:ti	vẻ đẹp, sắc đẹp
beaux	n	bou	người đàn ông ăn diện
beaver	n	'bi:və	con hải ly
bebop	n	'bi:bɔp	nhạc bibôp
becalm	v	bi'kɑ:m	làm yên, làm yên lặng
became	v	bi'kʌm	trở nên, trở thành
because	c	bi'kɔz	vì, bởi vì
bechamel	n	,beiʃɑ:'mel	nước xốt bêsamen
beck	n	bek	suối
beckon	v	'bekən	vẫy tay ra hiệu, gật đầu ra hiệu
becloud	v	bi'klaud	che mây, che
become	v	bi'kʌm	trở nên, trở thành
becoming	a	bi'kʌmiɳ	vừa, hợp
bed	n	bed	cái giường
bedable	v	bi'dæbl	làm bẩn, vấy bẩn
bedaub	v	bi'dɔ:b	vấy sơn, vấy bẩn
bedder	n	'bedə	người đánh luống
bedding	n	'bediɳ	bộ đồ giường
bedeck	v	bi'dek	trang hoàng, trang trí
bedel	n	be'del/ (bedell) /be'del	người phụ trách tiếp tân
bedell	n	be'del/ (bedell) /be'del	người phụ trách tiếp tân
bedevil	v	bi'devl	hành hạ, làm điêu đứng
bedim	v	bi'dim	làm cho loà, làm cho mờ
bedizen	v	bi'daizn	tô son điểm phấn loè loẹt, cho ăn mặc lo
bedlam	n	'bedləm	bệnh viện tinh thần, nhà thương điên
bedlamite	n	'bedləmait	người điên
bedouin	n	'beduin	người A-rập du cư
bedpan	n	'bedpæn	bô
bedpost	n	'bedpoust	cột giường
bedrabbled	a	bi'dræbld	vấy bùn
bedraggle	v	bi'drægl	kéo lê làm bẩn
bedrail	n	'bedreil	thành giường
bedridden	a	'bed,ridn	nằm liệt giường
bedroll	n	'bedroul	giường xếp
bedroom	n	'bedrum	buồng ngủ
bedside	n	'bedsaid	cạnh giường
bedsore	n	'bedsɔ:	chứng thối loét vì nằm liệt giường
bedspread	n	'bedspred	khăn trải giường
bedstead	n	'bedsted	khung giường
bedtick	n	'bedtik	chăn lông phủ giường
bedtime	n	'bedtaim	giờ đi ngủ
bee	n	bi:	con ong
beech	n	bi:tʃ	cây sồi
beechen	a	'bi:tʃən	cây sồi
beef	n	bi:f	thịt bò
beefeater	n	'bi:f,i:tə	người thích ăn thịt bò
beefiness	n	'bi:finis	vẻ lực lưỡng, sự có bắp thịt rắn chắc
beefsteak	n	'bi:f'steik	thịt bít tết
beefy	a	'bi:fi	lực lưỡng, có bắp thịt rắn chắc
beehive	n	'bi:haiv	tổ ong
been	v	bi:	thì, là
beep	n		tiếng bíp
beeper	n		máy bíp, máy điện liên = pager
beer	n	bi:n	rượu bia
beerhouse	n	'biəhaus	quán bia
beery	a	'biəri	bia, giống bia
beestings	n	'bi:stiɳz	sữa non của bò mới đẻ
beeswax	n	'bi:zwæks	sáp ong wax)
beeswing	n	'bi:zwiɳ	cặn rượu để lâu năm
beet	n	bi:t	cây củ cải đường
beetle	n	'bi:tl	cái chày
beetling	a	'bi:tliɳ	cheo leo, nhô ra
beetroot	n		củ cải đường
beeves	n	bi:f	thịt bò
beezer	n	bi:vs	cái mũi
befall	v	bi'fɔ:l	xảy đến, xảy ra
befallen	v	bi'fɔ:l	xảy đến, xảy ra
befell	v	bi'fɔ:l	xảy đến, xảy ra
befit	v	bi'fit	thích hợp, hợp với
befitting	a	bi'fitiɳ	thích hợp, hợp với
befog	v	bi'fɔg	phủ sương mù
before	d	bi'fɔ:	trước, đằng trước
beforehand	d	bi'fɔ:hænd	sẵn sàng trước
befoul	v	bi'faul	làm nhơ bẩn, làm nhơ nhuốc &
befriend	v	bi'frend	đối xử tốt, đối xử như bạn
befuddle	v	bi'fʌdl	làm ngớ ngẩn, làm đần độn
beg	v	beg	ăn xin, xin
begad	i	bi'gæd	trời ơi! trời đất ơi!
began	v	bi'gin	bắt đầu, mở đầu
beget	v	bi'get	sinh ra, gây ra
begetter	n	bi'getə	người gây ra, người sinh ra
beggar	n	'begə	người ăn mày, người ăn xin
beggardom	n	'begədəm	giới ăn mày, những người ăn mày
beggarliness	n	'begəlinis	tình trạng nghèo nàn cơ cực
beggarly	a	'begəli	nghèo nàn, cơ cực
beggary	n	'begəri	cảnh nghèo khó xác xơ, cảnh ăn mày
begin	v	bi'gin	bắt đầu, mở đầu
beginner	n	bi'ginə	người bắt đầu, người mới học
beginning	n	bi'giniɳ	phần đầu, lúc bắt đầu
begird	v	bi'gə:d	buộc quanh, đánh đai quang
begirt	v	bi'gə:d	buộc quanh, đánh đai quang
begone	i	bi'gɔn	đi!, xéo!
begonia	n	bi'gounjə	cây thu hải đường
begot	v	bi'get	sinh ra, gây ra
begotten	v	bi'get	sinh ra, gây ra
begrime	v	bi'graim	làm nhọ nhem
begrudge	v	bi'grʌdʤ	ghen tị
beguile	v	bi'gail	làm tiêu khiển, làm khuây đi
beguilement	n	bi'gailmənt	sự tiêu khiển, sự làm khuây đi
beguiling	a		lý thú, hấp dẫn
begum	n		người đàn bà Hồi giáo thuộc đẳng cấp thư
begun	v	bi'gin	bắt đầu, mở đầu
behalf	n	bi:hɑ:f	on behalf of thay mặt cho, nhân danh
behave	v	bi'heiv	ăn ở, đối xử
behavior	n		cách xử lý, chế độ
behaviour	n	bi'heivjə	thái độ, cách đối xử
behavioural	a		thuộc về cách cư xử
behaviourism	n	bi'heivjərizm	chủ nghĩa hành vi
behead	v	bi'hed	chặt đầu, chém đầu
beheld	v	bi'hould	nhìn ngắm
behemoth	n	bi'hi:mɔθ	con vật kếch xù
behest	n	bi'hest	chỉ thị, mệnh lệnh hest)
behind	d	bi'haind	sau, ở đằng sau
behindhand	a	bi'haindhænd	muộn, chậm
behold	v	bi'hould	nhìn ngắm
beholden	a	bi'houldən	chịu ơn
beholder	n	bi'houldə	người xem, người ngắm
behoof	n	bi'hu:f	on someone's vì lợi ích của ai, cho ai s
behoove	v	bi'hu:v,/ (behove) /bi'houv	phải có nhiệm vụ
behove	v	bi'hu:v,/ (behove) /bi'houv	phải có nhiệm vụ
beige	n	beiʤ	vải len mộc
being	n	'bi:iɳ	sinh vật, con người
bel	n		ben
belabour	v	bi'leibə	đánh nhừ tử, nện một trận nên thân & bón
belaid	v	bi'lei	cột lại, cắm lại
belated	a	bi'leitid	đến muộn, đến chậm
belaud	v	bi'lɔ:d	hết lời ca ngợi, hết lời tán dương
belay	v	bi'lei	cột lại, cắm lại
belch	n	beltʃ	sự ợ
belcher	n	'beltʃə	khăn quàng hai màu
beldam	n	'beldəm/ (beldame) /'beldəm	mụ phù thuỷ già, mụ đồng gia
beldame	n	'beldəm/ (beldame) /'beldəm	mụ phù thuỷ già, mụ đồng gia
beleaguer	v	bi'li:gə	vây, bao vây
belemnite	n	'beləmnait	con tên đá
belfry	n	'belfri	tháp chuông
belgian	a	'beldʤn	Bỉ
belie	v	bi'lai	gây một ấn tượng sai lầm, làm cho nhầm
belief	n	bi'li:f	lòng tin, đức tin
believable	a	bi'li:vəbl	có thể tin được
believe	v	bi'li:v	tin, tin tưởng
believer	n	bi'li:vəbl	người tin, tín đồ
belike	d	bi'laik	có lẽ, không chừng
belittle	v	bi'litl	làm bé đi, thu nhỏ lại
belittling	a		làm giảm uy tín, làm giảm giá trị
bell	n	bel	cái chuông, nhạc
belladonna	n	,belə'dɔnə	cây benlađôn, cây cà dược
belle	n	bel	người đàn bà đẹp nhất, hoa khôi
belletrist	n	bel'letrist	nhà văn, nhà văn học
belletristic	a	,belle'tristik	văn chương
bellicose	a	'belikous	hiếu chiến, thích đánh nhau
bellicosity	n	,beli'kɔsiti	tính hiếu chiến, tính thích đánh nhau
belligerence	n	bi'lidʤərəns/ (belligerency) /bi'lidʤərənsi	tình trạng đang giao tranh, tình trạng đ
belligerency	n	bi'lidʤərəns/ (belligerency) /bi'lidʤərənsi	tình trạng đang giao tranh, tình trạng đ
belligerent	a	bi'lidʤərənt	tham chiến
bellow	n	'belou	tiếng bò rống, tiếng kêu rống lên
bellows	v	'belouz	kêu, rống
belly	n	'beli	bụng, dạ dày
bellyache	n		bệnh đau bụng
bellybutton	n		[lỗ] rốn
bellyful	n	'beliful	bụng
belong	v	bi'lɔɳ	thuộc về, của
belongings	n	bi'lɔɳiɳz	của cải, đồ dùng
beloved	a	bi'lʌvd	được yêu mến, được yêu quý
below	d	bi'lou	ở dưới, ở bên dưới
belt	n	belt	dây lưng, thắt lưng
beltane	n	'beltein	ngày hội mồng 1 tháng 5
belting	n		trận đòn
belvedere	n	'belvidiə	tháp lầu
bemire	v	bi'maiə	bôi bùn, vấy bùn
bemoan	v	bi'moun	than khóc, nhớ tiếc
bemuse	v	bi'mju:z	làm sửng sốt, làm kinh ngạc
ben	n		đỉnh núi
bench	n	bentʃ	ghế dài
benchmark	n		tiêu chuẩn, cơ chuẩn
bend	n	bentʃ	chỗ uốn, chỗ cong
bender	n	'bendə	bữa chén linh đình, bữa chén say sưa
bending	n		sự uốn
bendy	a		quanh co khúc khủyu
beneath	d	bi'ni:θ	ở dưới thấp, ở dưới
benedick	n	'benidik	người mới cưới vợ
benedictine	n	,beni'diktin	thầy tu theo dòng thánh Bê-nê-đích
benediction	n	,beni'dikʃn	lễ giáng phúc
benedictory	a	,beni'diktəri	sự giáng phúc
benefaction	n	,beni'fækʃn	việc thiện, việc nghĩa
benefactor	n	'benifæktə	người làm ơn, ân nhân
benefactress	n	'benifæktris	người làm ơn, ân nhân
benefice	n	'benifis	tiền thu nhập
beneficence	n	bi'nefisəns	tính từ thiện, từ tâm
beneficent	a	bi'nefisənt	hay làm phúc, hay làm việc thiện
beneficently	d	bi'nefisəntli	hay làm phúc, từ thiện
beneficial	a	,beni'fiʃəl	có ích, có lợi
beneficiary	n	,beni'fiʃəri	người hưởng hoa lợi, cha cố giữ tài sản
benefit	n	'benifit	lợi, lợi ích
benevolence	n	bi'nevələns	lòng nhân từ, lòng nhân đức
benevolent	a	bi'nevələnt	nhân từ, nhân đức
bengal	a	beɳ'gɔ:l	Băng-gan
bengalee	a	beɳ'gɔ:li	Băng-gan
benighted	a	bi'naitid	bị lỡ độ đường
benign	a	bi'nain/ (benignant) /bi'nignənt	lành, tốt
benignancy	n	bi'nigniti/ (benignancy) /bi'nignənsi	lòng tốt, lòng nhân từ
benignant	a	bi'nain/ (benignant) /bi'nignənt	lành, tốt
benignity	n	bi'nigniti/ (benignancy) /bi'nignənsi	lòng tốt, lòng nhân từ
benison	n	'benizn	sự ban ơn, sự ban phúc
benjamin	n	'bendʤəmin	benzoin
bent	n	bent	khiếu, sở thích
benthamism	n	'bentəmizm	thuyết Ben-tam, thuyết vị lợi
benthamite	n	'bentəmait	người vị lợi
benthos	n	'benθɔs	sinh vật đáy
benumb	v	bi'nʌm	làm cho cóng
benzedrine	n	'benzədri:n	Benzêđrin
benzene	n	'benzi:n	Benzen benzol)
benzine	n	'benzi:n	Et-xăng
benzoate	n	bi'reit	benzoat
benzoic	a	ben'zouik	benzoic
benzoin	n	'benzouin	cánh kiến trắng, an tức hương
benzol	n	'benzɔl	Benzen benzene)
benzoline	n	'benzi:n	Et-xăng
bequeath	v	bi'kwi:ð	để lại
bequest	n	bi'kwest	sự để lại
berate	v	bi'reit	mắng mỏ, nhiếc móc
berberis	n	'bɑ:bəri/ (barberry) /'bɑ:bəri/ (berberis) /'bə:bəris	giống cây hoàng liên gai
bere	n	biə	lúa mạch
bereave	v	bi'vi:v	làm mất, lấy mất
bereaved	n		gia quyến của người quá cố, tang quyến
bereavement	n	bi'ri:vmənt	sự mất, sự tổn thất
bereft	v	bi'vi:v	làm mất, lấy mất
beret	n	'berei	núi băng
berg	n	bə:g	núi, đồi
bergamot	n	'bə:gəmɔt	cam becgamôt
berhyme	v	bi'raim	đặt thành vấn đề, đặt thành thơ
beriberi	n	'beri'beri	bệnh tê phù, bệnh bêribêri
berried	a	'berid	có quả mọng
berry	n	'beri	quả mọng
berserk	a		nổi quạu, cáu tiết
berth	n	bə:θ	giường ngủ
beryl	n	'beril	berin
beryllium	n	be'riljəm	berili
beseech	v	bi'si:tʃ	cầu xin, cầu khẩn
beseeching	a	bi'si:tʃiɳ	cầu khẩn, van nài
beseem	v	bi'si:m	phải, đúng
beset	v	bi'set	bao vây, vây quanh &
besetting	a	bi'setiɳ	ám ảnh, nhằng nhẵng
beside	p	bi'said	bên, bên cạnh
besides	d	bi'saidz	ngoài ra, hơn nữa
besiege	v	bi'si:dʤ	bao vây, vây hãm
besieger	n	bi'si:dʤə	người bao vây
beslaver	v	bi'si:dʤə	làm dính đầy nhớt dãi
beslobber	v	bi'slʌbə	làm dính đầy nhớt dãi
beslubber	v	bi'smiə/ (beslubber) /bi'slʌbə	bôi bẩn, làm nhớp nháp
besmear	v	bi'smiə/ (beslubber) /bi'slʌbə	bôi bẩn, làm nhớp nháp
besmirch	v	bi'smə:tʃ	bôi bẩn, làm lem luốc
besom	n	'bi:zəm	chổi sể
besot	v	bi'sɔt	làm mụ người, làm đần độn
besought	v	bi'si:tʃ	cầu xin, cầu khẩn
bespangle	v	bi'spæɳgl	dát trang kim
bespatter	v	bi'spætə	rắc, vảy
bespeak	v	bi'spi:k	đặt trước, giữ trước
bespectacled	a	bi'spektəkld	đeo kính
bespoke	v	bi'spi:k	đặt trước, giữ trước
bespoken	v	bi'spi:k	đặt trước, giữ trước
besprent	a	bi'sprent	rải rác
besprinkle	v	bi'spriɳkl	vảy, rắc
best	a	best	tốt nhất, hay nhất
bestead	v	bi'sted	giúp đỡ, giúp ích cho
bested	v	bi'sted	giúp đỡ, giúp ích cho
bestial	a	'bestjəl	súc vật, có tính súc vật
bestiality	n	,besti'æliti	thú tính
bestialize	v	'bestjəlaiz	làm thành cục súc, làm thành độc ác
bestir	v	bi'stə:	khuấy động
bestow	v	bi'stou	bestow on, upon tặng cho
bestowal	n	bi'stouəl	sự tặng, sự cho
bestrew	v	bi'stru:	rắc, rải
bestrewn	v	bi'stru:	rắc, rải
bestrid	v	bi'straid	ngồi giạng chân trên, đứng giạng hai châ
bestridden	v	bi'straid	ngồi giạng chân trên, đứng giạng hai châ
bestride	v	bi'straid	ngồi giạng chân trên, đứng giạng hai châ
bestrode	v	bi'straid	ngồi giạng chân trên, đứng giạng hai châ
bet	n	bet	sự đánh cuộc
beta	n	'bi:tə	Bêta
betake	v	bi'teik	dấn thân vào, mắc vào
betaken	v	bi'teik	dấn thân vào, mắc vào
betatron	n	'bi:tətrɔn	bêtatron
betel	n	'be:təl	cây trầu không
bethel	n	'beθəl	nhà thờ của những người không theo quốc
bethink	v	bi'θiɳk	nhớ ra, nghĩ ra
bethought	v	bi'θiɳk	nhớ ra, nghĩ ra
betid	v	bi'taid	xảy đến, xảy ra
betide	v	bi'taid	xảy đến, xảy ra
betimes	d	bi'taimz	sớm
betoken	v	bi'toukən	báo hiệu, chỉ rõ
beton	n	'betən	bê tông
betony	n	'betəni	cây hoắc hương
betook	v	bi'teik	dấn thân vào, mắc vào
betray	v	bi'trei	bội phản đem nộp cho, bội phản đem giao
betrayal	n	bi'treiəl	sự phản bội
betrayer	n	bi'treiə	kẻ phản bội
betroth	v	bi'trouð	hứa hôn, đính hôn
betrothal	n	bi'trouðəl	sự hứa hôn
betrothed	n	bi'trouðd	người hứa hôn, chồng chưa cưới
better	a	'betə	cấp so sánh của good
betterment	n	'betəmənt	sự làm tốt hơn, sự cải tiến
betting	n		sự đánh cuộc
bettor	a	'betə	cấp so sánh của good
between	p	bi'twi:n	giữa, ở giữa
betwixt	d	bi'twikst	between
bevel	n	'bevəl	góc xiên, cạnh xiên
beverage	n	'bəvəridʤ	đồ uống
bevy	n	'bevi	nhóm, đoàn
bewail	v	bi'weil	than phiền, than vãn
beware	v	bi'weə	cẩn thận, chú ý
bewilder	v	bi'wildə	làm bối rối, làm hoang mang
bewildering	a		gây bối rối, khiến hoang mang
bewilderment	n	bi'wildəmənt	sự bối rôi, sự hoang mang
bewitch	v	bi'witʃ	bỏ bùa mê
bewitching	a	bi'witʃiɳ	làm say mê, làm mê mẩn
bewitchment	n	bi'witʃmənt	sự bỏ bùa mê
bewray	v	bi'rei	vô tình mà tiết lộ
bey	n	bei	bây
beyond	d	bi'jɔnd	ở xa, ở phía bên kia
bezel	n	'bezl	mép vát
bhang	n	bæɳ	cây gai dầu
bi	n		hai
biangular	a	bai'æɳgjulə	có hai góc
biannual	a	bai'ænjuəl	một năm hai lần
bias	n	'baiəs	độ xiên, dốc
biased	n		chệch, không đối xứng
biaxial	a	bai'æksiəl	hai trục
bib	n	bib	cái yếm dãi
bibber	n	'bibə	người nghiện rượu
bible	n	'baibl	kinh thánh
biblical	a	'biblikəl	kinh thánh
bibliofilm	n	'bibliɔfilm	phim sách
bibliograph	n	,bibli'ɔgrəfə/ (bibliograph) /'bibliəgrɑ:f	người sưu tầm thư mục, cán bộ thư mục
bibliographer	n	,bibli'ɔgrəfə/ (bibliograph) /'bibliəgrɑ:f	người sưu tầm thư mục, cán bộ thư mục
bibliographic	a	,bibliə'græfik/ (bibliographical) /,bibliə'græfikəl	thư mục
bibliographical	a	,bibliə'græfik/ (bibliographical) /,bibliə'græfikəl	thư mục
bibliography	n	,bibli'ɔgrəfi	thư mục
bibliolater	n	,bibli'ɔlətə	người tôn sùng sách
bibliolatry	n	,bibli'ɔlətri	sự tôn sùng sách
bibliomania	n	,bibliou'meinjə	bệnh mê sách
bibliomaniac	n	,bibliou'meiniæk	người mê sách
bibliophile	n	'biblioufail	người ham sách
bibliophilism	n	,bibli'ɔfilizm	sự ham sách, tính ham sách
bibliophilist	n	,bibli'ɔfilist	người ham sách
bibliopole	n	'biblioupoul	người bán sách hiếm
bibliopoly	n	,bibli'ɔpəli	nghề bán sách
bicarb	n		bicarbonat natri
bicarbonate	n	bai'kɑ:bənit	cacbonat axit
bicarmeral	a	bai'kæmərəl	có hai nghị viện
bicentenanial	n	,baisen'tenjəl	lễ kỷ niệm hai trăm năm
bicentenary	a	,baisen'ti:nəri	hai trăm năm
bicephalous	a	bai'sefələs	có hai đầu
biceps	n	'baiseps	có hai đầu
bichloride	n	'bai'klɔ:raid	điclorua
bichromate	n	'bai'kroumit	đicromat
bicker	v	'bikə	cãi nhau vặt
biconcave	a	bai'kɔnkeiv	hai mặt lõm
biconvex	a	bai'kɔnveks	hai mặt lồi
bicuspid	a	bai'kʌspid	có hai đầu nhọn, nhọn hai đầu
bicycle	n	'baisikl	xe đạp
bicycler	n	'baiisiklə	bicyclist
bicyclist	n	'baisiklist	người đi xe đạp
bid	n	bid	sự đặt giá, sự trả giá
biddable	a	'bidəbl	vâng lời, chịu tuân lệnh
bidden	n	bid	sự đặt giá, sự trả giá
bidder	n	'bidə	người trả giá
bidding	n	'bidiɳ	sự đặt giá
bide	v	baid	to bide one's time đợi thời cơ
bidet	n		chậu dùng để rửa bộ phận sinh dục và hậu
biennial	a	bai'eniəl	lâu hai năm
bier	n	biə	đòn đám ma, kiệu khiêng áo quan
biff	n	bif	cú đấm mạnh
biffin	n	'bifin	táo đỏ
bifid	a	'baifid	chẻ đôi
bifocal	a	'bai'foukəl	hai tròng
bifocals	n	'bai'foukəlz	kính hai tròng
bifurcate	a	'baifə:keit	chia hai nhánh, rẽ đôi
bifurcation	v	,baifə:'keiʃn	chia làm hai nhánh, rẽ đôi
big	a	big	to, lớn
bigamist	n	'bigəmist	người có hai vợ, người có hai chồng
bigamous	a	'bigəməs	có hai vợ, có hai chồng
bigamy	n	'bigəmi	sự lấy hai vợ, sự lấy hai chồng
bight	n	bait	chỗ lõm vào, chỗ cong
bigot	n	'bigət	người tin mù quáng
bigoted	a	'bigətid	tin mù quáng
bigotry	n	'bigətri	sự tin mù quáng
bigwig	n	'bigwig	nhân vật quan trọng, quan to
bijou	n	'bi:ʤu:	đồ nữ trang
bijoux	n	'bi:ʤu:	đồ nữ trang
bike	n	baik	của bicycle xe đạp
bikini	n		áo tắm hai mảnh
bilabiate	a	bai'leibiit	hai môi
bilateral	a	bai'lætərəl	hai bên
bilberry	n	'biləri/ (blaeberry) /'bilbəri	cây việt quất
bilbo	n	'bilbou	cái gươm
bilboes	n	'bilbouz	còng sắt, cùm sắt
bile	n	'bail	mặt
bilge	n	bildʤ	đáy tàu
biliary	a	'biljəri	mật
bilingual	a		sử dụng hai thứ tiếng, thông thạo hai th
bilious	a	'biljəs	mật, có nhiều mật
biliously	d	'biljəsli	hay gắt, bẳn tính
biliousness	n	'biljəsnis	sự nhiều mật
bilk	v	bilk	quịt, trốn
bilker	n	'bilkə	người trốn nợ
bill	n	bil	cái kéo liềm
billboard	n	'bilbɔ:d	bảng dán thông cáo, bảng dán yết thị
billet	n	'bilit	thanh củi
billiards	n	'biljədz	trò chơi bi-a
billiarsgate	n	'biliɳzgit	chợ cá
billion	n	'biljən	nghìn tỉ
billionaire	n	,biljə'nəe	nhà tỉ phú
billow	n	'bilou	sóng to, sóng cồn
billowy	a	'ibloui	nổi sóng cồn, có nhiều sóng lớn
billy	n	'bili	nồi niêu cắm trại
billyboy	n	'bilibɔi	thuyền buồm nhỏ
billycock	n	'bilikɔk	mũ quả đưa
bilobate	a	bai'loubeit/ (bilobed) /'bailoubd	có hai thuỳ
bilobed	a	bai'loubeit/ (bilobed) /'bailoubd	có hai thuỳ
bilocular	a	bai'lɔkjulə	có hai ngăn
bilologist	n	bai'ɔlədʤist	nhà sinh vật học
biltong	n	'biltɔɳ	thịt khô thỏi
bilulous	a	'bibjuləs	thấm nước, hút nước
bimanal	a	'bimənl/ (bimanous) /'bimənəs	có hai tay
bimane	n	'baimein	động vật hai tay
bimanous	a	'bimənl/ (bimanous) /'bimənəs	có hai tay
bimetal	n	bai'metl	lưỡng kim
bimetallic	a	,baimi'tælik	lưỡng kim
bimetallism	n	bai'metəlizm	chế độ hai bản vị
bimetallist	n	bai'metəlist	người tán thành chế độ hai bản vị
bimonthly	a	'bai'mʌnθli	mỗi tháng hai lần
bimotored	a	bai'moutəd	có hai động cơ
bin	n	bin	thùng
binary	a	'bainəri	đôi, nhị nguyên
binate	a	'baineit	thành đôi, thành cặp
binaural	a	bi'nɔ:rəl	hai tai
bind	v	baind	trói, buộc
binder	n	'baində	người đóng sách
bindery	n	'baindəri	hiệu đóng sách
binding	n	'baindiɳ	sự liên kết, sự ghép lại
bindlestiff	n	'bindlstif	kẻ lang thang, ma cà bông
bindweed	n	'baindwi:d	giống cây bìm bìm
bine	n	bain	chồi
binge	n	bindʤ	cuộc chè chén say sưa
bingo	n		một loại trò chơi cờ bạc
binnacle	n	'binəkl	hộp la bàn
binocular	a	bi'nɔkjulə	hai kính mắt
binoculars	n	bi'nɔkjuləz	ống nhòm
binominal	n	bai'nɔminl	nhị thức
bint	n	bint	cô gái
biochemical	a	'baiou'kemikəl	hoá sinh
biochemist	n	'baiou'kemist	nhà hoá sinh
biochemistry	n	'baiou'kemistri	hoá sinh
biodegradable	a		có thể bị vi khuẩn làm cho thối rữa
biogenesis	n	'baiou'dʤenisis/ (biogeny) /bai'ɔdʤini	thuyết phát sinh sinh vật
biogenetic	a	,baiədʤi'netik/ (biogenetical) /,baiədʤi'netikəl	thuyết phát sinh sinh vật
biogenetical	a	,baiədʤi'netik/ (biogenetical) /,baiədʤi'netikəl	thuyết phát sinh sinh vật
biogeny	n	'baiou'dʤenisis/ (biogeny) /bai'ɔdʤini	thuyết phát sinh sinh vật
biographer	n	bai'ɔgrəfə	người viết tiểu sử
biographic	a	,baiou'græfik/ (biographical) /,baiou'græfikəl	tiểu sử
biographical	a	,baiou'græfik/ (biographical) /,baiou'græfikəl	tiểu sử
biography	n	bai'ɔgrəfi	tiểu sử, lý lịch
biologic	a	,baiə'lɔdʤik/ (biological) /,baiə'lɔdʤikəl	sinh vật học
biological	a	,baiə'lɔdʤik/ (biological) /,baiə'lɔdʤikəl	sinh vật học
biologically	d		về mặt sinh học
biologist	n		nhà nghiên cứu về sinh vật học
biology	n	bai'ɔlədʤi	sinh vật học
biometric	a	,baiou'metrik/ (biometrical) /,baiou'metrikəl	sinh trắc học
biometrical	a	,baiou'metrik/ (biometrical) /,baiou'metrikəl	sinh trắc học
biometrician	n	,baioumi'triʃn	nhà sinh trắc học
biometrics	n	bai'ɔmitri/ (biometrics) /,baiə'metriks	sinh trắc học
biometry	n	bai'ɔmitri/ (biometrics) /,baiə'metriks	sinh trắc học
bionic	a		có những bộ phận được điều khiển bằng đi
bionics	n	bai'ɔniks	kỹ thuật
biophysical	a	'baiou'fizikəl	lý sinh
biophysicist	n	'baiou'fizisist	nhà lý sinh
biophysics	n	'baiou'fiziks	lý sinh
bioplasm	n	'baiəplæzm	sinh chất
biopsy	n	'baiəpsi	sinh thiết
biosphere	n		sinh quyển
bipartisan	a	bai'pɑ:tizən	hai đảng
bipartite	a	bai'pɑ:tait	chia đôi
bipartition	n	,baipɑ:'tiʃn	sự chia đôi, sự phân đôi
biped	a	'baiped	có hai chân
bipedal	a	'baiped	có hai chân
biplane	n	'baiplein	máy bay hai tầng cánh
bipolar	a	bai'poulə	hai cực, lưỡng cực
biquadratic	a	,baikwɔ'drætik	trùng phương
birch	n	bə:tʃ	giống cây cáng lò, giống cây bulô
bird	n	bə:d	con chim
birdie	n	'bə:di	chim non
birdman	n	'bə:dmən	người nuôi chim
birdseed	n		hạt dùng cho chim ăn
birdsong	n		tiếng hót của chim
birdwoman	n	'bə:d,wumən	nữ phi công, chị lái máy bay
biro	n		bút bi
birth	n	bə:θ	sự sinh đẻ
birthday	n	'bə:θdei	ngày sinh, lễ sinh nhật
birthplace	n		nơi sinh, sinh quán
birthright	n	'bə:θrait	quyền lợi dòng nòi
bis	d	bis	lát nữa, lần thứ hai
biscuit	n	'biskit	bánh quy
bisect	v	bai'sekt	chia đôi, cắt đôi
bisection	n	bai'sekʃn	sự chia đôi, sự cắt đôi
bisector	n	bai'sektə/ (bisectrix) /bai'sektriks	đường phân đôi
bisectrices	n	bai'sektriks	bisector
bisectrix	n	bai'sektriks	bisector
bisexual	a	'bai'seksjuəl	lưỡng tính
bish	n		lỗi, khuyết điểm
bishop	n	'biʃəp/ (exarch) /'eksɑ:k	giám mục
bishopric	n	'biʃəprik	địa phận của giám mục
bisk	n	bisk/ (bisque) /bisk	xúp thịt chim
bismuth	n	'bizməθ	bitmut
bison	n	'baisn	bò rừng bizon
bisque	n	bisk	sứ không tráng men
bissextile	n	bi'sekstail	năm nhuận
bistort	n	'bistɔ:t	cây quyền sâm
bistoury	n	'bisturi	dao mổ
bistre	n	'bistə	màu nâu sẫm
bistro	n	'bistrou	quán rượu nhỏ
bisulfate	n	bai'sʌlfeit	sunfat-axit
bit	n	bit	miếng, mảnh mẫu
bitch	n	bitʃ	con chó sói cái, con chồn cái bitch wolf
bitchy	a		có ác ý
bite	n	bait	sự cắn, sự ngoạm
biter	n	'baitə	người cắn, vật cắn
bitiminize	v	bi'tju:minaiz/ (bitiminise) /bi'tju:minaiz	rải nhựa đường, quét bitum
biting	a	'baitiɳ	làm cho đau đớn, làm buốt
bitsy	a		nhỏ xíu
bitter	a	'bitə	đắng
bitterly	d	'bitəli	bitter
bittern	n	'bitə:n	con vạc
bitterness	n	'bitənis	vị đắng
bittersweet	n		một cái gì vừa ngọt vừa đắng, sung sướng
bittock	n	'bitək	tí chút, mẫu nhỏ
bitts	n	bits	cọc buộc dây cáp
bitumen	n	'bitjumin	nhựa rải đường bitum
bituminous	a	bi'tju:minəs	có nhựa rải đường, có bitum
bivalent	a	'dai'veilənt	có hoá trị hai
bivalve	a	'baivælv	hai mảnh vỏ
bivouac	n	'bivuæk	trại quân đóng ngoài trời buổi tối
biweekly	a	'bai'wi:kli	một tuần hai lần
bix	n		Tên một dịch vụ máy tính trực tuyến hoàn
biz	n	biz	business
bizarre	a	bi'za:	kỳ quái, kỳ lạ
bizarrely	n		xem bizarre
bl	n		như LitB
blab	n	blæb	người hay nói ba hoa, người hay tiết lộ
blabber	n	blæb	người hay nói ba hoa, người hay tiết lộ
blabbermouth	n		người ăn nói ba hoa
black	a	blæk	đen
blackamoor	n	'blækəmuə	người da đen
blackberry	n	'blækbəri	cây mâm xôi
blackbird	n	'blækbə:d	chim hét
blackbirding	n	'blæk,bə:diɳ	sự buôn bán những người nô lệ da đen bị
blackboard	n	'blækbɔ:k	bảng đen
blacken	v	'blækən	làm đen, bôi đen
blackguard	n	'blægɑ:d	người đê tiện
blackguardly	a	'blægɑ:dli	đê tiện
blacking	n	'blækiɳ	xi đen, xi
blackish	a	'blækiʃ	hơi đen, đen đen
blackjack	n		dùi cui của cảnh sát
blackleg	n	'blækleg	kẻ phản bội ở lại làm cho chủ, kẻ phản b
blacklist	n		danh sách đen, sổ bìa đen
blackmail	n	'blækmeil	sự hâm doạ để tống tiền
blackmailer	n	'blæk,meilə	người hâm doạ để làm tiền
blackness	n	'blæknis	màu đen
blackout	n		mất liên lạc, cúp điện
blacksmith	n	'blæksmiθ	thợ rèn
blackthorn	n	'blækθɔ:n	cây mận gai
blackwood	n		cây keo cao ở úc
blacky	n	'blæki	người da đen
bladder	n	'blædə	bong bóng
bladdery	a	'blædəri	như bong bóng, như bọng
blade	n	bleid	lưỡi
blaeberry	n	'biləri/ (blaeberry) /'bilbəri	cây việt quất
blah	n	blɑ:	lời nói huênh hoang, ba hoa
blain	n	blein	mụn mủ, mụn rộp
blamable	a	'bleiməbl	đáng khiển trách, đáng trách mắng
blame	n	bleim	sự khiển trách, lời trách mắng
blameful	v	'bleimful	khiển trách, trách mắng
blameless	a	'bleimlis	không thể khiển trách được, vô tội
blameworthy	a	'bleim,wə:ði/ (blameful) /'bleimful	đáng khiển trách, đáng trách mắng
blanch	v	blɑ:ntʃ	làm trắng, làm bạc đi
bland	a	blænd	có cử chỉ dịu dàng, lễ phép
blandish	v	'blændiʃ	xu nịnh, bợ đỡ
blandishment	n	'blændiʃmənt	sự xu nịnh
blandness	n	blændnis	sự dịu dàng lễ phép
blank	a	blæɳk	để trống, để trắng
blanket	n	'blæɳkit	mền, chăn
blankly	d	'blæɳkli	ngây ra, không có thần
blare	n	bleə	tiếng kèn
blarney	n	'blɑ:ni	lời dỗ ngọt, lời tán tỉnh đường mật
blaspheme	v	blæs'fi:m	báng bổ
blasphemer	n	blæs'fi:mə	người ăn nói báng bổ
blasphemous	a	'blæsfiməs	báng bổ
blasphemy	n	'blæsfimi	lời báng bổ
blast	n	blɑ:st	luồng gió, luồng hơi
blasted	a	'blɑ:stid	đáng nguyền rủa, đáng cho trời đánh thán
blastema	n	blæs'ti:mə	mầm gốc, nha bào
blaster	n		xem blast
blasting	n	'blɑ:stiɳ	sự làm nổ tung, sự phá bằng thuốc nổ
blastoderm	n	'blæstoudə:m	bì phôi
blatancy	n	'bleitənsi	tính hay la lối
blatant	a	'bləitənt	hay kêu la, hay la lối
blatantly	d		rành rành, hiển nhiên
blather	n	'bləðə/ (blather) /'blæðə	sự nói bậy bạ, sự ba hoa rỗng tuếch
blatherskite	n	'bləðəskeit/ (blatherskite) /'bləðəskait	người hay nói huyên thiên, người lắm lời
blaze	n	'blæðə	ngọn lửa
blazer	v	'bleizə	cháy rực, bùng lửa
blazing	a	'bleiziɳ	nóng rực, cháy sáng
blazon	n	'bleizn	huy hiệu
blazonment	n	'bleiznmənt	sự vẽ huy hiệu, sự tô điểm bằng huy hiệu
blazonry	n	'bleiznri/ (emblazonry) /im'bleizənri	nghệ thuật làm huy hiệu
bleach	v	bli:tʃ	tẩy trắng, chuội
bleacher	n	'bli:tʃə	thợ chuội
bleak	a	bli:k	trống trải, lạnh lẽo
blear	a	bliə	mờ; không nhìn rõ
bleary	a	'bliəri	mờ mắt
bleat	n	bli:t	tiếng be be
bled	n	bled	mụn nước, mụn phỏng
bleed	v	bli:d	chảy máu, mất máu
bleeder	n	'bli:də	người trích máu
bleeding	n	'bli:diɳ	sự chảy máu
bleep	n	bli:p	tiếng bíp bíp
blemish	n	'blemiʃ	tật, nhược điểm
blench	v	'bli:diɳ	lùi bước, chùn bước
blend	n	bli:p	thứ pha trộn
blende	n	blend	blenđơ, xfaêit
blent	n	bli:p	thứ pha trộn
bless	v	bles	giáng phúc, ban phúc
blessed	a	'blesid	thần thánh, thiêng liêng
blessedness	n	'blesidnis	phúc lành
blessing	n	'blesiɳ	phúc lành
blest	v	bles	giáng phúc, ban phúc
blet	n	blet	chỗ ủng, chỗ thối
blether	n	'bləðə/ (blather) /'blæðə	sự nói bậy bạ, sự ba hoa rỗng tuếch
bletherskate	n	'bləðəskeit/ (blatherskite) /'bləðəskait	người hay nói huyên thiên, người lắm lời
bletherskite	n	'bləðəskeit/ (blatherskite) /'bləðəskait	người hay nói huyên thiên, người lắm lời
blight	n	balit	bệnh tàn rụi
blighter	n	'blaitə	kẻ phá hoại
blighty	n	'blaiti	, nước Anh
blimey	i	'blaimi	ùi !, ồ!
blimp	n	blimp	khí cầu nhỏ
blimpery	n	'blimpəri	thái độ ngoan cố, phản đông
blimpish	a	'blimpiʃ	ngoan cố phản động
blimpishness	n	'blimpiʃnis	tính ngoan cố phản động
blind	a	blaind	đui mù
blindage	n	'blaindidʤ	luỹ chắn công sự
blinders	n	'blaindəz	miếng che mắt
blindfold	a	'blaindfould	bị bịt mắt
blindfolded	n		xem blindfold
blinding	n	'blaindgʌt	đá dăm lấp khe nứt ở đường mới làm
blindly	d	'blaindli	mù, mù quáng
blindness	n	'blaindnis	sự đui mù
blingual	a	bai'liɳgwəl	biết nói hai thứ tiếng
blink	n	bliɳk	cái nháy mắt, cái chớp mắt
blinker	n	'bliɳkə	miếng che mắt
blinking	n		chớp tắt, nhấp nháy
blip	n		đốm sáng trên màn hình radar
bliss	n	blis	hạnh phúc, niềm vui sướng nhất
blissful	a	'blisful	hạnh phúc, sung sướng
blissfully	d		hạnh phúc, sung sướng
blissfulness	n	'blisfulnis	niềm hạnh phúc, nỗi sung sướng
blister	n	'blistə	vết bỏng giộp, chỗ giộp da
blistering	a		nghiêm khắc, sắc bén
blistery	a	'blistəri	giộp lên, có nhiều chỗ bỏng giộp
blithe	a	blaið	sung sướng, vui vẻ
blithering	a	'bliðəriɳ/ (blithesome) /'blaiðsəm	ba hoa, nói huyên thiên
blithesome	a	blaið	sung sướng, vui vẻ
blitz	n	blits	chiến tranh chớp nhoáng
blitzkrieg	n	'blitskri:g	chiến tranh chớp nhoáng
blizzard	n	'blizəd	trận bão tuyết
bloat	v	blout	muối và hun khói
bloated	a	'bloutid	húp híp, béo phị
bloater	n	'bloutə	cá trích muối hun khói
blob	n	blɔb	giọt nước
bloc	n	blɔk	khối
block	n	blɔk	khối, tảng
blockade	n	blɔ'keid	sự phong toả, sự bao vây
blockage	n		sự bao vây, tình trang bị bao vây
blockbuster	n		bom tấn
blocker	n		xem block
blockhead	n	'blɔkhəd	người ngu dốt, người đần độn
blockhouse	n	'blɔkhaus	lô cốt
blocking	n		khóa, chặn
blockish	a	'blɔkiʃ	như khối, như tảng
bloke	n	blouk	gã, chàng
blond	a	blɔnd/ (blonde) /blɔnd	vàng hoe
blonde	n	blɔnd	cô gái tóc hoe, người đàn bà tóc hoe
blood	n	blʌd	máu, huyết
blooded	a		dòng giống tốt, thuần chủng
bloodhound	n	'blʌdhaund	chó dò thú, chó đánh hơi
bloodily	d	'blʌdili	tàn bạo, khát máu
bloodiness	n	'blʌdinis	tính tàn bạo, tính khát máu
bloodless	a	'blʌdlis	không có máu, tái nhợt
bloodline	n		dòng dõi huyết thống
bloodshed	n	'blʌdʃed	sự đổ máu, sự chém giết
bloodshot	a	'blʌdʃɔt	đỏ ngàu
bloodstream	n		dòng máu trong cơ thể
bloodsucker	n		động vật hút máu
bloodsucking	n		xem bloodsucker
bloodthirstiness	n	'blʌd,θə':stinis	tính khát máu, tính tàn bạo
bloodthirsty	a	'blʌd,θə:sti	khát máu, tàn bạo
bloody	a	'blʌdi	vấy máu, đẫm máu
bloom	n	blu:m	hoa
bloomer	n	'blu:mə	lỗi lầm lớn, điều sai lầm lớn
bloomers	n	'blu:məz	quần buộc túm
blooming	a	'blu:miɳ	đang nở hoa
blossom	n	'blɔsəm	hoa
blot	n	blɔt	điểm yếu
blotch	n	blɔtʃ	nhọt sưng tấy, chỗ sưng tấy
blotched	a	blɔtʃt/ (blotchy) /'blɔtʃi	có vết bẩn, đầy vết bẩn
blotchy	a	blɔtʃt/ (blotchy) /'blɔtʃi	có vết bẩn, đầy vết bẩn
blotter	n	'blɔtə	bàn thấm
blotto	a	'blɔtou	say khướt, say mèm
blouse	n	blauz	áo cánh
blow	n	blou	cú đánh đòn
blowback	n		sự nạp đạn tự động
blower	n	'blouə	ống bễ
blowfly	n	'blouflai	ruồi xanh, nhặng
blowgun	n	'blougʌn	ống xì đồng
blowhard	n	'blouhɑ:d	, anh chàng huênh hoang khoác lác
blowhole	n	'blouhoul	lỗ phun nước
blowlamp	n	'bloulæmp/ (blowtorch) /'bloutɔ:tʃ	đèn hàn
blown	n	blou	cú đánh đòn
blowpipe	n	'bloupaip	ống hàn
blowtorch	n	'bloulæmp/ (blowtorch) /'bloutɔ:tʃ	đèn hàn
blowtube	n	'bloutju:b	ống thổi thuỷ tinh
blowy	a	'bloui	có gió, lộng gió
blowzed	a	blauzd/ (blowzy) /'blauzi	thô kệch
blowzy	a	blauzd/ (blowzy) /'blauzi	thô kệch
blub	v	blʌb	khóc, vãi nước đái )
blubber	n	'blʌbə	mỡ cá voi
bluchers	n	'blu:tʃəz	giày cao cổ
bludgeon	n	'blʌdʤən	cái dùi cui
blue	a	blu:	xanh
bluebeard	n	'blu:biəd	anh chàng chiều vợ
bluebell	n	'blu:bel	cây hoa chuông lá tròn
blueberry	n		cây việt quất
bluebird	n		chim sơn ca
bluebottle	n	'blu:,bɔtl	con ruồi xanh, con nhặng
bluejacket	n	'blu:,dʤækit	thuỷ thủ, linh thuỷ
blueprint	v	'blu:'ribən	thiết kế, lên kế hoạch
bluestocking	n	'blu:,stɔkiɳ	nữ học giả, nữ sĩ
bluesy	n		xem blues
bluet	n	'blu:it	cây cúc thỉ xa
bluey	n		cái chăn
bluff	a	blʌf	có dốc đứng
bluish	a	'blu:iʃ	hơi xanh, xanh xanh
blunder	n	'blʌndə	điều sai lầm, ngớ ngẩn
blunderbuss	n	'blʌndəbʌs	súng etpigôn
blunderer	n	'blʌndərə	người hay mắc sai lầm ngớ ngẩn
blunderhead	n	'blʌndəhed	người khờ dại, người ngu ngốc
blunt	a	blʌnt	cùn
bluntly	d	'blʌntli	lỗ mãng, không giữ ý tứ
bluntness	n	'blʌntnis	sự cùn
blur	n	blə:	cảnh mờ, dáng mập mờ
blurb	n	blə:b	lời quảng cáo sách, lời giới thiệu sách
blurred	n		nhòe
blurry	n		xem blur
blurt	v	blə:t	thốt ra, nói buột ra
blush	n	blʌʃ	sự đỏ mặt
blushing	a	'blʌʃiɳ	đỏ mặt, bẽn lẽn
bluster	n	'blʌstə	tiếng ầm ầm, tiếng ào ào
bo	i	bou	suỵt!
boa	n	'bouə	con trăn Nam mỹ
boar	n	bɔ:	lợn đực
board	n	bɔ:d	tấm ván
boarder	n	'bɔ:də	người ăn cơm tháng
boarding	n	'bɔ:diɳ	sự lót ván, sự lát ván
boardroom	n		phòng họp của ban giám đốc
boardwalk	n		lối đi có lót ván
boast	n	boust	lời nói khoác
boaster	n	'boustə	người hay khoe khoang, người hay khoác l
boastful	a	'boustful	thích khoe khoang, khoác lác
boastfulness	n	'boustfulnis	tính hay khoe khoang, tính hay khoác lác
boat	n	bout	tàu thuyền
boatful	n	'boutful	vật chở trong thuyền
boathouse	n		nhà thuyền
boating	n	'boutiɳ	sự đi chơi bằng thuyền
boatman	n	'boutmən	người chèo thuyền, người giữ thuyền
boatswain	n	'bousn/ (bo's'n) /'bousn/ (bo'sun) /'bousn	viên quản lý neo buồm
bob	n	bɔb	quả lắc, cục chì
bobbery	n	'bɔbəri	tiếng ồn ào, tiếng om sòm
bobbin	n	'bɔbin	ông chỉ, suốt chỉ
bobbish	a	'bɔbiʃ	nhanh nhẹn, lanh lợi pretty bobbish)
bobble	n		quả cầu bằng len đính trên mũ
bobby	n	'bɔbi	cảnh sát
bobcat	n	'bɔbkæt	linh miêu Mỹ
bobtail	n	'bɔbteil	đuôi cộc
boche	n		số nhiều boches
bock	n	bɔk	bia đen
bod	n		người
bode	v	boud	báo trước
bodeful	a	'boudful	báo điềm gở, gở
bodega	n	bou':di:gə	cửa hàng rượu vang
bodhisattva	n		bồ tát
bodice	n	'bɔdis	vạt trên
bodied	a	'bɔdid	có thân thể ở từ ghép)
bodiless	a	'bɔdilis	vô hình, vô thể
bodily	a	'bɔdili	thể xác, xác thịt
boding	n	'boudiɳ	điềm, triệu
bodkin	n	'bɔdkin	cái xỏ dây, cái xỏ băng vải
body	n	'bɔdi	thân thể, thể xác
bodyguard	n		người hoặc nhóm người có nhiệm vụ bảo vệ
bodywork	n	'bɔdiwə:k	thân xe
boeotian	a	bi'ouʃjən	ngu đần, đần độn
boer	n		người Phi gốc Hà Lan
boffin	n	'bɔfin	nhà nghiên cứu
bog	n	bɔg	vũng lây, đầm lầy
bogey	n	'bougi/ (bogey) /'bougi	ma quỷ, yêu quái
bogeyman	n		một người hoặc vật kinh khiếp
boggle	v	'bɔgl	chùn lại, do dự
boggy	a	'bɔgi	lầy lội, bùn lầy
bogie	n	'bougi	giá chuyển hướng
bogle	n	'bougl	ma quỷ, yêu quái
bogus	a	'bougəs	hư, ma giả, không có thật
bogy	n	'bougi/ (bogey) /'bougi	ma quỷ, yêu quái
bohemian	a	bou'hi:mjən	Bô-hem
boil	n	bɔil	nhọt, đinh
boiler	n	'bɔilə	người đun
boiling	n	'bɔiliɳ	sự sôi
boisterous	a	'bɔistərəs	hung dữ, dữ dội
boisterousness	n	'bɔistərəsnis	tính hung dữ, tính dữ dội
boko	n	'boukou	mũi
bold	a	bould	dũng cảm, táo bạo
boldly	d		táo bạo, liều lĩnh
boldness	n	'bouldnis	tính dũng cảm, tính táo bạo
bole	n	boul	thân
bolero	n	bə'leərou	điệu nhảy bôlêrô
bolide	n	'boulaid	sao băng
boll	n	boul	quả nang
bollard	n	'bɔləd	cọc buộc tàu thuyền
bollocks	n		tinh hoàn
bolo	n		số nhiều bolos
bolometer	n	bou'lɔmitə	cái đo xạ năng bôlômet
boloney	n	bə'louni	điều nhảm nhí xằng bậy, chuyện vớ vẩn
bolshevik	n	'bɔlʃivik	người bônsêvíc, đảng viên đảng cộng sản
bolshevism	n	'bɔlʃivizm	chủ nghĩa bônsêvíc
bolshevist	n	'bɔlʃivist	người bônsêvíc
bolshevize	v	'bɔlʃivaiz	bônsêvíc hoá, làm cho thấm nhuần chủ ngh
bolster	n	'boulstə	gối ống
bolt	n	boult	cái sàng, máy sàng
bolter	n	'boultə	máy sàng
bolus	n	'bouləs	viên thuốc to
bomb	n	bɔm	quả bom
bombard	v	bɔm'bɑ:d	bắn phá, ném bom
bombardier	n	,bɔmbə'diə	pháo thủ
bombardment	n	bɔm'bɑ:dmənt	sự bắn phá, sự ném bom
bombardon	n	bɔm'bɑ:dn	ken trầm
bombasine	n	'bɔmbəsi:n/ (bombazine) /'bɔmbəzi:n	vải, chéo go
bombast	n	'bɔmbæst	lời nói khoa trương, giọng văn khoa trươ
bombastic	a	bɔm'bæstik	khoa trương
bombazine	n	'bɔmbəsi:n/ (bombazine) /'bɔmbəzi:n	vải, chéo go
bombed	a		say rượu hoặc ma túy
bomber	n	'bɔmə	máy bay ném bom
bombing	n		việc ném bom
bombshell	n		tạc đạn
bombshelter	n	'bɔm,ʃeltə	hầm trú ẩn
bonanza	n	bou'nænzə	sự phát đạt, sự thịnh vượng
bonce	n	bɔns	hòn bi to
bond	n	bɔnd	dây đai, đay buộc
bondage	n	'bɔndidʤ	cảnh nô lệ
bonded	a	'bɔndid	ở trong kho
bonding	n		sự kết nối
bondman	n	'bɔndmən/ (bondsman) /'bɔndzmen	người nô lệ & )
bondsman	n	'bɔndmən/ (bondsman) /'bɔndzmen	người nô lệ & )
bone	n	boun	xương
boned	a	bound	có xương ở từ ghép)
bonedust	n	'bounmi:l/ (bonedust) /'boundʌst	bột xương
boner	n	'bounə	lầm lỗi, sự sai lầm ngớ ngẩn
bonfire	n	'bɔn,faiə	lửa mừng
bong	n		tiếng boong phát ra từ chuông lớn
bongo	n		cái trống nhỏ được gõ bằng tay
bonito	n	bɔ'ni:tou	cá ngừ
bonkers	a		điên dại, loạn óc
bonne	n	bɔn	cô giữ trẻ
bonnet	n	'bɔnit	mũ bê-rê, mũ phụ nữ
bonny	a	'bɔni	đẹp, xinh
bonsai	n		cây cảnh
bonus	n	'bounəs	tiền thưởng
bony	a	'bouni	nhiều xương
bonze	n	bɔnz	nhà sư
bonzer	a	'bɔnzə	) cừ, tuyệt
boo	i	bu:/ (booh) /bu:	ê, ê, ê!
boob	n	bu:b	người ngốc nghếch, người khờ dại
booby	n	'bu:bi	người vụng về, người khờ dại
boodle	n	'bu:bl	bọn, đám
booh	i	bu:/ (booh) /bu:	ê, ê, ê!
boohoo	n	bu:'hu:	tiếng khóc hu hu
book	n	buk	sách
bookbinder	n	'buk,baində	thợ đóng sách
bookbinding	n	'buk,baindiɳ	sự đóng sách
bookcase	n	'bukkeis	tủ sách
booker	n		xem book
bookie	n	'buki/ (book-maker) /'bu:t,meikə	maker)
bookish	a	'bukiʃ	ham đọc sách
bookishness	n	'bukiʃnis	tính ham đọc sách
bookkeeping	n		kế toán, nội dịch
booklet	n	'buklit	cuốn sách nhỏ
bookmaker	n		người đánh cá ngựa thuê chuyên nghiệp
bookman	n	'bukmən	học giả
bookmark	n		thẻ đánh dấu trang sách
bookmobile	n	'buk,moubail	ô tô thư viện lưu động
bookseller	n	'buk,selə	người bán sách
bookselling	n	'buk,seliɳ	nghề bán sách
bookshelf	n		giá sách, kệ sách
bookshop	n	'bukʃɔp	hiệu sách
bookstall	n	'bukstɔ:l	quán bán sách, quầy bán sách
bookstoken	n	'buk,toukən	phiếu mua sách
bookstore	n	bukstɔ:	hiệu sách
bookworm	n	'bukwə:m	mọt sách & )
boom	n	bu:m	sào căng buồm
boomer	n	'bu:mə	con canguru đực
boomerang	n	'bu:məræɳ	vũ khí bumơrang
boomster	n	'bu:mstə	, kẻ đầu cơ
boon	n	bu:n	mối lợi, lợi ích
boor	a	buə	người cục mịch, người thô lỗ
boorish	a	'buəriʃ	cục mịch, thô lỗ
boorishness	n	'buəriʃnis	tính cục mịch, tính thô lỗ
boost	n	bu:st	sự quảng cáo rùm beng
booster	n	'bu:stə	người nâng đỡ, người ủng hộ
boot	n	bu:t	to boot thêm vào đó, nữa
bootback	v	'bu:tblæk	người đánh giày
booted	n		mang giầy kiểu nào đó
bootee	n	'bu:ti:	giày ống nhẹ
booth	n	bu:ð	quán, rạp
bootlace	n	'bu:tleis	dây giày
bootleg	n	'bu:tleg	ống giày ống
bootlegger	n	'bu:t,legə	người bán rượu lậu
bootless	a	'bu:tlis	vô ích
bootlick	v	'bu:tlik	liếm gót, bợ đỡ
bootlicker	n	'bu:t,likə	kẻ liếm gót, kẻ bợ đỡ
bootmaker	n	'bu:t,meikə	thợ đóng giày ống
boots	n	bu:ts	người đánh giày
booty	n	'bu:ti	của cướp được
booze	n	bu:z/ (bouse) /bu:z	sự say sưa, bữa rượu tuý luý
boozer	n		người uống nhiều rượu
boozy	a	'bu:zi	say sưa tuý luý
bop	n	bɔp	, cú đấm
bora	n	'bɔ:rə	gió bora
boracic	a	bə'ræsik	boric
borate	n	'bɔ:reit	borat
borax	n	'bɔ:ræks	borac, natri-tetraborat
bordeaux	n	bɔ:'dou	rượu vang boocđô
bordello	n	bɔ:'delou	nhà thổ, nhà chứa
border	n	'bɔ:də	bờ, mép, vỉa, lề
borderer	n	bɔ:dərə	người ở vùng biên giới
borderland	n	'bɔ:dəlænd	vùng biên giới
borderline	n		đường biên giới, giới tuyến
bore	n	bɔ:	lỗ khoan
boreal	a	'bɔ:riəl	bắc
boreas	n	'bɔriæs	thần gió bấc
borecole	n	'bɔ:koul	cải xoăn
boredom	n	'bɔ:dəm	nỗi buồn tẻ, nỗi buồn chán
borer	n	'bɔ:rə	người khoan, người đào
boric	n	'bɔ:rik	boric
boring	n	'bɔ:riɳ	sự khoan, sự đào
born	a	bɔ:n	bẩm sinh, đẻ ra đã là
borne	v	beə	mang, cầm
boron	n	'bɔ:rɔn	Bo
borough	n	'bʌrə	thành phố, thị xã
borrow	v	'bɔrou	vay, mượn
borrowed	a	'bɔroud	vay, mượn
borrower	n	'bɔrouə	người đi vay, người đi mượn
borrowing	n	'bɔrouiɳ	sự vay mượn
borsch	n	bɔrʃtʃ	boocsơ, xúp củ cải đỏ
bort	n	bɔ:t	mảnh vụn kim cương
borzoi	n	'bɔ:zɔi	giống chó booczôi
bos	n	bɔs/ (boss) /bɔs	phát bắn trượt bos shot)
boscage	n	'bɔskidʤ/ (boskage) /'bɔskidʤ	lùm cây
bosh	n	bɔʃ	bụng lò cao
bosk	n	bɔsk/ (bosquet) /'bɔskit	rừng nhỏ, lùm cây
boskage	n	'bɔskidʤ/ (boskage) /'bɔskidʤ	lùm cây
bosket	n	'bɔskit	bosk
bosky	a	'bɔski	nhiều cây, rậm rạp
bosom	n	'buzəm	ngực
bosquet	n	bɔsk/ (bosquet) /'bɔskit	rừng nhỏ, lùm cây
boss	n	bɔs	ông chủ, thủ trưởng
bossy	a	'bɔsi	có bướu lồi ra
botanic	a	bə'tænik/ (botanical) /bə'tænikəl	thực vật học
botanical	a	bə'tænik/ (botanical) /bə'tænikəl	thực vật học
botanist	n	'bɔtənist	nhà thực vật học
botanize	v	'bɔtənaiz	tìm kiếm thực vật, nghiên cứu thực vật
botany	n	'bɔtəni	thực vật học
botch	n	bɔtʃ	việc làm vụng, việc làm hỏng
both	n	bouθ	cả hai
bother	n	'bɔðə	điều bực mình, điều khó chịu
botheration	n	,bɔðə'reiʃn	điều buồn bực, điều phiền muộn
bothersome	a	'bɔðəsəm	làm khó chịu, gây phiền
bothie	n	'bɔθi/ (bothy) /'bɔθi	cái lều
bothy	n	'bɔθi/ (bothy) /'bɔθi	cái lều
bottle	n	'bɔtl	chai, lọ
bottleneck	n		đường hẹp, trở ngại
bottom	n	'bɔtəm	phần dưới cùng, đáy
bottomless	a	'bɔtəmlis	không có đáy
bottommost	a	'bɔtəmmoust	ở dưới cùng
bottomry	n	'bɔtəmri	sự mượn tiền lấy tàu làm đảm bảo
botulin	n	'bɔtjulin	bôtulin
botulism	n	'bɔtjulizm	chứng ngộ độc thịt
boudoir	n	'bu:dwɑ:	buồng the, phòng khuê
bough	n	bau	cành cây
bought	v	bai	mua
bougie	n	'bu:ʤi:	cây nến
bouillabaisse	n		món buiabet
bouillon	n	'bu:jʤ:ɳ	nước canh thịt
boulder	n	'bouldə/ (bowlder) /'bouldə	tảng đá mòn
boulevard	n	'bu:lvɑ:	đại lộ, đường lớn
boult	v	boult	sàng, rây
boulter	n	'boultə	dây câu dài nhiều lưỡi
bounce	n	'bauns	sự nảy lên, sự bật lên
bouncer	n	'baunsə	vật nảy lên, người nhảy lên
bouncing	a	'bausiɳ	to lớn, to gộ
bouncy	a		có khả năng nẩy, nẩy tốt
bound	n	baund	biên giới
boundary	n	'baundəri	đường biên giới, ranh giới
bounded	n		bị chặn
bounden	a	'baundən	in bounden duty vì nhiệm vụ bắt buộc
bounder	n	'baundə	anh chàng bất lịch sự hay đùa tếu
boundless	a	'baundlis	bao la, bát ngát
bounteous	a	'bauntiəs/ (bountiful) /'bauntiful	rộng rãi, hào phóng
bounteousness	n	'bauntiəsnis	tính rộng rãi, tính hào phóng
bountiful	a	'bauntiəs/ (bountiful) /'bauntiful	rộng rãi, hào phóng
bounty	n	'baunti	lòng rộng rãi, tính hào phóng
bouquet	n	'bukei	bó hoa
bourbon	n	'buəbən	kẻ phản động
bourgeois	n	'buəʤwa:	người tư sản
bourgeoisie	n	,buəʤwa:'zi:	giai cấp tư sản
bourgeon	n	'bə:dʤən/ (bourgeon) /'bə:dʤən	chồi
bourn	n	buən	dòng suối nhỏ
bourne	n	buən	dòng suối nhỏ
bourse	n	buəs	thị trường chứng khoán Pa-ri, thị trường
bouse	n	bu:z/ (bouse) /bu:z	sự say sưa, bữa rượu tuý luý
bout	n	baut	lần, lượt
boutique	n		cửa hàng nhỏ bán quần áo và các mặt hàng
bovine	a	'bouvain	giống bò, như bò
bovril	n	'bɔvril	nước thịt ép, nước thịt hầm
bow	n	bou	cái cung
bowdlerise	v	'baudləraiz/ (bowdlerize) /'baudləraiz	lược bỏ, cắt bỏ
bowdlerize	v	'baudləraiz/ (bowdlerize) /'baudləraiz	lược bỏ, cắt bỏ
bowed	a		có hình thức cong như cái cung
bowel	n	'bauəl	ruột
bower	n	'bauə	lùm cây, nhà nghỉ mát trong kùm cây
bowery	a	'bauəri	có bóng mát, có những lùm cây
bowing	n		kỹ thuật kéo vự
bowl	n	boul	cái bát
bowlder	n	'bouldə/ (bowlder) /'bouldə	tảng đá mòn
bowler	n	'bouldə	người chơi bóng gỗ, người chơi ki
bowling	n		trò chơi lăn bóng gỗ
bowman	n	'boumən	người bắn cung
bowpot	n	'baupɔt/ (bowpot) /'baupɔt	lọ hoa
bowshot	n	'baupɔt	tầm tên
bowsprit	n	'bousprit	rầm néo buồm
bowstring	n	'boustriɳ	dây cung
bowyer	n	'boujə	người làm cung
box	n	bɔks	hộp, thùng
boxer	n	'bɔksə	võ sĩ quyền Anh
boxful	n	'bɔksful	hộp, thùng
boxing	n	'bɔksiɳ	quyền thuật, quyền Anh
boxom	a	'bʌksəm	tròn trĩnh, nở nang
boxwood	n	'bɔkswud	gỗ hoàng dương
boy	n	bɔi	con trai, thiếu niên
boycott	n	'bɔikət	sự tẩy chay
boyfriend	n		bạn trai
boyhood	n	'bɔihud	thời niên thiếu
boyish	a	'bɔiiʃ	trẻ con, như trẻ con
boyishness	n	'bɔiiʃnis	tính trẻ con
boyo	n		gã trai
bozo	n		gã đàn ông, thằng cha
bp	n		Công ty dầu lửa Anh quốc
br	n		Hoả xa Anh quốc
bra	n	brɑ:	của brassière) cái nịt vú, cái yếm
brace	n	breis	vật nối
bracelet	n	'breislit	vòng tay, xuyến
bracer	n	'breise	cái bao cổ tay
braces	n		dấu ngoặc ôm
brachial	a	'breikjəl	cánh tay, giống cánh tay
brachiopod	n	'brækiəpɔd	động vật tay cuộn
brachycephalic	a	,brækike'fælik	có đầu ngắn
brachylogy	n	brə'kilədʤi	tính khúc chiết, tính cô đông lại
bracing	a	'breisiɳ	làm cường tráng, làm khoẻ mạnh
bracken	n	'brækən/ (brake) /breik	cây dương xỉ diều hâu
bracket	n	'brækit	côngxon, rầm chia
brackish	a	'brækiʃ	hơi mặn, mằn mặn
bract	n	brækt	lá bắc
bracteal	a	'bræktiəl	lá bắc
bracteate	a	'bræktiit	có lá bắc
bracteole	n	'bræktioul/ (bractlet) /'bræktlet	lá bắc con
bractlet	n	'bræktioul/ (bractlet) /'bræktlet	lá bắc con
brad	n	bræk	đinh nhỏ đầu
bradawl	n	'brædɔ:l	cái giùi
brae	n	brei	bờ dốc
brag	n	bræg	sự khoe khoang khoác lác
braggadocio	n	,brægə'doutʃiou	sự khoe khoang khoác lác, lời khoe khoan
braggart	n	'brægət	người khoe khoang khoác lác
brahman	n	'brɑ:min/ (brahman) /'brɑ:mən	người Bà la môn
brahmanism	n	'brɑ:minizm/ (brahmanism) /'brɑ:mənizm	đạo Bà la môn
brahmin	n	'brɑ:min/ (brahman) /'brɑ:mən	người Bà la môn
brahminee	a	'brɑ:mini:	đạo Bà la môn
brahminism	n	'brɑ:minizm/ (brahmanism) /'brɑ:mənizm	đạo Bà la môn
braid	n	breid	dải viền
brail	n	breil	dây cuộn buồm
braille	n	breil	hệ thống chữ Bray
brain	n	brein	óc, não
brainchild	n		ý kiến, sự phát minh
brainless	a	'breinlis	ngu si, đần độn
brainstorm	n		sự náo động tâm tư bất thần dữ dội, sự x
brainstorming	n		động não, thảo luận góp ý
brainwash	v		tẩy não
brainwashing	n		sự tẩy não
brainwave	n		nguồn cảm hứng thình lình, ý kiến hay bấ
brainy	a	'breini	thông minh, có đầu óc
braird	n	breəd	mầm non
braise	n	breiz	thịt om
brake	n	breik	bụi cây
brakeman	n	'breikmən/ (brakesman) /'breiskmən	người gác phanh
brakesman	n	'breikmən/ (brakesman) /'breiskmən	người gác phanh
bramble	n	'bræmbl	bụi gai
brambling	n	'bræmbliɳ	chim xẻ núi
brambly	a	'bræmbli	nhiều bụi gai
bran	n	bræn	cám
brancard	n	'bræɳkəd	xe băng ca, xe cáng tải thương
branch	n	brɑ:ntʃ	cành cây
branchia	n	'bræɳkiə/ (branchiae) /'bræɳkii:	mang
branchiae	n	'bræɳkiə/ (branchiae) /'bræɳkii:	mang
branchial	a	'bræɳkiəl	mang, như mang
branchiate	a	'brækieit	có mang
branching	n		rẽ nhánh
branchless	a	'brɑ:ntʃlis	không có cành
branchy	a	'brɑ:ntʃi	nhiều cành
brand	n	brænd	nhãn
brandish	v	'brændiʃ	khua, vung gươm...)
brandy	n	'brændi	rượu branđi, rượu mạnh
brant	n	'brent/ (brent-goose) /'brent'gu:s/ (brant) /'brænt/ (brant-goose) /'brænt'gu:s	goose)
brash	n	bræʃ	đống gạch đá vụn, đống mảnh vỡ
brass	n	brɑ:s	đồng thau
brassage	n	'bræsidʤ	thuế đúc tiền
brassard	n	bræ'sɑ:d	băng tay
brasserie	n	'bræsəri	phòng uống bia, quán bia ngoài trời
brassie	a	'brɑ:si	giống đồng thau, làm bằng đồng thau
brassy	a	'brɑ:si	giống đồng thau, làm bằng đồng thau
brat	n	bræt	, giuồm ghiện ỗn['brætis]
brattice	n	'brætis	vách điều hoà gió
bratwurst	n		món xúc xích lợn để rán
bravado	n	brə'vɑ:dou	sự làm ra vẻ can đảm, sự làm ra vẻ bạo d
brave	n	breiv	chiến sĩ da đỏ
bravely	d		dũng cảm, gan góc
bravery	n	'breivəri	tính gan dạ, tính can đảm
bravo	n	'brɑ:'vou	kẻ đi giết người thuê
brawl	n	brɔ:l	sự cãi lộn ầm ỹ
brawler	n	'brɔ:lə	người hay cãi nhau
brawn	n	brɔ:n	bắp thịt, sức mạnh của bắp thịt
brawniness	n	'brɔ:ninis	sự khoẻ mạnh, sự rắn chắc
brawny	a	'brɔ:ni	khoẻ mạnh, rắn chắc
bray	n	brei	tiếng be be
brazen	a	'breizn	bằng đồng thau, như đồng thau
brazier	n	'breizjə	lò than
breach	n	bri:tʃ	lỗ đạn, lỗ thủng
bread	v	bred	làm thủng
breadth	n	bredθ	bề ngang, bề rộng
breadthways	d	'bredθweiz/ (breadthwise) /'bredθwaiz	theo bề ngang
breadthwise	d	'bredθweiz/ (breadthwise) /'bredθwaiz	theo bề ngang
break	n	breik	xe vực ngựa
breakable	a	'breikəbl	dễ vỡ, dễ gãy
breakables	n	'breikəblz	đồ dễ vỡ
breakage	n	'breikidʤ	chỗ nứt, đoạn nứt
breakaway	n		sự ly khai
breakdown	n	'breikdaun	sự hỏng máy
breaker	n	'breikə	người bẻ gãy, người đập vỡ
breakfast	n	'brekfəst	bữa ăn sáng, bữa điểm tâm
breaking	n		cắt, ngắt
breakneck	a	'breiknek	nguy hiểm, dễ gây ra tai nạn
breakthrough	n		sự chọc thủng phòng tuyến
breakup	n		vỡ
breakwater	n	'breik,wɔ:tə	đê chắn sóng
bream	n	bri:m	cá vền
breast	n	brest	ngực
breastbone	n	'brestboun	xương ức
breastplate	n	'brestpleit	giáp che ngực
breastwork	n	'brestwə:k	công sự nổi
breath	n	breθ	hơi thở, hơi
breathable	n		xem breathe
breathe	v	bri:ð	hít, thở
breather	n	'bri:ðə	sinh vật, người sống
breathing	n	'bri:ðiɳ	sự thở, sự hô hấp
breathless	a	'breθlis	hết hơi, hổn hển
breathlessly	d	'breθlisli	hết hơi, hổn hển
breathtaking	a		hấp dẫn, ngoạn mục
bred	n	bri:d	nòi, giống
bree	n		nước luộc thịt
breech	n	bri:tʃ	khoá nòng
breeches	n	'britʃiz	quần ống túm
breed	n	bri:d	nòi, giống
breeder	n	'bri:də	người gây giống, người chăn nuôi
breeding	n	'bri:diɳ	sự sinh sản
breeze	n	bri:z	ruồi trâu
breeziness	n	'bri:zinis	tình trạng có gió hiu hiu
breezy	a	'bri:zi	có gió hiu hiu
brekker	n	'brekə	bữa ăn sáng, bữa điểm tâm
bren	n	bren/ (bren_gun) /'brengʌn	súng breen
brent	n	'brent/ (brent-goose) /'brent'gu:s/ (brant) /'brænt/ (brant-goose) /'brænt'gu:s	goose)
brethren	n	'breðrin	anh em đồng ngũ, anh em đồng nghiệp
brevet	n	'brevit	hàm
breviary	n	'bri:vjəri	sách kinh
brevier	n	'brə'viə	chữ cỡ 8
brevity	n	'breviti	tính khúc chiết, sự vắn tắt
brew	n	bru:n	sự chế, sự ủ
brewage	n	'bru:idʤ	đồ uống pha chế
brewer	n	'bru:ə	người ủ rượu bia
brewery	n	'bruəri/ (brew-house) /'bru:haus	house)
brewing	n		việc làm rượu bia
briar	n	'braiə/ (briar) /'braiə	cây thạch nam
bribability	n	,braibə'biliti	tính có thể hối lộ, tính có thể mua chuộ
bribable	a	'braibəbl	có thể đút lót, có thể hối lộ
bribe	n	braib	của đút lót, vật đút lót
bribee	n	brai'bi:	kẻ ăn đút lót, kẻ ăn hối lộ
briber	n	'braibə	kẻ đút lót, kẻ hối lộ
bribery	n	'braibəri	sự đút lót, sự hối lộ
brick	n	brik	gạch
bricklayer	n	'brik,leiə	thợ nề
bricklaying	n	'brik,leiiɳ	sự xây gạch, sự lát gạch
brickwork	n	'brikwə:k	sự xây bằng gạch
bricky	a	'briki	ngổn ngang đầy gạch
brickyard	n	'brikfi:ld/ (brickyard) /'brikjɑ:d	nhà máy gạch, lò gạch
bridal	n	'braidl	đám cưới, tiệc cưới
bride	n	braid	cô dâu
bridecake	n	'braidkeik	bánh cưới
bridegroom	n	'braidgrum	chú rể
bridesmaid	n	'braidzmeid	cô phù dâu
bridesman	n	'braidzmən	người phù rể
bridewell	n	'braidwəl	trại cải tạo, nhà tù
bridge	n	bridʤ	brit
bridle	n	'braidl	cương
brie	n		phó mát mềm của Pháp
brief	a	bri:f	ngắn, vắn tắt
briefcase	n		cái cặp để giấy tờ, tài liệu
briefing	n	'bri:fiɳ	chỉ thị, lời chỉ dẫn
briefless	a	'bri:flis	không có việc để biện hộ
briefly	d	'bri:fli	ngắn gọn, vắn tắt
briefness	n	'bri:fnis	tính ngắn gọn, tính vắn tắt
briefs	n	bri:fs	quần đùi, xì líp
brier	n	'braiə/ (briar) /'braiə	cây thạch nam
brig	n	brig	thuyền hai buồm
brigade	n	bri'geid	lữ đoàn
brigadier	n	,brigə'diə	lữ đoàn trưởng, thiếu tướng
brigand	n	'brigənd	kẻ cướp
brigandage	n	'brigəndidʤ	sự cướp bóc
bright	a	brait	sáng, sáng chói
brighten	v	'braitn	làm sáng sủa, làm tươi sáng
brightly	d	'braitli	sáng chói
brightness	n	'braitnis	sự sáng ngời, sự rực rỡ
brill	n	bril	cá bơn vỉ
brillance	n	'briljəns/ (brilliancy) /'briljənsi	sự sáng chói, sự rực rỡ
brilliance	n		chói, độ chói
brilliancy	n	'briljəns/ (brilliancy) /'briljənsi	sự sáng chói, sự rực rỡ
brilliant	a	'briljənt	sáng chói, chói loà
brilliantine	n	,briljən'ti:n	bizăngtin, sáp chải tóc
brilliantly	d		vẻ vang, sáng chói
brim	n	brim	miệng
brimful	a	'brimful	đầy ắp, đầy đến miệng
brimmer	n	'brimmə	cốc đầy
brimstone	n	'brimstən	lưu huỳnh
brindle	a	'brindl/ (brindled) /'brindld	vện, nâu đốm
brindled	a	'brindl/ (brindled) /'brindld	vện, nâu đốm
brine	n	brain	nước biển, nước mặn
bring	v	briɳ	cầm lại, đem lại
bringer	n		xem bring
brink	n	briɳk	bờ miệng
brinkmanship	n	'briɳkmənʃip	chính sách "bên miệng hố chiến tranh"
briny	a	'braini	mặn
brioche	n		bánh mì ngọt hình tròn
briony	n	'braiəni/ (briony) /'braiəni	cây nhăng
briquette	n	bri'ket	than bánh
brisk	a	brisk	nhanh, nhanh nhẩu
brisket	n	briskit	ức
bristle	n	'brisl	lông cứng
bristly	a	'brisli	đầy lông cứng
britain	n		giống như Great Britain
britannia	n	bri'tænjə	nước Anh
britannic	a	bri'tænik	nước Anh
briticism	n	'britisizm/ (britishism) /'britiʃizm	từ ngữ đặc Anh
british	a	'britiʃ	Anh
britisher	n	'britiʃə	người Anh
briton	n	'britn	người Bri-tô
brittle	a	'britl	giòn, dễ gãy
brittleness	n	'britlnis	tính giòn, tính dễ gãy
broach	n	broutʃ	cái xiên
broad	a	broutʃ	rộng
broadband	n		dải sóng rộng
broadcast	a	'brɔ:dkɑ:st	được tung ra khắp nơi, được gieo rắc
broadcaster	n	'brɔ:dkɑ:stə	người nói chuyện trên đài phát thanh, ng
broadcasting	a	'brɔ:dkɑ:st	được tung ra khắp nơi, được gieo rắc
broadcloth	n	'brɔ:dklɔθ	hàng len đen mỏng khổ đôi
broaden	v	'brɔ:dn	mở rộng, nới rộng
broadish	a	'brɔ:diʃ	hơi rộng
broadly	d	'brɔ:dli	rộng, rộng rãi
broadminded	a	'brɔ:d'maindid	có tư tưởng rộng rãi, khoáng đạt
broadness	n	'brɔ:dnis	sự thô tục, sự tục tĩu
broadsheet	n	'brɔ:dʃi:t/ (broadside) /'brɔ:dsaid	giấy khổ rộng chỉ in một mặt
broadside	n	'brɔ:dsaid	phần mạn tàu nổi trên mặt nước
broadways	d	'brɔ:dweiz/ (broadwise) /'brɔ:dwaiz	theo bề ngang, theo bề rộng
broadwise	d	'brɔ:dweiz/ (broadwise) /'brɔ:dwaiz	theo bề ngang, theo bề rộng
brocade	n	brə'keid	gấm thêu kim tuyến, vải thêu kim tuyến
broccoli	n		cây bông cải xanh
brochure	n	'brouʃjuə	cuốn sách mỏng
brock	n	brɔk	con lửng
brocket	n	'brɔkit	hươu non mới có gạc
brogue	n	broug	giày vò
broider	v	im'brɔidə/ (broider) /'brɔidə	thêu
broidery	n	im'brɔidəri/ (broidery) /'brɔidəri	việc thêu
broil	n	brɔil	thịt nướng
broiler	n	'brɔilə	người hay gây sự, người hay gây gỗ
broke	a	brouk	khánh kiệt, túng quẫn
broken	a	'broukən	bị gãy, bị vỡ
brokenly	d	'broukənli	đứt quãng, không liên tục
broker	n	'broukə	người môi giới, người mối lái buôn bán
brokerage	n	'broukəridʤ	sự môi giới
broking	n	'broukiɳ	nghề môi giới
brolly	n	'brɔli	ô, dù
bromate	n	'broumeit	bromat
bromeliaceous	a	,broumli'eiʃəs	thuộc họ dứa
bromic	a	'broumik	bromic
bromide	n	'broumaid	bromua
bromine	n	'broumi:n	brom
bronchi	n	'brɔɳkai/ (bronchia) /'brɔɳkiə	cuống phổi
bronchia	n	'brɔɳkai/ (bronchia) /'brɔɳkiə	cuống phổi
bronchial	a	'brɔɳkjəl	cuống phổi
bronchitic	a	brɔɳ'kitik	viêm cuống phổi, bị viêm cuống phổi
bronchitis	n	brɔɳ'kaitis	bệnh viêm cuống phổi
broncho	n	'brɔɳkou/ (broncho) /'brɔɳkou	ngựa chưa thuần hoá hẵn
bronchocele	n	'brɔɳkousi:l	bướu giáp, bướu cổ
bronco	n	'brɔɳkou/ (broncho) /'brɔɳkou	ngựa chưa thuần hoá hẵn
bronze	n	brɔnz	đồng thiếc
brooch	n	broutʃ	trâm, ghim hoa
brood	n	bru:d	lứa, ổ
brooder	n	'bru:də	gà ấp
broody	a	'bru:di	đòi ấp
brook	n	bruk	suối
brooklet	n	'bruklit	suối nhỏ
broom	n	bru:m	cây đậu chổi
bros	n		vt của brothers
broth	n	brɔθ	nước luộc thịt, nước xuýt
brothel	n	'brɔθl	nhà chứa, nhà thổ
brother	n	'brʌðə	anh, em trai
brotherhood	n	'brʌðəhud	tình anh em
brotherless	a	'brʌðəlis	không có anh em
brotherlike	a	'brʌðəlaik	như anh em
brotherliness	n	'brʌðəlinis	tính chất anh em, tình anh em
brotherly	a	'brʌðəli	anh em
brougham	n	'bru:əm	xe độc mã
brought	v	briɳ	cầm lại, đem lại
brow	n	brau	mày, lông mày
browbeat	v	'braubi:t	doạ nạt, nạt nộ
browbeaten	v	'braubi:t	doạ nạt, nạt nộ
brown	a	braun	nâu
brownie	n	'brauni	ma thiện, phúc thần
browning	n	'brauniɳ	súng braoninh
brownish	n	'brauniʃ	hơi nâu, nâu nâu
brownstone	n	'braunstoun	đá cát kết nâu
browse	n	brauz	cành non, chồi non
browser	n		bộ duyệt tìm
bruin	n	'bru:in	chú gấu
bruise	n	bru:z	vết thâm tím, vết thâm
bruiser	n	'bru:zə	võ sĩ nhà nghề
bruit	n	bru:t	tin đồn, tiếng đồn
brumal	a	'bru:məl	mùa đông
brumby	n	'brʌmbi	úc, ngựa chưa thuần
brume	n	bru:m	sương mù
brummagem	n	'brʌmədʤəm	đồ rẻ tiền, đồ hào nhoáng rẻ tiền
brumous	a	'bru:məs	mù sương
brunch	n	brʌntʃ	bữa nửa buổi
brunette	n	bru:'net	người đàn bàn ngăm đen
brunt	n	brʌnt	gánh năng chủ yếu, sức mạnh chính
brush	n	brʌʃ	bàn chải
brushwood	n	'brʌʃwud	bụi cây
brushy	a	'brʌʃi	như bàn chải lởm chởm
brusque	a	brusk	sống sượng, lỗ mãng
brusqueness	n	'brusknis	sự sống sượng, sự lỗ mãng
brut	a	bru:t	nguyên, không pha ngọt
brutal	a	'bru:tl	đầy thú tính, cục súc
brutalise	v	'bru:təlaiz/ (brutalise) /'bru:təlaiz	làm cho thành hung ác, làm cho thành tàn
brutality	n	bru:'tæliti	tính hung ác, tính tàn bạo
brutalize	v	'bru:təlaiz/ (brutalise) /'bru:təlaiz	làm cho thành hung ác, làm cho thành tàn
brutally	d		hung bạo, tàn nhẫn
brute	n	bru:t	súc vật, thú vật
brutify	v	'bru:tifai	làm cho đần độn, làm cho u mê
brutish	a	'bru:tiʃ	có tính chất thú vật, vũ phu
bryologist	n	brai'ɔlədʤist	nhà nghiên cứu rêu
bryology	n	brai'ɔlədʤi	môn nghiên cứu rêu
bryony	n	'braiəni/ (briony) /'braiəni	cây nhăng
bryophyte	n	'braiəfait	rêu
bs	n		Cử nhân khoa học
btw	n		theo cách đó
bub	n		ngực phụ nữ
bubble	n	'bʌbl	bong bóng, bọt
bubbly	a	'bʌbli	có bong bóng, nhiều bọt
bubby	n		rượu săm-banh
bubo	n	'bju:bou	bệnh sưng bạch hạch
bubonocele	n	bju:'bɔnəsi:l	thoát vị bẹn
buccaneer	n	,bʌkə'niə	cướp biển
buccinator	n	'bʌksineitə	cơ mút
buck	n	bʌk	hươu đực, hoẵng đực
bucket	n	'bʌkit	thùng, xô
bucking	n		sự ăn diện
buckish	a	'bʌkiʃ	vó vẻ ăn diện, có vẻ công tử bột
buckle	n	'bʌkl	cái khoá
buckler	n	'bʌklə	cái mộc, cái khiên
buckling	n		cá bẹ hun khói cho đến khi chín
bucko	n	'bʌkou	, người huênh hoang khoác lác
buckram	n	'bʌkrəm	vải thô hồ cứng
buckshee	a	'bʌkʃi:	không phải trả tiền, không mất tiền
buckshot	n		đạn chì dùng để bắn thú to
buckskin	n	'bʌkskin	da hoẵng
buckstick	n	'bʌkstik	người hay khoe khoang khoác lác
buckwheat	n	'bʌkwi:t	kiều mạch
bucolic	a	bju:'kɔlik	mục đồng
bud	n	bʌd	chồi, nụ
budded	a	'bʌdid	đã nảy chồi, đã ra nụ
buddha	n		Đức phật
buddhism	n	'budizm	đạo Phật
buddhist	n	'budist	tín đồ đạo Phật
buddhistic	a	bu'distik/ (buddhistical) /bu'distikəl	đạo Phật
buddhistical	a	bu'distik/ (buddhistical) /bu'distikəl	đạo Phật
budding	n	'bʌdiɳ	sự ghép mắt
buddy	n	'bʌdi	, bạn thân
budge	v	bʌdʤ	làm chuyển, làm nhúc nhích
budget	n	'bʌdʤit	ngân sách, ngân quỹ
budgetary	a	'bʌdʤitəri	ngân sách
buff	n	bʌf	da trâu, da bò
buffalo	n	'bʌfəlou	con trâu
buffer	n	'bʌfə	vật đệm, tăng đệm
buffet	n	'bufei	quán giải khát
buffeting	n	'bʌfitiɳ	sự đánh đập, sự đánh túi bụi
buffi	n	'bufou	diễn viên kịch vui
buffo	n	'bufou	diễn viên kịch vui
buffoon	n	bʌ'fu:n	anh hề
buffoonery	n	bʌ'fu:nəri	trò hề
bug	n	bʌg	con rệp
bugaboo	n	'bʌgbeə/ (bugaboo) /'bʌgəbu:	ngoáo ộp, ông ba bị
bugbear	n	'bʌgbeə/ (bugaboo) /'bʌgəbu:	ngoáo ộp, ông ba bị
bugger	n	'bʌgə	sodomite
buggered	a		mệt nhoài, mệt lả
buggery	n	'bʌgəri	thói kê gian
bugging	n		làm quấy rầy, tạo phiền nhiễu
buggy	n	'bʌgi	xe độc mã, xe một ngựa
bughouse	n	'bʌghaus	, nhà điên
bugle	n	'bju:gl	cây hạ khô
bugler	n	'bju:glə	lính kèn
build	n	bild	sự xây dựng
builder	n	'bildə	người xây dựng
building	n	'bildiɳ	kiến trúc, sự xây dựng
built	n	bild	sự xây dựng
bulb	n	bʌlb	củ ; hành
bulbaceous	a	'bʌlbəs/ (bulbaceous) /bʌl'beiʃəs	có củ, có hành
bulbed	a	bʌlbd	có củ, có hành
bulbiferous	a	bʌl'bifərəs	có củ, có hành
bulbil	n	'bʌlbil	hành con
bulbous	a	'bʌlbəs/ (bulbaceous) /bʌl'beiʃəs	có củ, có hành
bulgarian	a	bʌl'geəriən	Bun-ga-ri
bulge	n	bʌldʤ	chỗ phình, chỗ phồng
bulging	a	'bʌldʤin/ (bulgy) /'bʌldʤ	lồi ra, phồng ra
bulgy	a	'bʌldʤin/ (bulgy) /'bʌldʤ	lồi ra, phồng ra
bulimia	n	bju:'limiə/ (bulimy) /'bju:limi	chứng cuồng ăn vô độ, chứng háu ăn
bulimic	a	bju:'limik	cuồng ăn vô độ, mắc chứng cuồng ăn vô độ
bulimy	n	bju:'limiə/ (bulimy) /'bju:limi	chứng cuồng ăn vô độ, chứng háu ăn
bulk	n	bʌlk	trọng tải hàng hoá, hàng hoá
bulkhead	n	'bʌlkhed	vách ngăn
bulkiness	n	'bʌlkinis	sự to lớn, sự đồ sộ
bulky	a	'bʌlki	to lớn, đồ sộ
bull	n	bul	bò đực
bullace	n	'bulis	cây mận rừng
bullate	a	'bʌleit	lồi lên, sưng lên
bulldog	n	'buldɔg	chó bun
bulldose	v	'buldouz/ (bulldoze) /'buldouz	ủi ; san phẳng bằng xe ủi đất
bulldoze	v	'buldouz/ (bulldoze) /'buldouz	ủi ; san phẳng bằng xe ủi đất
bulldozer	n	'bul,douzə	xe ủi đất
bulldozerman	n	'bul,douzəmən	người lái xe ủi đất
bullet	n	'bulit	đạn
bulletin	n	'bulitin	thông cáo, thông báo
bulletproof	n		Khả năng chống các can nhiễu từ bên ngoà
bullfight	n	'bulfait	trận đấu bò, trò đấu bò
bullfighter	n	'bul,faitə	người đấu bò
bullfighting	n		trận đấu bò, trò đấu bò
bullfinch	n	'bulfintʃ	chin sẻ ức đỏ
bullfrog	n		ễnh ương
bullhead	n	'bulhed	cá bống biển
bullheaded	n	'bul'hedid	nén, thoi
bullhorn	n		loa pin, micrô pin
bullion	n	'buljən	nén, thoi
bullock	n	'bulək	bò thiến
Bulls	n		Người đầu cơ giá lên.
bullshit	n		chuyện phiếm, chuyện nhảm nhí
bullshitter	n		xem bullshit
bully	n	'buli	bully_beef
bullyrag	v	'bæliræg/ (bullyrag) /'buliræg	chơi xỏ, đùa xỏ
bulrush	n	'bulrʌʃ	cây hương bồ, cây cỏ nến
bulwark	n	'bulwək	bức tường thành
bum	n	bʌm	phía sau, đằng sau
bumble	n	'bʌmbl	beadle
bumbledom	n	'bʌmbldəm	thói vênh vang tự mãn
bumbling	a		vụng về
bumbo	n	'bʌmbou	rượu pân ướp lạnh
bumf	n	bʌmf	giấy vệ sinh, giấy chùi đít
bummaree	n	,bʌmə'ri:	người môi giới
bummer	n	'bʌmə	người vô công rồi nghề, người làm biếng
bump	n	bʌmp	tiếng vạc kêu
bumper	n	'bʌmpə	người va mạnh
bumpkin	n	'bʌmpkin	người vụng về, người thộn
bumptious	a	'bʌmpʃəs	tự phụ, tự mãn
bumptiousness	n	'bʌmpʃəsnis	tính tự phụ, tính tự mãn
bumpy	a	'bʌmpi	gập ghềnh, mấp mô
bun	n	bʌn	bánh bao nhân nho, bánh sữa nhỏ
buna	n	'bu:nə	buna một loại cao su nhân tạo
bunch	n	bʌntʃ	búi, chùm
bunchy	n		xem bunch
bunco	n	'bʌɳkou	sự lừa bịp, sự lừa đảo
buncombe	n	'bʌɳkəm/ (buncombe) /'bʌɳkəm	lời nói ba hoa, lời nói huyên thuyên
bund	n	bʌnd	Anh, Ân đê
bunder	n	'bʌndə	Anh, Ân bến cảng
bundle	n	'bʌndl	bó
bundled	n		cả bộ
bung	n	bʌɳ	sự đánh lừa, sự nói dối
bungalow	n	'bʌɳgəlou	nhà gỗ một tầng, boongalô
bunged	a	bʌɳd	bị nút chặt, bị tắc
bungle	n	'bʌɳgl	việc làm vụng, việc làm cẩu thả
bungler	n	'bʌɳglə	thợ vụng, người làm ẩu
bunion	n	'bʌnjən	nốt viêm tấy ở kẽ ngón chân cái
bunk	n	bʌɳk	giường ngủ
bunker	n	'bʌɳkə	kho than
bunkum	n	'bʌɳkəm/ (buncombe) /'bʌɳkəm	lời nói ba hoa, lời nói huyên thuyên
bunky	n	'bʌɳki	, bạn cùng phòng
bunny	n	'bʌɳni	khuấy 6
bunt	n	bʌnt	bụng, rốn
bunter	n		xem bunt
bunting	n	'bʌntiɳ	vải may cờ
buoy	n	bɔi	phao, phao cứu đắm life buoy)
buoyage	n	'bɔiidʤ	sự thả phao, sự đặt phao
buoyancy	n	'bɔiənsi	sự nổ, sức nổi
buoyant	a	'bɔiənt	nổi, nổi trên mặt
bur	n	bə:/ (burr) /bə:	quả có gai, cụm hoa có lông dính
burberry	n	'bə:bəri	vải bơbơri
burble	v		nói lẩm bẩm
burbot	n	'bə:bət	cá tuyết sông
burden	n	'bə:dn/ (burthen) /'bə:ðən	gánh nặng & )
burdensome	a	'bə:dnsəm	đè nặng, nặng nề
bureau	n	bjuə'rou	cục, nha
bureaucracy	n	bjuə'rɔkrəsi	quan lại, công chức
bureaucrat	n	'bjuəroukræt	quan lại, công chức
bureaucratic	a	,bjərou'krætik	quan lại, công chức
bureaucratically	d	,bjuərou'krætikəli	quan liêu
bureaucratism	n	bjuə'rɔkrətizm	thói quan liêu
bureaucratist	n	bjuə'rɔkrətist	người quan liêu
bureaux	n	bjuə'rou	cục, nha
burette	n	bjuə'ret	Buret
burg	n	bə:g	thị trấn, thị xã
burgee	n	'bə:dʤi:	cờ đuôi nheo
burgeon	n	'bə:dʤən/ (bourgeon) /'bə:dʤən	chồi
burgess	n	'bə:dʤis	dân thành thị
burgh	n	'bʌrə	thị xã, thị trấn
burgher	n	'bə:gə	người dân ở tỉnh, người dân thị trấn
burglar	n	'bə:glə	kẻ trộm đêm, kẻ trộm bẻ khoá
burglarious	a	bə'gleəriəs	ăn trộm bẻ khoá, ăn trộm đào ngạch
burglarize	v	'bə:gləraiz/ (burgle) /'bə:gl	ăn trộm bẻ khoá, ăn trộm đào ngạch
burglary	n	'bə:gləri	ăn trộm đêm, ăn trộm bẻ khoá
burgle	v	'bə:gləraiz/ (burgle) /'bə:gl	ăn trộm bẻ khoá, ăn trộm đào ngạch
burgomaster	n	'bə:gə,mɑ:stə	thị trường
burgonet	n	'bə:gənet	mũ sắt
burgoo	n	bə:'gu:l	, cháo đặc
burgundy	n	'bə:gəndi	rượu vang đỏ buôcgônhơ
burial	n	'beriəl	việc chôn cất, việc mai táng
buried	n		chôn, ngầm
burin	n	'bjuərin	dao khắc, dao trổ
burk	n		cũng berk, birk
burka	n		như burkha
burke	v	bə:k	bịt đi, ỉm đi
burl	n	bə:l	chỗ thắt nút
burlap	n	'bə:læp	vải bao bì
burlesque	n	bə:'lesk	trò khôi hài, trò hài hước
burliness	n	'bə:linis	tầm vóc vạm vỡ
burly	a	'bə:li	lực lưỡng, vạm vỡ
burman	a	bə:'mi:z/ (Burman) /'bə:mən	Miến điện
burmese	a	bə:'mi:z/ (Burman) /'bə:mən	Miến điện
burn	n	bə:n	dòng suối
burner	n	'bə:nə	người đốt, người nung trong từ ghép)
burning	n	'bə:niɳ	sự đốt, sự thiêu
burnish	n	'bə:niʃ	sự đánh bóng
burnisher	n	'bə:niʃə	thợ đánh bóng
burnous	n	bə:'nu:s/ (burnouse) /bə:'nu:z	áo choàng trùm kín đầu
burnouse	n	bə:'nu:s/ (burnouse) /bə:'nu:z	áo choàng trùm kín đầu
burnout	n		cháy, chập mạch
burnt	a	bə:nt	bị cháy, bị đốt
burp	n	bə:p	sự ợ
burr	n	bə:	bur
burro	n	'burou	, lừa thồ
burrow	n	'bʌrou	hang
bursa	n	'bə:sə	bìu, túi
bursae	n	'bə:sə	bìu, túi
bursar	n	'bə:sə	người thủ quỹ
bursary	n	'bə:səri	phòng tài vụ
burseraceous	a	,bə:si'reiʃəs	họ trám
burst	n	bə:st	sự nổ tung, sự vỡ tung
burster	n	'bə:stə	thuốc nổ
bursting	a		ngập tràn
burthen	n	'bə:dn/ (burthen) /'bə:ðən	gánh nặng & )
burton	n		thành ngữ
bury	v	'beri	chôn, chôn cất
bus	n	bʌs	xe buýt
busboy	n		người phụ giúp người hầu bàn dọn dẹp bàn
busby	n	'bʌzbi	mũ kỵ binh Anh
bush	n	buʃ	bụi cây, bụi rậm
bushed	a		mệt nhoài, đuối sức
bushel	n	buʃl	giạ
busheller	n	'buʃlə	thợ sửa quần áo
bushido	n		võ sĩ đạo
bushman	n	'buʃmən	thổ dân Nam phi
bushy	a	'bizili	có nhiều bụi cây
busily	d	'bizili	bận rộn
business	n	'biznis/ (biz) /biz/ (busyness) /'bizinis	việc buôn bán, việc kinh doanh
businessman	n		nhà kinh doanh, thương gia
businesswoman	n		thương gia
busk	n	bʌsk	nòng coocxê
busker	n	'bʌskə	người hát rong, diễn viên rong
buskin	n	'bʌskin	ủng kịch
busman	n	'bʌsmən	người lái xe buýt
buss	n	bʌs	cai hôn
bust	n	bʌst	tượng nửa người
bustard	n	'bʌstəd	chim ôtit
buster	n	'bʌstə	trong từ ghép) bom phá, đạn phá
bustle	n	'bʌsl	cái khác thường, cái kỳ lạ
busty	a		ngực nở
busy	a	'bizi	bận rộn, bận
busybody	n		người hay dính vào chuyện người khác
busyness	n	'biznis/ (biz) /biz/ (busyness) /'bizinis	việc buôn bán, việc kinh doanh
but	c	bʌt	nhưng, nhưng mà
butadiene	n	,bu:tədai'i:n	butađien
butane	n	'bju:ein	butan
butch	a		có tính cách như đàn ông, nam tính trội
butcher	n	'butʃə	người hàng thịt, đồ tễ
butcherly	a	'butʃəli	như đồ hàng thịt
butchery	n	'butʃəri	lò mổ
butler	n	'bʌtlə	quản gia
butt	n	bʌt	gốc, gốc cuống
butte	n		ụ đất, mô đất
butter	n	'bʌtə	bơ
butterball	n		người béo mập
buttercup	n	'bʌtəkʌp	cây mao lương hoa vàng
butterfly	n	'bʌtəflai	con bướm
butterine	n	'bʌtəri:n	magarin
buttermilk	n	'bʌtəmilk	kho thực phẩm
butterscotch	n		kẹo làm bằng bơ đun với đường
buttery	a	'bʌtəri	có bơ
butting	n		giới hạn, ranh giới
buttock	n	'bʌtək	mông đít
button	n	'bʌtn	cái khuy, cái cúc
buttonhole	n	'bʌtnhoul	khuyết áo
buttony	a	'bʌtni	có nhiều khuy
buttress	n	'bʌtris	trụ ốp tường, trụ tường
butty	n	'bʌti	bạn, bạn thân
butyric	a	bju:'tirik	butyric
buy	v	bai	mua
buyer	n	baiə	người mua
buzz	n	bʌs	tiếng vo vo, tiếng vù vù
buzzard	n	'bʌzed	chim ó butêo
buzzer	n	'bʌzə	còi
by	n	bai	gần, cạnh
bye	a	bai	thứ yếu, phụ
bygone	a	'baigɔn	quá khứ, qua rồi
byline	n		Trong ấn loát văn phòng, đây là dòng ghi
bypass	n	'baipɑ:s	đường vòng
bypast	a	'baipɑ:st	đã qua, đã trôi qua
bypath	n	'baipɑ:θ	đường hẻm hẻo lánh
byplay	n	'baiplei	sự việc phụ
byre	n	'baiə	chuồng bò
bystander	n	'bai,stændə	người đứng ngoài xem, người ngoài cuộc
bystreet	n	'baistri:t	phố hẻo lánh, phố lẻ
byword	n	'baiwə:d	tục ngữ, ngạn ngữ
byzantine	a		thuộc về đế quốc La Mã phương Đông
c	n	si:	c
cab	n	kæb	xe tắc xi, xe ngựa thuê
cabal	n	kə'bæl	âm mưu
cabala	n	kə'bɑ:lə	cabbala
cabalism	n	kə'bɑ:lizm/ (cabalism) /kə'bɑ:lizm	cách học pháp thuật, cách luyện phù chú
cabalistic	a	,kæbə'listik	cabbalistic
caballer	n	kə'bælə	người âm mưu, người mưu đồ
caballero	n		số nhiều caballeros
cabana	n		cái nhà nhỏ
cabaret	n	'kæbərei	quán rượu Pháp
cabbage	n	'kæbidʤ	cải bắp
cabbala	n	kə'bɑ:lə/ (kabbalah) /kə'bɑ:lə	phép thần thông, pháp thuật
cabbalism	n	kə'bɑ:lizm/ (cabalism) /kə'bɑ:lizm	cách học pháp thuật, cách luyện phù chú
cabbalistic	a	,kæbə'listik	phép thần thông, pháp thuật
cabby	n	'kæbi	người lái tắc xi, người đánh xe ngựa
caber	n	'keibə	sào, lao
cabin	n	'kæbin	cabin, buồng ngủ
cabinet	n	'kæbinit	tủ
cable	n	'keibl	dây cáp
cablegram	n	'keiblgræm	bức điện xuyên đại dương, điện tín
cablerailway	n	'keibl'reilwei	đường sắt cho toa cáp
cabman	n	'kæbmən	người lái tăc xi, người đánh xe ngựa thu
caboose	n	kə'bu:s	bếp trên boong
cabotage	n	'kæbətɑ:ʤ	sự buôn bán dọc theo bờ biển
cabriolet	n	,kæbriou'lei	xe độc mã
cacao	n	kekɑ:ou	cacao-tree
cachalot	n	'kæʃəlɔt	cá nhà táng
cache	n	kæʃ	nơi giấu, nơi trữ
cachet	n	'kæʃei	dấu đặc biệt, nét đặc sắc
cachetic	a	kə'keitik	suy mòn
cachexy	n	kə'keksi	bệnh suy mòn
cachinnate	v	'kækineit	cười rộ, cười vang
cachinnation	n	,kæki'neiʃn	tiếng cười rộ, tiếng cười vang
cachou	n	kə'ʃu:	kẹo caosu
cack	n	kæk	giày không gót
cackle	n	'kækl	tiếng gà cục tác
cacodylate	n	'kækədileit	cacođylat
cacography	n	kæ'kɔgrəfi	sự viết tồi, sự đọc tồi
cacology	n	kæ'kɔlədʤi	sự chọn từ tồi
cacophonous	a	kæ'kɔfənəs	nghe chối tai
cacophony	n	kæ'kɔfəni	tiếng lộn xộn chối tai, điệu nhạc chối t
cactaceous	a	kæ'kæk'teiʃəs	họ xương rồng
cacti	n	'kæktəs	cây xương rồng
cactus	n	'kæktəs	cây xương rồng
cacuminal	a	kæ'kju:minl	uốn lưỡi
cad	n	kæd	đồ ti tiện, đồ vô lại
cadastral	a	kə'dæstrəl	địa chính
cadaver	n		xác chết, tử thi
cadaveric	a	kə'dævərik	xác chết
cadaverous	a	kə'dævərəs	trông như xác chết
cadaverousness	n	kə'dævərəsnis	vẻ như xác chết
caddie	n	'kædi/ (caddy) /'kædi	người phục dịch những người đánh gôn, đứ
caddish	a	'kædiʃ	vô giáo dục, vô lại
caddishness	n	'kædiʃnis	tính mất dạy, tính vô lại
caddy	n	'kædi	hộp trà tea caddy)
cadence	n	'keidəns	nhịp, phách
cadenced	a	'keidənst	có nhịp điệu
cadency	n	'keidənsi	ngành thứ, chi thứ
cadet	n	kə'det	con thứ
cadette	n	kə'det	nữ nhân viên
cadge	v	kædʤ	đi lang thang ăn xin, xin xỏ
cadger	n	'kædʤə	kẻ ăn xin, kẻ ăn mày
cadi	n	'kɑ:di/ (kadi) /'kɑ:di	pháp quan
cadmium	n	'kædmiəm	catmi
cadre	n	kɑ:dr	khung, sườn
caducity	n	kə'dju:siti	thời kỳ già cỗi
caducous	a	kə'dju:kəs	già cỗi, suy nhược
caeca	n	'si:kəm	ruột tịt
caecum	n	'si:kəm	ruột tịt
caesalpiniaceous	a	,sesælpini'eiʃəs	họ vang
caesar	n		danh hiệu của các hoàng đế La Mã từ Augu
caesarean	n		xem Caesarean section
caesium	n	'si:zjəm	xezi
caesura	n	si:'zjuərə	sự ngắt giọng
cafe	n	'kæfei	tiệm cà phê
cafeteria	n	,kæfi'tiəriə	quán ăn tự phục vụ
caffeine	n	'kæfi:in	cafêin
caftan	n	'kæftən/ (kaftan) /kæf'tɑ:n	áo captan
cage	n	keidʤ	lồng, chuồng
cagey	a	'keidʤi/ (cagy) /'keidʤi	kín đáo, không cởi mở
caginess	n	'keidʤinis	tính kín đáo, tính không cởi mở
cagy	a	'keidʤi/ (cagy) /'keidʤi	kín đáo, không cởi mở
cahoot	n	kə'hu:t	sự chung nhau, sự thông lưng
cahoots	n		mưu mô cái gì bất lương với ai, móc ngoặ
cai	n		dạy học có máy tính trợ giúp
caiman	n	'keimən/ (caiman) /'keimən	cá sấu
cain	n	kein	kẻ giết anh em, kẻ sát nhân
cainozoic	a	,kainou'zouik	đại tân sinh
cairn	n	keən	ụ đá hình tháp
caisson	n	kə'su:n	hòm đạn dược
caitiff	n	'keitif	người hèn hạ, người ti tiện người đáng k
cajeput	n	'kædʤəput	nho cajơput
cajole	v	kə'dʤoul	tán tỉnh, phỉnh phờ
cajolement	n	kə'dʤoulə/ (cajolement) /kə'dʤoulmənt	kẻ tán tỉnh, kẻ phỉnh phờ
cajoler	n	kə'dʤoulə/ (cajolement) /kə'dʤoulmənt	kẻ tán tỉnh, kẻ phỉnh phờ
cajolery	n	kə'dʤouləri	sự tán tỉnh, sự phỉnh phờ
cake	n	keik	bánh ngọt
cakewalk	n	'keikwɔ:k	điệu nhảy thưởng bánh
cal	n		Học tập với sự trợ giúp của máy tính
calabar	n	,kælə'bɑ:/ (calaber) /,kælə'bɑ:	bộ da lông sóc xám
calabash	n	'kæləbæʃ	quả bầu
calaber	n	,kælə'bɑ:/ (calaber) /,kælə'bɑ:	bộ da lông sóc xám
calaboose	n	,kælə'bu:s	nhà giam, nhà tù
calamander	n	,kælə'mændə	gỗ mun nâu
calamary	n	'kæləməri	con mực bút
calamine	n	'kæləmain	calamin
calamint	n	'kæləmint	rau phong luân
calamite	n	'kæləmait	cây lô mộc
calamitous	a	kə'læmitəs	tai hại, gây thiệt hại
calamitousness	n	kə'læmitəsnis	tính chất tai hại
calamity	n	kə'læmiti	tai hoạ, tai ương
calamus	n	'kæləməs	cây thạch xương bồ
calander	n	'kæləndə/ (calender) /'kælində	máy cán láng
calcareous	a	kæl'keəriəs/ (calcarious) /kæl'keəriəs	đá vôi
calcarious	a	kæl'keəriəs/ (calcarious) /kæl'keəriəs	đá vôi
calceolaria	n	,kælsiə'leəriə	cây huyền sâm
calciferol	n	kæl'sifərɔl	vitamin D
calcification	n	,kælsifi'keiʃn	sự hoá vôi
calcify	v	'kælsifai	làm cho hoá vôi
calcinate	v	'kælsain/ (calcinate) /'kælsineit	nung thành vôi
calcination	n	,kælsi'neiʃn	sự nung thành vôi
calcine	v	'kælsain/ (calcinate) /'kælsineit	nung thành vôi
calcite	n	'kælsait	canxit
calcium	n	'kælsiəm	canxi
calculability	n	,kælkjulə'biliti	tính có thể đếm được, tính có thể tính đ
calculable	a	'kælkjuləbl	có thể đếm được, có thể tính được
calculate	v	'kælkjuleit	tính, tính toán
calculating	a	'kælkjuleitiɳ	thận trọng, có đắn đo suy nghĩ
calculation	n	,kælkju'leiʃn	sự tính, sự tính toán
calculator	n	'kælkjuleitə	người tính
calculi	n	'kælkjuləs	phép tính
calculous	a	'kælkjuləs	có sỏi
calculus	n	'kælkjuləs	phép tính
caldron	n	'kɔ:ldrən/ (caldron) /'kɔ:ldrən	vạc
caledonian	a	,kæli'dounjən	Ê-cốt
calefacient	a	,kæli'feiʃənt	làm ấm, làm nóng
calefaction	n	,kæli'fækʃn	sự làm ấm, sự làm ra sức nóng
calefactory	a	,kæli'fæktəri	làm ấm, làm nóng
calendar	n	'kælində	lịch
calender	n	'kæləndə/ (calender) /'kælində	máy cán láng
calends	n	'kælindz/ (kalends) /'kælendz	ngày đầu tháng ngay sóc
calf	n	kɑ:f	con bê
calfskin	n	'kɑ:fskin	da dê calf)
caliber	n	'kælibə	calibre
calibrate	v	'kælibreit	định cỡ, xác định đường kính
calibrated	n		được lấy chuẩn
calibration	n	,kæli'breiʃn	sự định cỡ, sự xác định đường kính
calibre	n	'kælibə	cỡ, đường kính
calices	n	'kæliks	khoang hình cốc
calico	n	'kælikou	vải trúc bâu
calif	n	'kælipəz/ (calif) /'kælif/ (khalifa) /kɑ:'li:fə	vua Hồi, khalip
caliolgy	n	,kæli'ɔlədʤi	khoa nghiên cứu tổ chim
calipers	n	'kælipəz/ (calipers) /'kælipəz	com-pa đo ngoài
caliph	n	'kælipəz/ (calif) /'kælif/ (khalifa) /kɑ:'li:fə	vua Hồi, khalip
calisthenics	n		môn thể dục mềm dẻo
calix	n	'kæliks	khoang hình cốc
calk	n	kɔ:k	mấu sắc
calker	n	'kɔ:kə/ (calker) /'kɔ:kə	thợ xảm
calkin	n	'kælkin	móng ngựa có đóng mấu sắc, gót giày có đ
call	n	kɔ:l	tiếng kêu, tiếng la
calla	n		cũng calla lili
caller	n	'kælə	người đến thăm, người gọi
calligraphy	n	kə'ligrəfi	thuật viết chữ đẹp
calling	n	'kɔ:liɳ	xu hướng, khuynh hướng
callipers	n	'kælipəz/ (calipers) /'kælipəz	com-pa đo ngoài
callisthenic	a	,kælis'θeniks	thể dục mềm dẻo
callisthenics	n	,kælis'θeniks	thể dục mềm dẻo
callosity	n	kæ'lɔsiti	chai
callous	a	'kæləs	thành chai, có chai
callousness	n	'kæləsnis	sự nhẫn tâm
callow	a	'kælou	chưa đủ lông cánh
callus	n	'kæləs	chỗ thành chai, chai
calm	a	kɑ:m	êm đềm, lặng gió
calmative	a	'kælmətiv	làm dịu đi, làm giảm đau
calmly	d	'kɑ:mli	yên lặng, êm ả
calmness	n	'kɑ:mnis	sự yên lặng, sự bình tĩnh
calnnishness	n	'klæniʃnis	tính chất thị tộc
calomel	n	'kæləmel	caloment
calorescence	n	,kælə'resns	sự nhiệt quang
caloric	a	kə'lɔrik/ (calorific) /,kælə'rifik	calo, nhiệt
calorie	n	'kæləri/ (calory) /'kæləri	calo
calorific	a	,kælə'rifik	caloric
calorification	n	kə,lɔrifi'keiʃn	sự toả nhiệt
calorifics	n	,kælə'rifiks	kỹ thuật nhiệt học
calorimeter	n	,kælə'rimitə	cái đo nhiệt lượng
calorimetric	a	,kælə'mətrik	phép đo nhiệt lượng
calorimetry	n	,kælə'rimitri	phép đo nhiệt lượng
calory	n	'kæləri/ (calory) /'kæləri	calo
calotte	n	kə'lɔt	mũ chỏm
caltrop	n	'kæltrəp	chông sắt
calumet	n	'kæljumet	tẩu hoà bình
calumniate	v	kə'lʌmnieit	nói xấu, vu khống
calumniation	n	kə,lʌmni'eiʃn	sự nói xấu, sự vu khống
calumniator	n	kə'lʌmnieitə	kẻ vu khống
calumninatory	a	kə'lʌmniətəri/ (calumnious) /kæ'lʌmniəs	vu khống
calumnious	a	kə'lʌmniətəri/ (calumnious) /kæ'lʌmniəs	vu khống
calumny	n	'kæləmni	lời vu khống
calvary	n	'kælvəri	chỗ Chúa Giê-xu bị đóng đinh vào giá chữ
calve	v	kɑ:v	đẻ con
calves	n	kɑ:f	con bê
calvinism	n	'kælvinizm	thuyết Can-vin
calvinist	n	'kælvinist	người theo thuyết Can-vin
calyces	n	'keiliks	đài
calypso	n		bài ca về một đề tài nóng bỏng
calyx	n	'keiliks	đài
cam	n	kæm	cam
camaraderie	n	,kæmə'rɑ:dəri:	tình bạn, sự thân thiết
camber	n	'kæmbə	sự khum lên, sự vồng lên
cambist	n	'kæmbist	người chuyên buôn bán hối phiếu
cambium	n	'kæmbiəm	tầng phát sinh gỗ, tượng tầng
cambrel	n	'kæmbrəl	móc treo thịt cả con
cambrian	a	'kæmbriən	cambri
cambric	n	'keimbrik	vải lanh mịn
camcorder	n		máy thu-ghi hình
came	n	keim	khung chì lắp kinh
camel	n	'kæməl	lạc đà
cameleer	n	,kæmi'liə	người chăn lạc đà
camellia	n	kə'mi:ljə	cây hoa trà
camelopard	n	'kæmiləpɑ:d	hươu cao cổ
camelry	n	'kæməlri	đội quân cưỡi lạc đà
camembert	n	'kæməmbeə	phó mát camembe
cameo	n	'kæmiou	đồ trang sức đá chạm
camera	n	'kæmərə	máy ảnh
cameraman	n		chuyên viên quay phim, chuyên viên thu h
camion	n	'kæmiən	xe tải
camisole	n	'kæmisoul	coocxê ngoài
camlet	n	'kæmlit	vải lạc đà
camomile	n	'kæməmail	cúc La mã
camouflage	n	'kæmuflɑ:ʤ	sự nguỵ trang & )
camp	n	kæmp	trại, chỗ cắm trại
campaign	n	kæm'pein	chiến dịch
campaigner	n	kæm'peinə	người tham gia nhiều chiến dịch
campanile	n	,kæmpə'ni:li	lầu chuông, gác chuông
campanology	n	,kæmpə'nɔlədʤi	thuật đúc chuông
campanula	n	kəm'pænjulə	giống cây hoa chuông
campanulaceous	n	kəm,pænju'leiʃəs	họ hoa chuông
campanulate	a	kəm'pænjuleit	hình chuông
camper	n		người cắm trại
camphor	n	'kæmfə	long não
camphorate	v	'kæmfəreit	ướp long não
camphorated	a	'kæmfəreitid	có long não
camping	n		sự cắm trại
campsite	n		địa điểm cắm trại
campus	n	'kæmpəs	khu sân bãi
can	n	kæn	bình, bi đông
canadian	a	kə'neidjən	Ca-na-đa
canaille	n	kə'neil	lớp người thấp hèn, tiện dân
canal	n	kə'næl	kênh, sông đào
canalization	n	,kænəlai'zeiʃn	sự đào kênh
canard	n	kæ'nɑ:d	tin vịt
canary	n	kə'neəri	chim bạch yến canary bird)
canasta	n	kə'næstə	lối chơi bài canaxta Nam mỹ
cancan	n	'kænkæn	điệu nhảy căng-căng
cancel	n	'kænsəl	sự xoá bỏ, sự huỷ bỏ
cancellate	a	'kænseleit/ (cancellated) /'kænseleiid	hình mạng
cancellated	a	'kænseleit/ (cancellated) /'kænseleiid	hình mạng
cancellation	n	,kænse'leiʃn	sự bỏ, sự huỷ bỏ
cancellous	a	'kænsələs	xốp cancellate)
cancer	n	'kænsə	bệnh ung thư
cancerous	a	'kænsərəs	ung thư
cancroid	a	'kæɳkrɔid	giống con cua
candela	n	kən'dəlɑ:	cađela
candelabra	n	,kændi'lɑ:brəm	cây đèn nến, chúc đài
candelabrum	n	,kændi'lɑ:brəm	cây đèn nến, chúc đài
candescence	n	kæn'desns	trạng thái nung trắng, trạng thái nóng t
candescent	a	kæn'desnt	nung trắng, nóng trắng
candid	a	'kændid	thật thà, ngay thẳng
candidacy	n	'kændidəsi	sự ứng cử
candidate	n	'kændidit	người ứng cử
candidature	n	'kændiditʃə	sự ứng cử
candidly	d		thật thà, thẳng thắn
candidness	n	'kændidnis	tính thật thà, tính ngay thẳng
candied	a	'kændid	kết thành đường phèn
candle	n	'kændl	cây nến
candlelight	n	'kændllait	ánh sáng đèn nến
candlestick	n	'kændlstik	cây đèn nến
candor	n	'kændə	candour
candour	n	'kændə	tính thật thà, tính ngay thẳng
candy	n	'kændi	kẹo
cane	n	kein	cây trúc, cây mía sugar cane)
cang	n	kæɳ/ (cangue) /kæɳ	gông
cangue	n	kæɳ/ (cangue) /kæɳ	gông
canine	a	'kænain	chó, họ chó
canister	n	'kænistə	hộp nhỏ, hộp
canker	n	'kæɳkə	bệnh viêm loét miệng
cankerous	a	'kæɳkərəs	làm loét, làm thối mục
cannabis	n		cây gai dầu
canned	a	kænd	được đóng hộp
cannel	n	'kænəl	than nến cannel coal)
cannery	n	'kænəri	nhà máy đồ hộp
cannibal	n	'kænibəl	người ăn thịt người
cannibalise	v	'kænibəlaiz/ (cannibalise) /'kænibəlaiz	ăn thịt sống, ăn thịt người
cannibalism	n	'kænibəlizm	tục ăn thịt người
cannibalistic	a	,kænibə'listik	ăn thịt người
cannibalize	v	'kænibəlaiz/ (cannibalise) /'kænibəlaiz	ăn thịt sống, ăn thịt người
cannikin	n	'kænikin	bình nhỏ, bi đông nhỏ
canniness	n	'kæninis	tính cẩn thận, tính dè dặt
cannon	n	'kænən	súng thần công, súng đại bác
cannonade	n	,kænə'neid	loạt súng đại bác
cannoneer	n	,kænə'niə	pháo thủ, pháo binh
canny	a	'kæni	cẩn thận, dè dặt
canoe	n	kə'nu:	xuồng
canoeist	n	kə'nu:ist	người bơi xuồng, người thích bơi xuồng
canolize	v	'kænəlaiz/ (canolise) /'kænəlaiz	đào kênh
canon	n	'kænən	tiêu chuẩn
canonical	a	kə'nɔnikəl	hợp với kinh điển, hợp với quy tắc tiêu
canonicals	n	kə'nɔnikəlz	quần áo của giáo sĩ
canonicate	n	'kænənri/ (canonicate) /kə'nɔnikeit	lộc của giáo sĩ
canonise	v	'kænənaiz	phong thánh, liệt vào hàng thánh
canonist	n	'kænənist	người thông hiểu quy tắc giáo hội
canonization	n	,kænənai'zeiʃn	sự trung thành
canonize	v	'kænənaiz	phong thánh, liệt vào hàng thánh
canonry	n	'kænənri/ (canonicate) /kə'nɔnikeit	lộc của giáo sĩ
canoodle	v	kə'nu:dl	nựng, âu yếm
canopy	n	'kænəpi	màn trướng
canorous	a	kə'nɔ:rəs	êm tai, du dương
canorousness	n	kə'nɔ:rəsnis	sự êm tai, tính du dương
cant	n	kænt	sự nghiêng, độ nghiêng
cantabrigian	a	Cantabrigian	đại học Căm-brít
cantaloup	n	'kæntəlu:p	dưa đỏ
cantaloupe	n	'kæntəlu:p	dưa đỏ
cantankerous	a	kən'tæɳkərəs	khó tính, hay gắt gỏng
cantankerousness	n	kən'tæɳkərəsnis	tính khó tính, tính hay gắt gỏng
cantata	n	kæn'tɑ:tə	cantat
cantatrice	n	'kæntətri:s	nữ ca sĩ chuyên nghiệp
canteen	n	kæn'ti:n	căng tin
canter	n	'kæntə	người giả dối, người đạo đức giả
canthi	n	'kænθəs	khoé mắt
canthus	n	'kænθəs	khoé mắt
canticle	n	'kæntikl	bài ca, bài thánh ca
cantilever	n	'kæntili:və	mút chìa đỡ bao lơn
cantina	n		quán rượu nhỏ
cantiness	n	'kæntinis	tính vui vẻ
cantle	n	'kæntl	miếng, khoanh
canto	n	'kæntou	đoạn khổ
canton	n	'kæntɔn	tổng
cantonese	n		tiếng Quảng Đông
cantonment	n	kən'tu:nmənt	sự chia quân đóng từng khu vực có dân cư
cantor	n	'kæntɔ:	người điều khiển ban ca
cantrip	n	'kæntrip	phép phù thuỷ
canty	a	'kænti	vui vẻ
canuck	n	kə'nʌk	người Ca-na-đa gốc Pháp
canvas	n	'kænvəs	vải bạt
canvass	n	'kænvəs	cuộc bàn cãi, cuộc thảo luận
canvasser	n	'kænvəsə	người đi vận động bỏ phiếu
canyon	n	'kænjən/ (canon) /'kænən	hẽm núi
caoutchouc	n	'kautʃuk	cao su
cap	n	kæp	mũ lưỡi trai, mũ vải
capability	n	,keipə'biliti	khả năng, năng lực
capable	a	'keipəbl	có tài, có năng lực giỏi
capacious	a	kə'peiʃəs	rộng, to lớn
capaciousness	n	kə'peiʃəsnis	cỡ rộng, sự to
capacitance	n	kə'pæsitəns	điện dung
capacitate	v	kə'pæsitəit	làm cho có thể, làm cho có khả năng
capacitor	n		bộ điện dung, cái tụ điện
capacity	n	kə'pæsiti	sức chứa, chứa đựng
caparison	n	kə'pærisn	tấm phủ lưng ngựa
cape	n	keip	áo choàng không tay
caper	n	'keipə	cây bạch hoa
capercailye	n	,kæpə'keilji/ (capercailze) /,kæpə'keilzi	gà rừng
capercailze	n	,kæpə'keilji/ (capercailze) /,kæpə'keilzi	gà rừng
capful	n	'kæpful	mũ
capias	n	'keipiæs	trát bắt giam
capillarity	n	,kæpi'læriti	sự mao dẫn, tính mao dẫn
capillary	a	kə'piləri	mao dẫn
capita	n		per capita
capital	n	'kæpitl	thủ đô, thủ phủ
capitalise	v	kə'pitəlaiz/ (capitalise) /kə'pitəlaiz	tư bản hoá, chuyển thành tư bản
capitalism	n	'kæpitəlizm	chủ nghĩa tư bản
capitalist	n	'kæpitəlist	nhà tư bản
capitalistic	n	'kæpitəlist	nhà tư bản
capitalization	n	kə,pitəlai'zeiʃn	sự tư bản hoá, sự dùng làm vốn
capitalize	v	kə'pitəlaiz/ (capitalise) /kə'pitəlaiz	tư bản hoá, chuyển thành tư bản
capitally	d	'kæpitli	chính, chủ yếu
capitate	a	'kæpiteit/ (capitated) /'kæpiteitid	hình đầu
capitated	a	'kæpiteit/ (capitated) /'kæpiteitid	hình đầu
capitation	n	,kæpi'teiʃn	thuế theo đầu người, thuế thân
capitular	a	kə'pitjulə	tăng hội
capitulate	v	kə'pitjuleit	đầu hàng là có điều kiện)
capitulation	n	kə,pitju'leiʃn	sự đầu hàng là có điều kiện)
capon	n	'keipən	gà trống thiến
caponier	n	,kæpə'niə	đường ngầm
caponize	v	'keipənaiz	thiến
capot	n	kə'pɔt	sự ăn hết, sự ăn trắng
capote	n	kə'pout	áo choàng có mũ trùm đầu, áo ca pốt
cappuccino	n		cà phê sữa
capriccio	n	kə'pritʃiou/ (caprice) /kə'pri:s	khúc tuỳ hứng
caprice	n	kə'pri:s	tính thất thường, tính đồng bóng
capricious	a	kə'priʃəs	thất thường, đồng bóng
capriciousness	n	kə'priʃəsnis	tính thất thường, tính đồng bóng
capricorn	n	'kæprikɔ:n	the tropic of capricorn đông chí tuyến
caprine	a	'kæprain	dê; giống con dê
capriole	n	'kæprioul	sự nhảy lồng lên
caps	n		những chữ cái hoa
capsicum	n	'kæpsikəm	cây ớt
capsize	n	kæp'saiz	sự lật úp
capstan	n	'kæpstən	cái tời
capsule	n	'kæpsju:l	quả nang
captain	n	'kæptin	người cầm đầu, người chỉ huy
captaincy	v	'kæptinsi	cầm đầu, điều khiển
captainship	n	'kæptinʃip	captaincy
caption	n	'kæpʃn	đầu đề
captious	a	'kæpʃəs	xảo trá, nguỵ biện
captiousness	n	'kæpʃəsnis	tính xảo trá, tính nguỵ biện
captivate	v	'kæptiveit	làm say đắm, quyến rũ
captivating	a	'kæptiveitiɳ	làm say đắm, quyến rũ
captivation	n	,kæpti'veiʃn	sự làm say đắm, sự quyến rũ
captive	a	'kæptiv	bị bắt giữ, bị giam cầm
captivity	n	kæp'tiviti	tình trạng bị giam cầm, tình trạng bị câ
captor	n	'kæptə	người bắt giam
capture	n	'kæptʃə	sự bắt giữ, sự bị bắt
capturer	n	'kæpʃərə	người bắt giữ, người bắt
capuchin	n	'kæpjuʃin	thầy tu dòng Fran-xít
car	n	kɑ:	xe ô tô, xe
carabine	n	'kɑ:bain/ (carabine) /'kænbin	súng cacbin
carabineer	n	,kerəbi'niə/ (carbineer) /,kɑ:bi'niə	người sử dụng cacbin
caracole	n	'kærəkoul	sự quay nửa vòng
carafe	n	kə'rɑ:f	bình đựng nước
caralliform	a	'kɔrəlifɔ:m	hình san hô
caramel	n	'kærəmel	đường caramen, đường thắng
carapace	n	'kæræpeis	mai, giáp
carat	n	'kærət	cara
caravan	n	,kærə'væn	đoàn bộ hành, đoàn người đi buôn
caravanner	n	,kærə'vænə	người đi chơi bằng nhà lưu động
caravanserai	n	,kærə'vænsərai/ (serai) /se'rai	tạm nghỉ qua sa mạc
caravel	n	'kɑ:vəl/ (caravel) /'kærəvel	thuyền buồm nhỏ 16, 17)
caraway	n	'kærəwei	cây carum
carbarn	n	'kɑ:bɑ:n	chỗ để xe điện
carbide	n	'kɑ:baid	cacbua
carbine	n	'kɑ:bain/ (carabine) /'kænbin	súng cacbin
carbineer	n	,kerəbi'niə/ (carbineer) /,kɑ:bi'niə	người sử dụng cacbin
carbohydrate	n	'kɑ:bə'neiʃəs	hyđat-cacbon
carbon	n	'kɑ:bən	cacbon
carbonaceous	a	,kɑ:bə'neiʃəs	cacbon, có cacbon
carbonate	n	'kɑ:bənit	cacbonat
carbonic	a	kɑ:'bɔnik	cacbonic
carboniferous	a	,kɑ:bə'nifərəs	có than, chứa than
carbonise	n		xem carbonize
carbonization	n	,kɑ:bənai'seiʃn	sự đốt thành than
carbonize	v	'kɑ:bənaiz/ (carbonise) /'kɑ:bənaiz	đốt thành than
carborundum	n	,kɑ:bə'rʌndəm	carborundum
carboy	n	'kɑ:bɔi	bình lớn có vỏ bọc ngoài
carbuncle	n	'kɑ:bʌɳkl	nhọt, cụm nhọt
carbuncled	a	'kɑ:bʌɳkld	có nhọt, có cụm nhọt
carbuncular	a	kɑ:'bʌɳkjulə	lắm nhọt, lắm cụm nhọt
carburet	v	'kɑ:bjuret	pha cacbon, cho hoá hợp với cacbon
carburetor	n		bộ chế hoà khí, cacbuaratơ
carburetter	n	'kɑ:bjuretə/ (carburettor) /'kɑ:bjuretə	cacbuaratơ, bộ chế hoà khí
carburettor	n	'kɑ:bjuretə/ (carburettor) /'kɑ:bjuretə	cacbuaratơ, bộ chế hoà khí
carcase	n	'kɑ:kəs/ (carcass) /'kɑ:kəs	xác súc vật, uồm thây
carcass	n	'kɑ:kəs/ (carcass) /'kɑ:kəs	xác súc vật, uồm thây
carcinogen	n	kɑ:'sinədʤən	chất sinh ung thư
carcinoma	n	,kɑ:si'noumətə	ung thư biểu bì
carcinomata	n	,kɑ:si'noumətə	ung thư biểu bì
card	n	kɑ:d	các, thiếp
cardamom	n	'kɑ:dəməm	cây bạch đậu khấu
cardboard	n	'kɑ:dbɔ:d	bìa cưng, giấy bồi
carder	n	'kɑ:də	người chải len
cardiac	a	'kɑ:diæk	tim
cardigan	n	'kɑ:digən	áo len đan
cardinal	a	'kɑ:dinl	chính, chủ yếu
cardiologist	n		bác sự chuyên khoa tim
cardiology	n	,kɑ:di'ɔlədʤi	bệnh học tim, khoa tim
cardiovascular	a		tim và mạch máu, tim mạch
carditis	n	kɑ:'daitis	viêm tim
care	n	keə	sự chăn sóc, sự chăm nom
careen	v	kə'ri:n	lật nghiêng
careenage	n	kə'ri:nidʤ	sự lau chùi sửa chữa sườn và đáy tàu
career	n	kə'riə	nghề, nghề nghiệp
careerism	n	kə'riərizm	sự tham danh vọng, sự thích địa vị
careerist	n	kə'riərist	người tham danh vọng, người thích địa vị
carefree	a	'keəfri:	vô tư lự, thảnh thơi
careful	a	'keəful	cẩn thận, thận trọng
carefully	d		cẩn thận, chu đáo
carefulness	n	'keəfulnis	sự thận trọng, sự giữ gìn
careless	a	'keəlis	không để ý, không lưu ý
carelessly	d		cẩu thả, thiếu thận trọng
carelessness	n	'keəlisnis	sự thiếu thận trọng, sự cẩu thả
caress	n	kə'rəs	sự vuốt ve, sự mơn trớn
caressing	a	kə'resiɳ	vuốt ve, mơn trớn
caret	n	'kærət	dấu sót
caretaker	n		người trông nom nhà cửa
carfax	n	'kɑ:fæks	ngã tư
cargo	n	'kɑ:gou	hàng hoá
cariander	n	,kɔri'ændə	cây rau mùi
caribou	n		như cariboo
caricature	n	,kærikə'tjuə	lối vẽ biếm hoạ
caricaturist	n	,kærikə'tjuərist	nhà biếm hoạ
caries	n	'keərii:z	bệnh mục xương
carillon	n	kə'riljən	chuông chùm
carina	n		xương lưỡi hái, cánh thìa
caring	a		chu đáo
carious	a	'keəriəs	bị mục, bị sâu
carking	a	'kɑ:kiɳ	nặng nề, nặng trĩu
carman	n	'kɑ:mən	người lái xe tải, người đánh xe ngựa
carminative	a	'kɑ:minətiv	làm đánh rắm
carmine	n	'kɑ:main	chất đỏ son
carnage	n	'kɑ:nidʤ	sự chém giết, sự tàn sát
carnal	a	'kɑ:nl	xác thịt, nhục dục
carnality	n	kɑ:'næliti	nhục dục, sự ham muốn nhục dục
carnation	n	kɑ:'neiʃn	cây cẩm chướng
carnelian	n	kɔ:'ni:ljən/ (carnelian) /kə'niljən	cacnelian
carney	v	'kɑ:ni/ (carney) /'kɑ:ni	phỉnh phờ, vuốt ve
carnification	n	,kɑ:nifi'keiʃn	sự hoá thịt
carnify	v	'kɑ:nifai	hoá thịt
carnival	n	'kɑ:nivəl	ngày hội
carnivora	n	kɑ:'niəvə:	bộ ăn thịt
carnivore	n	'kɑ:nivɔ:	loài ăn thịt
carnivorous	a	kɑ:'nivərəs	ăn thịt
carny	v	'kɑ:ni/ (carney) /'kɑ:ni	phỉnh phờ, vuốt ve
carol	n	'kærəl	bài hát mừng vào dịp lễ Nô-en)
caroline	a		ở thời Saclơ đại đế
carom	n	'kærəm	cú đánh trúng liên tiếp nhiều hòn bi
carotene	n	'kærətin/ (carotene) /'kærəti:n	carotin
carotid	n	kə'rɔtid	động mạch cảnh
carotin	n	'kærətin/ (carotene) /'kærəti:n	carotin
carousal	n	kə'rauzəl/ (carouse) /kə'rauz	cuộc chè chén say sưa
carouse	n	kə'rauz	carousal
carousel	n	kæru'zel	trò kéo quân
carouser	n	kə'rauzə	người thích chè chén, no say
carp	n	kɑ:p	cá chép
carpal	a	'kɑ:pəl	khối xương cổ tay
carpel	n	'kɑ:pel	lá noãn
carpenter	n	'kɑ:pintə	thợ mộc
carpentry	n	'kɑ:pintri	nghề thợ mộc
carper	n	'kɑ:pə	người hay bới móc, người hay xoi mói
carpet	n	'kɑ:pit	tấm thảm
carpeting	n		vật liệu làm thảm
carpi	n	'kɑ:pəs	khối xương cổ tay
carpology	n	kɑ:'pɔlədʤi	khoa nghiên cứu quả
carpophagous	a	kɑ:'pɔfəgəs	ăn quả
carpus	n	'kɑ:pəs	khối xương cổ tay
carriage	n	'kæridʤ	xe ngựa
carriageable	a	'kæridʤəbl	xe chạy được
carrier	n	'kæriə/ (carrier-pigeon) /'kæriə,pidʤin	pigeon)
carriole	n	'kærioul	xe độc mã
carrion	n	'kæriən	xác chết đã thối
carrot	n	'kærət	cây cà rốt, củ cà rốt
carroty	a	'kærəti	đỏ hoe, có tóc đỏ hoe
carry	n	'kæri	tư thế cầm gươm chào, sự bồng vũ khí
carryall	n	'kæri'ɔ:l	xắc rộng, túi to
carsick	a		buồn nôn khi ngồi trong xe đang chạy
cart	n	kɑ:t	xe bò, xe ngựa
cartage	n	'kɑ:tidʤ	sự chuyên chở bằng xe bò, sự chuyên chở
cartel	n	kɑ:'tel/ (kartell) /kɑ:'tel	cacten kartell)
carter	n	'kɑ:tə	người đánh xe bò, người đánh xe ngựa
cartesian	a	kɑ:'ti:zjən	thuyết Đê-các-tơ
cartesianism	n	kɑ:'ti:ziənizm	thuyết Đê-các-tơ
cartful	n	'kɑ:tful	xe bò, xe
cartilage	n	'kɑ:tilidʤ	sụn
cartilaginous	a	,kɑ:ti'lædʤinəs	sụn, như sụn
cartographer	n	kɑ:'tɔgrəfə	người chuyên vẽ bản đồ
cartographic	a	,kɑ:tou'græfik	thuật vẽ bản đồ
cartographical	a	,kɑ:tou'græfik	thuật vẽ bản đồ
cartography	n	kɑ:'tɔgrefi	thuật vẽ bản đồ
cartology	n	kɑ:'tɔlədʤi/ (cartography) /kɑ:'tɔgrəfi	khoa nghiên cứu bản đồ
cartomancy	n	'kɑ:toumænsi	pháp bói bài
carton	n	'kɑ:tən	hộp bìa cứng
cartoon	n	kɑ:'tu:n	tranh đả kích, tranh biếm hoạ về chính t
cartoonist	n	kɑ:'tu:nist	người vẽ tranh đả kích, người vẽ tranh b
cartouche	n		sự trang hoàng theo hình xoắn ốc
cartridge	n	'kɑ:tridʤ	đạn, vỏ đạn
cartulary	n	'kɑ:tjuləri	tập hồ sơ, tập sổ sách
caruncle	n	'kærəɳkl	mào, mào thịt
carve	v	kɑ:v	khắc, tạc
carvel	n	'kɑ:vəl/ (caravel) /'kærəvel	thuyền buồm nhỏ 16, 17)
carver	n	'kɑ:və	thợ chạm, thợ khắc
carving	n	'kɑ:viɳ	nghệ thuật khắc, nghệ thuật tạc
caryatid	n	,kæri'ætid	cột tượng đàn bà
caryophyllaceous	a	,kæriəfi'leiʃəs	họ cẩm chướng
caryopsides	n	,kæri'ɔpsis	quả thóc
caryopsis	n	,kæri'ɔpsis	quả thóc
casa	n		cái nhà
casbah	n		cũng casabah
cascade	n	kæs'keid	thác nước
cascading	n		nối tầng
case	n	keis	trường hợp, cảnh ngộ
casein	n	'keisiin	cazein
casemate	n	'keismeit	hầm xây cuốn
casement	n	'keismənt	khung cánh cửa sổ
caseous	a	'keisiəs	phó mát, giống phó mát
casern	n	kə'zə:n/ (caserne) /kə'zə:n	doanh trại, trại lính
caserne	n	kə'zə:n/ (caserne) /kə'zə:n	doanh trại, trại lính
caseworker	n		xem casework
cash	n	kæʃ	tiền, tiền mặt
cashew	n	kæ'ʃu:	cây đào lộn hột
cashier	n	kə'ʃiə	thủ quỹ
cashmere	n	kæʃ'miə	khăn san casơmia
casing	n	'keisiɳ	vỏ bọc, bao
casino	n	kə'si:nou	câu lạc bộ, nhà chơi
cask	n	kɑ:sk	thùng ton nô, thùng
casket	n	'kɑ:skit	hộp tráp nhỏ
casque	n	kæsk	, mũ sắt
cassandra	n		người báo trước tai hoạ
cassation	n	kæ'seiʃn	sự huỷ bỏ
cassava	n	kə'sɑ:və	cây sắn
casserole	n	'kæsəroul	nồi đất
cassette	n		hộp, máy ghi âm hộp băng
cassock	n	'kæsək	áo thầy tu
cassolette	n	,kæsə'let	lư hương, lư trầm
cassowary	n	'kæsəweəri	đà điểu đầu mèo
cast	n	kɑ:st	sự quăng, sự ném
castanet	n	,kæstə'nət	số nhiều) catanhet
castaway	n	'kɑ:stəwei	người bị đắm tàu trôi giạt vào bờ, người
caste	n	kɑ:st	đẳng cấp
castellan	n	'kæstilən	người cai quản thành trì
castellated	a	'kæsteleitid	theo kiểu lâu đài cổ
caster	n	'kɑ:stə	thợ đúc
castigate	v	'kæstigeit	trừng phạt, trừng trị
castigation	n	,kæsti'geiʃn	sự trừng phạt, sự trừng trị
castigator	n	'kæstigeitə	người trừng phạt, người trừng trị
castigatory	a	'kæstigeitəri	trừng phạt, trừng trị
casting	n	'kɑ:stiɳ	sự đổ khuôn, sự đúc
castle	n	'kɑ:sl	thành trì, thành quách
castor	n	'kɑ:stə	con hải ly
castrate	v	'kæstreit	thiến
castration	n	kæs'treiʃn	sự thiến
casual	a	'kæʤjuəl	tình cờ, bất chợt
casually	d		tình cờ, ngẫu nhiên
casualness	n	'kæʤjuəlnis	tính tình cờ, tính ngẫu nhiên
casualty	n	'kæʤjuəlti	tai hoạ, tai biến
casuarina	n	,kæʤjuə'rainə	giống cây phi lao
casuist	n	'kæzjuist	nhà phán quyết đúng sai
casuistry	n	'kæzjuistri	khoa phán quyết đúng sai, sự phán quyết
cat	n	kæt	con mèo
catabolism	n	kə'tæbəlizm	sự dị hoá
catabolite	n	kə'tæbəlait	chất dị hoá, sản phẩm dị hoá
cataclysm	n	'kætəklizm	đại hồng thuỷ
cataclysmic	n		xem cataclysm
catacomb	n	'kætəkoum	hầm để quan tài, hầm mộ
catafalque	n	'kætəfælk	nhà táng
catalepsis	n	'kætəlepsis/ (catalepsy) /'kætəlepsi	chứng giữ nguyên thế
catalepsy	n	'kætəlepsis/ (catalepsy) /'kætəlepsi	chứng giữ nguyên thế
cataleptic	a	,kætə'leptik	chứng giữ nguyên thế
catalog	n		Cách viết khác : catalogue
catalogue	n	'kætəlɔg	bản liệt kê mục lục
cataloguer	n	'kætə,lɔgə	người liệt kê, người lập mục lục
catalysis	n	kə'tælisis	sự xúc tác
catalyst	n	'kætəlist	vật xúc tác, chất xúc tác
catalytic	a	,kætə'litik/ (catalytical) /,kætə'litik	xúc tác
catalytical	a	,kætə'litik/ (catalytical) /,kætə'litik	xúc tác
catalyzator	n	'kætəlist	vật xúc tác, chất xúc tác
catamaran	n	,kætəmə'ræn	bè gỗ, bè thuyền đôi
catamountain	n	,kætə'mauntin/ (cat_o'-mountain) /,kætə'mauntin	mountain)
cataplasm	n	'kætəplæzm	thuốc đắp
catapult	n	'kætəpʌlt	súng cao su
cataract	n	kætərækt	thác nước lớn
catarrh	n	kə'tɑ:	chứng chảy, viêm chảy
catarrhal	a	kə'tɑ:rəl/ (catarrhous) /kə'tɑ:rəs	chảy, viêm chảy
catarrhous	a	kə'tɑ:rəl/ (catarrhous) /kə'tɑ:rəs	chảy, viêm chảy
catastrophe	n	kə'tæstrəfi	tai ương, tai biến
catastrophic	a	,kætə'strɔfik	thảm hoạ, thê thảm
catastrophism	n	kə'tæstrəfizm	thuyết tai biến
catcall	n	'kætkɔ:l	tiếng huýt còi, tiếng kêu inh ỏi
catch	n	kætʃ	sự bắt, sự nắm lấy
catcher	n	'kætʃə	người bắt tóm
catchiness	n	'kætʃinis	tính hấp dẫn, sự lôi cuốn
catching	a	'kætʃiɳ	truyền nhiễm, hay lây
catchment	n	'kætʃmənt	sự hứng nước, sự dẫn nước
catchpenny	n	'kætʃ,peni	hàng mã loè loẹt
catchphrase	n		câu nói nổi tiếng, lúc đầu do một người
catchup	n	'kætʃəp	ketchup
catchword	n	'kætʃwə:d	khẩu lệnh, khẩu hiệu
catchy	a	'kætʃi	hấp dẫn, lôi cuốn
cate	n		thức ăn công phu
catechise	v	'kætikaiz/ (catechise) /'kætikizm	dạy bằng sách giáo lý vấn đáp
catechism	n		sách giáo lý vấn đáp
catechist	n	'kætikist	người dạy bằng sách giáo lý vấn đáp
catechize	v	'kætikaiz/ (catechise) /'kætikizm	dạy bằng sách giáo lý vấn đáp
categorical	a	,kæti'gɔrikəl	tuyệt đối, khẳng định
categorically	d		thẳng thừng, dứt khoát
categoricalness	n	,kæti'gɔrikəlnis	tính tuyệt đối, tính khẳng định
categorise	n	'kætigəraiz/ (categorize) /'kætigəraiz	chia loại, phân loại
categorize	n	'kætigəraiz/ (categorize) /'kætigəraiz	chia loại, phân loại
category	n	'kætigəri	hạng, loại
catena	n	kə'ti:nə	dây, loạt
catenary	n	kə'ti:nəri	dây xích
cater	v	'keitə	cung cấp thực phẩm, lương thực
caterer	n	'keitərə	người cung cấp lương thực, thực phẩm
caterpillar	n	'kætəpilə	sâu bướm
caterwaul	n	'kætəwɔ:l	tiếng mèo gào
catfish	n		cá trê
catgut	n	'kætgʌt	dây đàn viôlông
catharsis	n	kə'θɑ:sis	sự tẩy nhẹ
cathartic	a	kə'θɑ:tik	tẩy nhẹ, để tẩy nhẹ
cathedral	n	kə'θi:drəl	nhà thờ lớn
catheter	n		ống thông đường tiểu
cathode	n	'kæθoud/ (kathode) /'kæθoud	cực âm, catôt
catholic	a	'kæθəlik	bao gồm tất cả, rộng khắp
catholicise	n	kə'θɔlisaiz	đạo Thiên chúa, công giáo
catholicism	n	kə'θɔlisizm	đạo Thiên chúa, công giáo
catholicity	n	,kæθə'lisiti	tính bao trùm, tính rộng khắp
catholicize	v	kə'θɔlisaiz	theo đạo Thiên chúa, làm cho theo đạo Th
cation	n	'kætaiən/ (kation) /'kætaiən	cation
catkin	n	'kætkin	đuôi sóc,
catling	n	'kætliɳ	mèo con
catnap	n	'kætnæp	giấc ngủ ngắn
catnip	n	'kætnip	cat-mint
catoptric	a	kə'tɔptrik	phản xạ
catoptrics	n	kə'tɔptriks	môn phản xạ, phản xạ học
catsup	n	'kætsəp	ketchup
cattiness	n	'kætiʃnis/ (cattiness) /'kætinis	tính chất giống mèo
cattish	a	'kætiʃ/ (catty) /'kæti	như mèo
cattishness	n	'kætiʃnis/ (cattiness) /'kætinis	tính chất giống mèo
cattle	n	'kætl	thú nuôi, gia súc
cattleman	n	'kætlmən	người chăn trâu bò
catty	a	'kætiʃ/ (catty) /'kæti	như mèo
catwalk	n		lối đi hẹp
caucasian	a		thuộc về chủng tộc người da trắng
caucus	n	'kɔ:kəs	cuộc họp kín
caucusdom	n	'kɔ:kəsdəm	chế độ họp kín
caudal	a	'kɔ:dl	đuôi, ở đuôi
caudate	a	'kɔ:deit	có đuôi
caudillo	n	kau'ði:ljou	lãnh tụ
caudle	n	'kɔ:dl	xúp nóng cho người ốm
caught	n	kætʃ	sự bắt, sự nắm lấy
caul	n	kɔ:l	màng thai nhi
cauldron	n	'kɔ:ldrən/ (caldron) /'kɔ:ldrən	vạc
caulescent	a	kɔ:'lesənt	có thân
cauliflower	n	'kɔliflauə	cải hoa, hoa lơ
caulk	v	kɔ:k	xảm
caulker	n	'kɔ:kə/ (calker) /'kɔ:kə	thợ xảm
causal	a	'kɔ:zəl	nguyên nhân
causality	n	kɔ:'zæliti	nguyên nhân
causasian	a	kɔ:'keizjən	Cáp-ca
causation	n	kɔ:'zeiʃn	sự tạo ra kết quả
causative	a	'kɔ:zətiv	là nguyên nhân, là lý do
cause	n	kɔ:z	nguyên nhân, nguyên do
causeless	a	'kɔ:zlis	không có lý do, vô cớ
causer	n	'kɔ:zə	người gây ra
causeway	n	'kɔ:zwei	đường đắp cao
causey	n	'kɔ:zwei	đường đắp cao
caustic	a	'kɔ:stik	ăn da
caustically	d	'kɔ:stikəli	châm chọc, châm biếm
causticity	n	kɔ:s'tisiti	tính ăn da
cauterise	v	'kɔ:təraiz	đốt
cauterization	n	,kɔ:tərai'zeiʃn	sự đốt
cauterize	v	'kɔ:təraiz	đốt
cautery	n	'kɔ:təri	sự đốt
caution	n	'kɔ:ʃn	sự thận trọng, sự cẩn thận
cautionary	a	'kɔ:ʃnəri	để báo trước, để cảnh cáo
cautious	a	'kɔ:ʃəs	thận trọng, cẩn thận
cautiously	d		cẩn thận, thận trọng
cautiousness	n	'kɔ:ʃəsnis	tính thận trọng, tính cẩn thận
cavalcade	n	,kævə'keid	đoàn người cưỡi ngựa
cavalier	n	,kævə'liə	kỵ sĩ
cavalierly	a	,kævə'liəli	có phong cách kỵ sĩ
cavalry	n	'kævəlri	kỵ binh
cavalryman	n	'kævəlrimən	kỵ binh
cave	i	'keivi	, chú ý!
caveat	n	'keiviæt	hang, động
caveman	n		người ở hang, người thượng cổ
cavendish	n	'kævəndiʃ	thuốc lá bánh
cavern	n	'kævən	hang lớn, động
cavernous	a	'kævənəs	có nhiều hang động
caviar	n	'kæviɑ:/ (caviare) /'kæviɑ:	caviar trứng cá muối
caviare	n	'kæviɑ:/ (caviare) /'kæviɑ:	caviar trứng cá muối
cavil	n	'kævil	sự cãi bướng, sự cãi vặt
caviller	n	'kævilə	người hay cãi bướng, người hay lý sự cùn
cavitation	n	,kævi'teiʃn	sự tạo ra lỗ hổng, sự tạo ra lỗ trống
cavity	n	'kæviti	lỗ hổng
caw	n	kɔ:	tiếng quạ kêu
cayenne	n	kei'en	ớt cayen
cayman	n	'keimən/ (caiman) /'keimən	cá sấu
cayuse	n	kai'ju:s	ngựa nhỏ
cb	n		làn sóng phục vụ quảng đại quần chúng
cbc	n		Công ty phát thanh Canada
CBI	n		Xem CONFEDERATION OF BRITISH INDUSTRY.
cbs	n		Mạng lưới phát thanh Columbia
cc	n		centimet khối, phân khối
cd	n		đựa compact
ce	n		Giáo hội Anh quốc
cease	v	si:s	dừng, ngừng
ceasefire	n		như cease-fire
ceaseless	a	'si:slisnis	không ngừng, không ngớt
ceaselessness	n	'si:slisnis	tính không ngừng, tính không ngớt
cecity	n	'si:siti	sự đui mù bóng)
cedar	n	'si:də	cây tuyết tùng
cede	v	si:d	nhượng, nhường lại
cedilla	n	si'dilə	dấu móc dưới
ceiba	n	'si:bə	cây bông gòn
ceil	v	si:l	làm trần
ceiling	n	'si:liɳ	trần
celadon	n	'selədɔn	màu ngọc bích
celanese	n	,selə'ni:z	tơ nhân tạo xelanit
celebrate	v	'selibretid	kỷ niệm, làm lễ kỷ niệm
celebrated	a	'selibreitid	nỗi tiếng, trứ danh
celebration	n	,seli'breiʃn	sự kỷ niệm, lễ kỷ niệm
celebratory	n		xem celebrate
celebrity	n	si'lebriti	sự nổi danh, sự nổi tiếng
celerity	n	si'leriti	sự mau chóng, sự mau lẹ
celery	n	'sələri	cần tây
celeste	n	si'lest	màu xanh da trời
celestial	a	si'lestjəl	trời
celibacy	n	'səlibəsi	sự sống độc thân, sự không lập gia đình
celibate	a	'selibit	sống độc thân, không lập gia đình
cell	n	sel	phòng nhỏ
cellar	n	'selə	hầm chứa
cellarage	n	'seləridʤ	khoang hầm
cellist	n		người chơi viôlôngxen, người chơi xelô
cello	n	'tʃelou/ ('cello) /'tʃelou	đàn viôlôngxen, xelô
cellophane	n	'seləfein	giấy bóng kính xenlôfan
cellular	a	'seljulə	tế bào
cellule	n	'selju:l	tế bào
celluloid	n	'seljulɔid	xenluloit
cellulose	n	'seljulous	xenluloza
celsius	a		thuộc về độ bách phân
celt	n	kelt/ (Kelt) /kelt	người Xen-tơ
celtic	n	'kektik/ (Keltic) /'keltik	tiếng Xen-tơ
celticism	n	'keltisizm	phong tục tập quán Xen-tơ
cement	n	si'ment	xi-măng
cementation	n	,si:men'teiʃn	sự trát xi-măng, sự xây bằng xi-măng
cemetery	n	'semitri	nghĩa trang, nghĩa địa
cenotaph	n	'senətɑ:f	đài kỷ niệm, bia kỷ niệm
cense	v	sens	xông trầm
censer	n	'sensə	bình hương, lư hương
censor	n	'sensə	nhân viên kiểm duyệt
censorial	a	sen'sɔ:riəl	kiểm duyệt
censorious	a	sen'sɔ:riəsnis	phê bình, chỉ trích
censoriousness	n	sen'sɔ:riəsnis	tính chất phê bình, tính chất chỉ trích
censorship	n	'sensəʃip	cơ quan kiểm duyệt
censurable	a	'senʃərəbl	đáng phê bình, đáng chỉ trích
censure	n	'senʃə	sự phê bình, sự chỉ trích
census	n	'sensəs	sự điều tra số dân
cent	n	sent	đồng xu
cental	n	'sentl	tạ Anh
centaur	n	'sentɔ:	quái vật đầu người, mình ngựa
centenarian	a	,senti'neəriən	sống trăm tuổi
centenary	a	sen'ti:nəri	trăm năm
centennial	a	sen'tenjəl	sống trăm năm, trăm tuổi
center	n	'sentə	centre
centesimal	a	sen'tesiməl	chia làm trăm phần, bách phân
centigrade	a	'sentigreid	chia trăm độ, bách phân
centigram	n	'sentigræm/ (centigramme) /'sentigræm	xentigam
centigramme	n	'sentigræm/ (centigramme) /'sentigræm	xentigam
centiliter	n	'senti,mi:tə/ (centiliter) /'senti,mi:tə	xentilit
centilitre	n	'senti,mi:tə/ (centiliter) /'senti,mi:tə	xentilit
centime	n	'sɑ:nti:m	xentilit
centimeter	n	'senti,mi:tə/ (centimeter) /'senti,mi:tə	xentimet
centimetre	n	'senti,mi:tə/ (centimeter) /'senti,mi:tə	xentimet
centipede	n	'sentipi:d	con rết
centner	n	'sentnə	tạ Đức
cento	n	'sentou	bài thơ chắp nhặt
central	a	'sentrəl	ở giữa, ở trung tâm
centralise	v	'sentrəlaiz/ (centralise) /'sentrəlaiz	tập trung
centralism	n	'sentrəlizm	chế độ tập quyền trung ương, chế độ tập
centralization	n	,sentrəlai'zeiʃn	sự tập trung
centralize	v	'sentrəlaiz/ (centralise) /'sentrəlaiz	tập trung
centre	n	'sentə	điểm giữa, tâm
centred	a		có một trung tâm
centric	a	'sentrik/ (centrical) /'sentrikəl	chỗ chính giữa tung tâm, ở giữa
centrical	a	'sentrik/ (centrical) /'sentrikəl	chỗ chính giữa tung tâm, ở giữa
centrifugal	a	sen'trifjugel	ly tâm
centrifuge	n	'sentrifju:dʤ	máy ly tâm
centripetal	a	sen'tripitl	hướng tâm
centuple	a	'sentjupl	gấp trăm lần
centuplicate	n	sen'tju:plikit	trăm bản
centurion	n		sự quan chỉ huy một trăm binh sự
century	n	'sentʃuri	trăm năm, thế kỷ
ceo	n		viết tắt của Chief Executive Officer
cephalic	a	ke'fælik	đầu, ở trong đầu
cephalopod	n	sefəloupɔd	động vật chân đầu
cephalothorax	n	,sefəlou'θɔ:ræks	phần đầu ngực
ceramic	a	si'ræmik	nghề làm đồ gốm
ceramics	n	si'ræmiks	thuật làm đồ gốm
ceramist	n	'serəmist	thợ làm đồ gốm
cerberus	n	'sə:bərəs	chó ba đầu
cere	n	siə	da gốc mỏ
cereal	a	'siəriəl	ngũ cốc
cerebellum	n	,seri'beləm	thuộc não, thuộc óc
cerebral	n	'seribrəl	âm quặt lưỡi
cerebration	n	,seri'breiʃn	sự hoạt động của não, sự suy nghĩ
cerebrum	n	'seribrəm	não, óc
cerecloth	n	'siəklɔ:θ	vải sáp
cerement	n	'siəmənt	cerecloth
ceremonial	n	,seri'mounjəl	nghi lễ, nghi thức
ceremonialism	a	,seri'mounjəlizm	nghi lễ, nghi thức
ceremonialist	n	,seri'mounjəlist	tính chuộng nghi lễ, tính chuộng nghi th
ceremonious	a	,seri'mounjəs	chuộng nghi thức
ceremoniousnes	n	,seri'mounjəsnis	tính chuộng nghi thức
ceremony	n	'seriməni	nghi thức, nghi lễ
cerise	n	sə'ri:z	màu anh đào, màu đỏ hồng
cerium	n	'siəriəm	xeri
cern	n		Hội đồng châu Âu nghiên cứu hạt nhân
ceroplastics	n	'siərou'plætiks	thuật nặn đồ bằng sáp
certain	a	'sə:tn	chắc, chắc chắn
certainly	d	'sə:tnli	chắc, nhất định
certainty	n	'sə:tnti	điều chắc chắn
certifiable	a	'sə:tifaiəbl	có thể chứng nhận
certificate	n	sə'tifikit	giấy chứng nhận, bằng
certificated	a	sə'tifikeitid	có giấy chứng nhận, có đăng ký
certification	n	,sə:tifi'keiʃn	sự cấp giấy chứng nhận
certified	a	'sə:tifaid	được chứng nhận, được nhận thực
certify	v	'sə:tifai	chứng nhận, nhận thực
certitude	n	'sə:titju:d	sự tin chắc, sự chắc chắn
cerulean	n	si'ru:ljən	xanh da trời
cerumen	n	si'ru:men	ráy tai
ceruminous	a	si'ru:minəs	ráy tai
ceruse	n	'siəru:s	chì cacbonat
cervical	a	'sə:vikəl	cổ
cervine	a	'sə:vain	hươu nai, như hươu nai
cervix	n		cổ tử cung
cesium	n	'si:zjəm	caesium
cess	n	ses/ (sess) /ses	thuế, mức thuế
cessation	n	se'seiʃn	sự dừng, sự ngừng
cession	n	'seʃn	sự nhượng lại, sự để lại
cesspit	n	'sespit	đống phân, hố phân
cesspool	n	'sespu:l	hầm chứa phân
cestoid	n	'sestɔid	sán dây
cetacian	a	si'teiʃjən	bộ cá voi
ceylonese	a	,si:lə'ni:z	Xơ-ri-lan-ca
ch	n		hội viên danh dự
cha	n		nước trà, trà
chablis	n		rượu vang nguyên chất ở miền Đông nước P
chace	n	tʃeis	khu vực săn bắn chase)
chad	n		giấy bướm, giấy vụn
chafe	n	tʃeif	sự chà xát
chafer	n	fʃeifə	cockchafer
chaff	n	fʃɑ:f	trấu, vỏ
chaffer	n	'tʃæfə	người hay nói đùa, người hay bỡn cợt
chafferer	n	'tʃæfərə	người hay mặc cả
chaffinch	n	'tʃæfintʃ	chim mai hoa
chaffy	a	'tʃɑ:fi	nhiều trấu, giống như trấu
chagrin	n	'ʃægrin	sự chán nản, sự buồn nản
chain	n	tʃein	dây, xích
chainlet	n	'tʃeinlit	dây xích nhỏ
chair	n	tʃeə	ghế
chairman	n	'tʃeəmən	chủ tịch, người chủ toạ
chairmanship	n	'tʃeəmənʃip	chức chủ tịch
chairperson	n		chủ tịch
chairwoman	n	'tʃeə,wumən	nữ chủ tịch
chalcedony	n	kæl'sedəni	chanxeđon
chalcography	n	kæl'kɔgrəfi	thuật khắc đồng
chaldron	n	'fʃɔ:ldrən	sanđron
chalet	n	'ʃælei	nhà ván, nhà gỗ
chalice	n	'tʃælis	cốc, ly
chalk	n	tʃɔ:k	đá phấn
chalkboard	n		bảng viết phấn, bảng đen
chalky	a	'tʃɔ:ki	có đá phấn
challenge	n	'tʃælindʤ	tiếng hô "đứng lại"
challengeable	a	'tʃælindʤəbl	có thể bị hô "đứng lại"
challenger	n	'tʃælinsʤə	người thách
challenging	a		đề ra những vấn đề thử thách năng lực củ
chalybeate	a	kə'libiit	có chất sắt
cham	n	kæm	Great cham chúa tể
chamade	n	ʃə'mɑ:d	hiệu kèn rút lui, hiệu trống rút lui
chamber	n	'tʃeimbə	buồng, phòng
chamberlain	n	'tʃeibəlin	viên thị trấn
chambermaid	n		nữ phục vụ phòng
chameleon	n	kə'mi:ljən	tắc kè hoa
chameleonic	a	kə,mi:li'ɔnik	luôn luôn biến sắc
chamfer	n	'fʃəmfə	mặt vạt cạnh
chamois	n	'ʃæmwɑ:	con sơn dương
champ	n	tʃæmp	champion
champagne	n	ʃæm'pein	rượu sâm banh
champaign	n	'tʃæmpein	đồng bằng, cánh đồng trống
champion	n	'tʃæmpjən	người vô địch, nhà quán quân
championship	n	'tʃæmpjənʃip	chức vô địch, danh hiệu quán quân
chance	n	tʃɑ:ns	sự may rủi, sự tình cờ
chancel	n	'tʃɑ:nsəl	thánh đường
chancellery	n	'tʃɑ:nsələri	chức thủ tướng, phủ thủ tướng
chancellor	n	'tʃɑ:nsələ	đại pháp quan, quan chưởng ấn
chancellory	n	'tʃɑ:nsələri	chancellery
chancery	n	'tʃɑ:nsəri	toà đại pháp Anh
chancre	n	'ʃæɳkə	săng
chancroid	n	'ʃæɳkrɔid	hạ cam
chancy	a	'tʃɑ:nsi	may rủi, bấp bênh
chandelier	n	,ʃændi'liə	đèn treo nhiều ngọn, chúc đài treo
chandler	n	'tʃɑ:ndlə	người làm nến, người bán nến
chandlery	n	'tʃɑ:ndləri	hàng nến, hàng tạp hoá
change	n	tʃeindʤ	sự đổi, sự thay đổi
changeability	n	,tʃeindʤə'biliti	tính dễ thay đổi, tính hay thay đổi
changeable	a	'tʃeindʤəbl	dễ thay đổi, hay thay đổi
changeableness	n	'tʃeindʤəblnis	changeability
changeful	a	'tʃeindʤful	luôn luôn thay đổi, không ngừng biến chu
changeless	a	'tʃeindʤlis	không thay đổi, bất di bất dịch
changelessness	n	'tʃeindʤlisnis	tính không thay đổi, tính bất di bất dịc
changeling	n	'tʃeindʤliɳ	đứa trẻ thay thế
changer	n		máy đổi
changing	a	'tʃeindʤiɳ	hay thay đổi, hay biến đổi
channel	n	'tʃænl	eo biển
channeling	n		mở kênh, truyền qua kênh
chant	n	tʃɑ:nt	thánh ca
chanter	n	'tʃɑ:ntə	người hát ở nhà thờ
chanterelle	n	,tʃæntə'rel	nấm mồng gà
chantey	n	'ʃɑ:nti	bài hò
chanticleer	n	,tʃænti'kliə	gà trống
chantry	n		nơi hát lễ trong nhà thờ
chaos	n	'keiɔs	thời đại hỗn nguyên, thời đại hỗn mang
chaotic	a	kei'ɔtik	hỗn độn, hỗn loạn
chap	n	tʃæp	thằng, thằng cha
chaparajos	n	,tʃæpə'rɑ:hous	quần da
chape	n	tʃeip	miếng lót đáy bao gươm
chapel	n	'tʃæpəl	nhà thờ nhỏ, buổi lễ ở nhà thờ nhỏ
chaperon	n	'ʃæpəroun	bà đi kèm
chaperonage	n	'ʃæpərounidʤ	sự đi kèm
chapiter	n	'tʃəpitə	đầu cột
chaplain	n	'tʃæplin	giáo sĩ
chaplet	n	'tʃæplit	vòng hoa đội đầu
chapman	n	'tʃæpmən	người bán hàng rong
chappie	n	'tʃæpi	công tử bột chappy)
chappy	a	'tʃæpi	nứt nẻ, nẻ
chaps	n	tʃæps	của chaparajo
chapter	n	'tʃæps	chương
char	n	tʃɑ:	giống cá hồi chấm hồng
character	n	'kæriktə	tính nết, tính cách
characterise	v	'kæriktəraiz/ (characterise) /'kæriktəraiz	biểu thị đặc điểm, mô tả đặc điểm
characteristic	a	,kæriktə'ristik	riêng, riêng biệt
characterization	n	,kæriktərai'zeiʃn	sự biểu thị đặc điểm, sự mô tả đặc điểm
characterize	v	'kæriktəraiz/ (characterise) /'kæriktəraiz	biểu thị đặc điểm, mô tả đặc điểm
characterless	a	'kæriktəlis	tầm thường, không có bản sắt
charade	n	ʃə'rɑ:d	trò chơi đố chữ
charcoal	n	'tʃɑ:koul	than
chard	n		một loại củ cải ăn giống như rau
chare	n	tʃeə	việc lặt vặt trong nhà
charge	n	tʃɑ:dʤ	vật mang, vật chở
chargeability	n	,tʃɑ:dʤə'biliti/ (chargeableness) /'tʃɑ:dʤəblnis	sự tính vào
chargeable	a	'tʃɑ:dʤəbl	lấy vào, ăn vào
chargeableness	n	,tʃɑ:dʤə'biliti/ (chargeableness) /'tʃɑ:dʤəblnis	sự tính vào
charger	n	'tʃɑ:dʤə	ngựa của sĩ quan, ngựa chiến
charging	n		nạp, tính tiền
chariness	n	'tʃeərinis	sự thận trọng, sự cẩn thận
chariot	n	'tʃæriət	xe ngựa
charioteer	n	,tʃæriə'tiə	người đánh xe ngựa
charism	n	'kærizm	uy tín, đức tính gây được lòng tin
charisma	n		uy tín, đức tính gây được lòng tin
charismatic	a		thuyết phục, lôi cuốn
charitable	a	'tʃæritəbl	nhân đức, từ thiện
charitableness	n	'tʃæritəblnis	lòng nhân đức, lòng từ thiện
charity	n	'tʃæriti	lòng nhân đức, lòng từ thiện
charivari	n	'ʃɑ:lətən	tiếng om sòm, tiếng la hét om sòm
charlatan	n	'ʃɑ:lətən	lang băm
charlatanism	n	'ʃɑ:lətənizm/ (charlatanry) /'ʃɑ:lətənri	ngón bịp
charlatanry	n	'ʃɑ:lətənizm/ (charlatanry) /'ʃɑ:lətənri	ngón bịp
charleston	n	'tʃɑ:lstən	điệu nhảy sanxtơn
charlie	n		kẻ ngốc nghếch, kẻ dại khờ
charlock	n	'tʃɑ:lɔk	bạch giới ruộng
charm	n	tʃɑ:m	sức mê hoặc
charmer	n	'ʃɑ:mə	người làm phép mê, người bỏ bùa
charmeuse	n	ʃɑ:'mə:z	xa tanh sacmơ
charming	a	'tʃɑ:miɳ	đẹp, duyên dáng
charmingly	d		thú vị, hấp dẫn
charmless	a	'tʃɑ:mlis	không đẹp, vô duyên
charon	n	'keərən	người lái đò bến Mê
chart	n	tʃɑ:t	bản đồ đi biển, hải đồ
charter	n	'tʃɑ:tə	hiến chương
chartered	a		có đủ tư cách phù hợp với các quy tắc củ
charterer	n	'tʃɑ:tərə	người thuê tàu
charterhouse	n	'tʃɑ:təhaus	nhà tế bần nuôi người già
chartermember	n	'tʃɑ:tə'membə	uỷ viên sáng lập
chartism	n	'tʃɑ:tizm	phong trào hiến chương
chartreuse	n	ʃɑ:'trə:z	tu viện dòng thánh Bru-nô
charwoman	n	'tʃɑ:,wumən	người đàn bà giúp việc gia đình
chary	a	'tʃeəri	thận trọng, cẩn thận
chase	n	tʃeis	sự theo đuổi, sự đuổi theo
chaser	n	'tʃeisə	người đuổi theo, người đánh đuổi
chasing	n		sự cắt ren
chasm	n	'kæzm	kẽ nứt sâu, lỗ nẻ sâu
chasmy	a	'kæzmi	đầy hang sâu vực thẳm
chasse	n	ʃɑ:s	ly rượu uống sau khi dùng cà phê
chassis	n	'ʃæsi	khung gầm
chaste	a	tʃeist	trong sạch, trong trắng
chasten	v	'tʃeisn	uốn nắn, trừng phạt
chastise	v	tʃæs'taiz	trừng phạt, trừng trị
chastisement	n	'tʃæstizmənt	sự trừng phạt, sự trừng trị
chastiser	n	tʃæs'taizə	người trừng phạt, người trừng trị
chastity	n	tʃæsiti	sự trong trắng, lòng trinh bạch
chasuble	n	'tʃæzjubl	áo lễ
chat	n	tʃæt	chuyện phiếm, chuyện gẫu
chateau	n		lâu đài
chatelaine	n	'tʃætəlein	dây đeo chìa khoá, dây đeo đồng hồ
chattel	n	'tʃætl	động sản
chatter	n	'tʃætə	tiếng hót líu lo, tiếng ríu rít
chatterbox	n	'tʃætəbɔks	đứa bé nói líu lo
chatterer	n	'tʃætərə	người ba hoa, người hay nói huyên thiên
chatty	a	'tʃæti	thích nói chuyện phiếm, thích tán gẫu
chauffer	n	'tʃɔ:fə	lò than nhỏ, lồng ấp
chauffeur	n	'tʃoufə	người lái xe
chaulmoogra	n	tʃɔl'mu:grə	cây chùm bao, cây đại phong tử
chauvinism	n	'ʃouvinizm	chủ nghĩa sô vanh
chauvinist	a	'ʃouvinist	sô vanh chủ nghĩa, sô vanh
chauvinistic	n	,ʃouvi'nistik	người theo chủ nghĩa sô vanh
chaw	n	tʃɔ:	sự nhai
cheap	a	tʃi:p	rẻ, rẻ tiền; đi tàu xe hạng ít tiền
cheapen	n	'tʃi:pən	hạ giá, làm giảm giá
cheapish	a	'ʃi:piʃ	hơi rẻ, hơi hạ
cheaply	d		rẻ, rẻ tiền
cheapskate	n		người keo kiệt
cheat	n	tʃi:t	trò lừa đảo, trò lừa bịp
cheater	n	'tʃi:tə	người lừa đảo, người gian lận
check	n	tʃek	cheque
checkbook	n		như cheque-book
checked	a	tʃekt	kẻ ô vuông, kẻ ca rô
checker	n	'tʃekə	người tính tiền, người thu tiền
checkered	n		như chequered
checkers	n		cờ đam
checking	n		kiểm tra
checklist	n		danh sách kiểm
checkmate	n	'tʃek'meit	sự chiếu tướng, nước cờ chiếu hết
checkpoint	n		điểm kiểm tra, điểm đánh dấu
cheddar	n		một loại phó mát dầy
cheek	n	tʃi:k	má
cheeky	a	'tʃi:ki	táo tợn, cả gan
cheep	n	tʃip	tiếng chim chiếp
cheer	n	tʃiə	sự vui vẻ, sự khoái trá
cheerful	a	'tʃjəful	vui mừng, phấn khởi
cheerfully	d		vui vẻ, phấn khởi
cheering	n	'tʃiəriɳ	tiếng hoan hô
cheerio	i	'tʃiəri'ou	chào anh!, chào cậu!
cheery	a	'tʃiəri	vui vẻ, hân hoan
cheese	n	tʃi:z	phó mát, bánh phó mát
cheeseburger	n		thịt băm có lẫn phó mát
cheesecake	n		bánh kem phó mát
cheesy	a	'tʃi:zi	có chất phó mát, có mùi phó mát
cheetah	n	'tʃi:tə	loài báo gêpa
chef	n	ʃef	đầu bếp
chelsea	n	'tʃelsi	khu vực nghệ sĩ
chemical	a	'kemikəl	hoá học
chemically	d		về phương diện hoá học
chemicals	n	'kemikəlz	hoá chất, chất hoá học
chemist	n	'kemist	nhà hoá học
chemistry	n	'kemistri	ngành hoá học, môn hoá học
chemotherapy	n	,kemou'θerəpi	phép chữa hoá học
cheque	n	tʃek	séc
cherish	v	'tʃeriʃ	yêu mến, yêu thương
cherry	a	'tʃeri	đỏ màu anh đào
cherub	n	'tʃerəb	tiểu thiên sứ
chess	n	tʃes	cờ
chessboard	n		bàn cờ
chest	n	tʃest	rương, hòm
chestnut	n	'tʃesnʌt	cây hạt dẻ
chevalier	n	,ʃevə'liə	kỵ sĩ, hiệp sĩ
chevron	n	'ʃevrən	lon, quân hàm hình V
chevy	n	'tʃivi/ (chivvy) /'tʃivi	sự rượt bắt, sự đuổi bắt
chew	n	tʃu:	sự nhai
chewy	a	'tʃu:i	phải nhai nhiều
chez	p		ở nhà, về nhà
chianti	n		rượu vang ở miền Trung nước Y
chic	n	ʃi:k	sự sang trọng, sự lịch sự
chick	n	tʃik	gà con, chim con
chicken	n	'tʃikin	gà con, gà giò
chicory	n	'tʃikəri/ (succory) /'tʃikəri	rau diếp xoăn
chide	v	tʃaid	la rầy, mắng mỏ
chief	n	tʃi:f	thủ lĩnh, lãnh tụ
chiefly	a	'tʃi:fli	người đứng đầu, hợp với thủ lĩnh
chieftain	n	'tʃi:ftən	thủ lĩnh, đầu đảng
chiffon	n	'ʃi:njɔ:ɳ	sa, the, lượt
chihuahua	n		chó nhỏ có lông mượt
child	n	tʃaild	đứa bé, đứa trẻ
childbirth	n	'tʃaildbə:θ	sự sinh đẻ
childhood	n	'tʃaildhud	tuổi thơ ấu, thời thơ ấu
childish	a	'tʃaildiʃ	của trẻ con, như trẻ con
childishness	n	'tʃaildiʃnis	trò trẻ con, chuyện trẻ con
childless	a	'tʃaildlis	không có con
childlike	a	'tʃaildlaik	như trẻ con, ngây thơ
children	n	tʃaild	đứa bé, đứa trẻ
chill	n	tʃil	sự ớn lạnh, sự rùng mình
chilli	n	'tʃili	ớt khô
chilling	a	'tʃiliɳ	lạnh, làm ớn lạnh
chilly	a	'tʃili	lạnh, lạnh lẽo
chime	n	tʃaim	chuông hoà âm, chuông chùm
chimera	n	kai'miərə	quái vật đuôi rắn mình dê đầu sư tử
chimney	n	'tʃimni	ống khói
chimp	n		tinh tinh
chimpanzee	n	,tʃimpən'zi:	con tinh tinh
chin	n	tʃin	cằm
china	n	'tʃainə	sứ
chinaman	n	'tʃainəmən	người bán đồ sứ
chinatown	n	'tʃainətaun	khu Hoa-kiều
chinchilla	n	tʃin'tʃilə	sóc sinsin
chinese	a	'tʃai'ni:z	Trung quốc
chink	n	tʃiɳk	khe, kẽ hở
chinook	n		tiếng Si-núc
chip	n	tʃip	vỏ bào, vỏ tiện
chipmunk	n	'tʃipmʌk/ (chipmunk) /'tʃipmʌk	sóc chuột
chipper	a	'tʃipə	vui vẻ, hoạt bát
chippy	a	'tʃipi	khô khan, vô vị
chiropractor	n		người chữa bệnh bằng phương pháp nắn khớ
chirp	n	tʃə:p	tiếng kêu chiêm chiếp, tiếng hót líu lo
chirpy	a	'tʃə:pi	vui tính, hoạt bát
chisel	n	'tʃizl	cái đục, cái chàng
chit	n	tʃit	đứa bé, đứa trẻ
chitchat	n		chuyện phiếm, chuyện gẫu
chitty	n	tʃit	đứa bé, đứa trẻ
chivalrous	a	'ʃivəlrəs	có vẻ hiệp sĩ, có phong cách hiệp sĩ
chivalry	n	'ʃivəlri	phong cách hiệp sĩ
chloe	n	'klɔ:	Strephon and Chloe đôi uyên ương
chloride	n	'klɔ:raid	clorua
chlorine	n	'klɔ:ri:n	clo
chloroform	n	'klɔrəfɔ:m	cloroform
chlorophyll	n	'klɔrəfil	chất diệp lục
chock	n	tʃɔk	vật chèn, con chèn
chocolate	n	'tʃɔkəlit	sôcôla
choice	n	tʃɔis	sự lựa, sự chọn
choir	n	'kwaiə	đội hợp xướng, đội hợp ca
choirboy	n		lễ sinh
choke	n	tʃouk	lõi rau atisô
choked	a		tức tối, chán nản
choker	n	'tʃoukə	người bóp cổ, cái làm nghẹt
cholera	n	'kɔlərə	bệnh dịch tả, bệnh tả
cholesterol	n		chất béo gây xơ cứng động mạch, Colextêr
chomp	v		nhai rào rạo
choose	v	tʃu:z	chọn, lựa chọn
choosy	a	'tʃu:zi/ (choosey) /'tʃu:zi	hay kén cá chọn canh khó chiều
chop	n	tʃɔp	chap
chopper	n	'tʃɔpə	người chặt, người đốn
chopping	a		thay đổi nhanh
choppy	a	'tʃɔpi	trở chiều luôn
chops	n		hàm
chopsticks	n	'tʃɔpstiks	đũa
choral	n	'kɔ:rəl	bài thánh ca, bài lễ ca
chord	n	kɔ:d	dây
chore	n	tʃɔ:	việc vặt, việc mọn
choreographer	n		biên đạo múa
choreography	n		nghệ thuật bố trí điệu múa ba-lê
chorizo	n		số nhiều chorizos
chorus	v	'kɔ:rəs	hợp xướng, đồng ca
chose	v	tʃu:z	chọn, lựa chọn
chosen	v	tʃu:z	chọn, lựa chọn
chou	n	ʃu:	cái nơ
chow	n	tʃou	giống chó su
chowder	n	'tʃaudə	món sôđơ
christ	n	kraist	Chúa Giê-su, Chúa cứu thế
christen	v	'krisn	rửa tội, làm lễ rửa tội
christendom	n	'krisndəm	những người theo đạo Cơ-đốc, dân theo đạ
christening	n	'krisniɳ	lễ rửa tội
christian	a	'kristjən	đạo Cơ-đốc, tin vào Cơ-đốc
christianity	n	,kristi'æniti	đạo Cơ-đốc
christmas	n	'krisməs/ (Xmas) /'krisməs	lễ Nô-en
christmassy	a		có không khí lễ Nô-en
christmastime	n		tuần Nô-el
chrome	n	kroum	crom
chromium	n	'kroumjəm	crom
chromosome	n	'krouməsoum	nhiễm thể, thể nhiễm sắc
chronic	a	'krɔnik	mạn, kinh niên
chronically	n		xem chronic
chronicle	n	'krɔnikl	sử biên niên, ký sự niên đại
chronicler	n	'krɔniklə	người ghi chép sử biên niên
chronological	a	,krɔnə'lɔdʤik/ (chronological) /,krɔnə'lɔdʤikəl	niên đại học, theo thứ tự niên đại
chrysalis	n	'krisəlis	con nhộng
chrysanthemum	n	kri'sænθəməm	cây hoa cúc
chub	n		cá bống
chubby	a	'tʃʌbi	mũm mĩm, mập mạp
chuck	n	tʃʌk	tiếng cục cục
chuckle	n	'tʃʌkl	tiếng cười khúc khích, nụ cười thầm
chuffed	a		vui mừng, hớn hở
chug	n	tʃʌg	tiếng bình bịch
chugger	n		xem chug
chum	n	tʃʌm	bạn thân
chummy	a	'tʃʌmi	gần gụi, thân mật
chump	n	tʃʌmp	khúc gỗ
chunk	n	tʃʌnk	khúc, khoanh
chunky	a	'tʃʌnki	, lùn và chắc mập
church	n	tʃə:tʃ	nhà thờ
churchyard	n	'tʃə:tʃ'jɑ:d	khu đất nhà thờ
churn	n	tʃə:n	thùng đánh kem
chute	n	ʃu:t	cầu trượt, đường trượt
chutney	n	'tʃʌtni/ (chutney) /'tʃʌtni	Ân tương ớt xoài
chutzpah	n		sự cả gan trơ tráo
ci	n		các đảo trên biển Măngsơ
cia	n		Cơ quan tình báo trung ương của Hoa kỳ
ciao	n		interj
cicada	n	si'kɑ:də/ (cigala) /si'kɑ:lə/ (cicala) /si'gɑ:lə	con ve sầu
cid	n		Cục điều tra hình sự Anh quốc
cider	n	'saidə/ (cyder) /'saidə	rượu táo
cig	n		điếu thuốc lá
cigar	n	si'gɑ:/ (segar) /si'gɑ:	điếu xì gà
cigarette	n	,sigə'ret	điếu thuốc lá
cinch	n	sintʃ	nịt, đai da
cinder	n	'sində	thanh cháy dở
cinderella	n		tài năng chưa được biết đến
cinema	n	'sinimə	rạp xi nê, rạp chiếu bóng
cinematic	a		thuộc về điện ảnh
cinematographer	n		người chuyên về điện ảnh, Nhà điện ảnh
cinematography	n	,,sinimə'tɔgrəfi	thuật quay phim
cinnamon	n	'sinəmən	cây quế
cipher	n	'saifə/ (cypher) /'saifə	số không, số zêrô
circa	p	'sə:kə	vào khoảng
circe	n	'sə:si	nữ phù thuỷ
circle	n	'sə:kl	đường tròn, hình tròn
circuit	n	'sə:kit	chu vi, đường vòng quanh
circuitry	n		mạch điện, hệ thống mạch điện
circular	a	'sə:kjulə	tròn, vòng
circulate	v	'sə:kjuleit	lưu hành, truyền
circulating	a		tuần hoàn, lưu thông
circulation	n	,sə:kju'leiʃn	sự lưu thông
circulatory	a	'sə:kjuleitəri	lưu thông
circumcision	n		sự cắt bao quy đầu
circumference	n	sə'kʌmfərəns	đường tròn
circumstance	n	'sə:kəmstəns	hoàn cảnh, trường hợp
circumstantial	a	,sə:kəm'stænʃl	tường tận, chi tiết
circumvent	v	,sə:kəm'vent	dùng mưu để lừa, dùng mưu kế để lung lạc
circus	n	'sə:kəs	rạp xiếc
cirque	n	'sə:k	trường đua, trường đấu
cirrhosis	n	si'rousis	bệnh xơ gan
cissy	n	'sisi/ (sissy) /'sisi	, người ẻo lả vì yếu đuối
cistern	n	'sistən	thùng chứa nước, bể chứa nước
citadel	n	'sitədl	thành luỹ, thành quách
citation	n	sai'teiʃn	sự dẫn, sự trích dẫn
cite	v	sait	dẫn, trích dẫn
citizen	n	'sitizn	người dân thành thị
citizenship	n	'sitiznʃip	tư cách công dân
citrus	n	'sitrəs	giống cam quít
city	n	'siti	thành phố, thành thị
civic	a	'sivik	công dân
civics	n		khoa nghiên cứu quyền lợi và bổn phận cô
civil	a	'sivl	công dân
civilian	n	'siviljən	người thường, thường dân
civilisation	n		sự làm cho văn minh, sự khai hoá
civility	n	si'viliti	sự lễ độ, phép lịch sự
civilization	n	,sivilai'zeiʃn	sự làm cho văn minh, sự khai hoá
civilized	a		văn minh
clack	n	klæk	tiếng lách cách, tiếng lập cập
clad	v	klouð	mặc quần áo cho
claim	n	kleim	sự đòi, sự yêu sách
clairvoyant	a	kleə'vɔiənt	có thể nhìn thấu được cả những cái vô hì
clam	n	klæm	con trai
clammy	a	'klæmi	lạnh và ẩm ướt
clamour	n	'klæmə	tiếng la hét, tiếng la vang
clamp	n	klæmp	đống
clamping	n		khóa, kẹp
clan	n	klæn	thị tộc
clandestine	a	klæn'destin	giấu giếm, bí mật
clang	n	klæɳ	tiếng vang rền, tiếng lanh lảnh
clank	n	klæɳk	tiếng loảng xoảng, tiếng lách cách
clap	n	klæp	tiếng vỗ, tiếng kêu vang
clapper	n	'klæpə	quả lắc
claptrap	n	'klæptræp	mẹo để được khen, lời nói láo cốt để đượ
clarence	n		xe ngựa bốn bánh, bốn chỗ ngồi
claret	n	'klærət	rượu vang đỏ
clarification	n	,klærifi'keiʃn	sự lọc, sự gạn
clarify	v	'klærifai	lọc, gạn
clarinet	n	,klæri'net/ (clarionet) /,klæriə'net	clarinet
clarion	n	'klæriən	kèn
clarity	n	'klæriti	sự trong
claro	n		số nhiều claroes, claros
clash	n	klæʃ	tiếng chan chát, tiếng loảng xoảng
clasp	n	klɑ:sp	cái móc, cái gài
class	n	klɑ:s	giai cấp
classic	a	'klæsik	kinh điển
classical	a	'klæsikəl	kinh điển
classically	d	'klæsikəli	kinh điển
classification	n	,klæsifi'keiʃn	sự phân loại
classified	a	'klæsifaid	đã được phân loại
classify	v	'klæsifai	phân loại
classmate	n		bạn cùng lớp
classroom	n		phòng đọc
classy	a	'klɑ:si	ưu tú, xuất sắc
clatter	n	'klætə	tiếng lóc cóc, tiếng lách cách
clause	n	'klætə	mệnh đề
claustrophobia	n		nỗi lo sợ mình bị giam giữ
claustrophobic	a		mắc phải nỗi sợ bị giam giữ, hoặc gây ra
clave	v	kli:v	chẻ, bổ
clavicle	n	'klævikl	xương đòn
claw	n	klɔ:	vuốt
clawed	n		xem claw
clay	n	klei	đất sét, sét
claymore	n	'kleimɔ:	gươm
clean	a	kli:n	sạch, sạch sẽ
cleaner	n	'kli:nə	người lau chùi, người quét tước
cleaning	n	'kli:niɳ	sự quét tước, sự dọn dẹp
cleanliness	n		tính sạch sẽ, tình trạng sạch sẽ
cleanly	a	'klenli	sạch, sạch sẽ
cleanse	v	klenz	làm cho sạch sẽ, làm cho tinh khiết
cleanser	n		chất tẩy rửa
cleanup	n		sự thu gọn, sự quét rọn sạch
clear	a	kliə	trong, trong trẻo
clearance	n	'kliərəns	sự dọn quang
cleared	a		đã phát quang
clearer	n		xem clear
clearing	n	'kliəriɳ	sự làm sáng sủa, sự làm quang đãng
clearly	d	'kliəli	rõ ràng, sáng sủa
cleavage	n	'kli:vidʤ	sự chẻ, sự bổ ra
cleave	v	kli:v	chẻ, bổ
cleaver	n	'kli:və	người bổ, người chẻ
cleft	n	kleft	đường nứt, kẽ
clem	v	klem	chết đói, bỏ đói
clemency	n	'klemənsi	lòng khoan dung, lòng nhân từ
clement	a	'klemənt	khoan dung, nhân từ
clementine	n		một loại cam nhỏ
clench	n	klentʃ	sự đóng gập đầu lại
clergy	n	'klə:dʤi	giới tăng lữ, tăng lữ
clergyman	n	'klə:dʤimən/ (cleric) /'klerik	giáo sĩ, tu sĩ
cleric	n	'klə:dʤimən/ (cleric) /'klerik	giáo sĩ, tu sĩ
clerical	a	'klerikəl	công việc biên chép, văn phòng
clerk	n	klɑ:k	người thư ký
clever	a	'klevə	lanh lợi, thông minh
cleverly	d		khéo léo, sắc sảo
cleverness	n	'klevənis	sự lanh lợi, sự thông minh
click	n	klik	tiếng lách cách
clicker	n	'klikə	người lên khuôn
clicks	n		cách
client	n	'klaiənt	khách hàng
clientele	n		một nhóm khách hàng
cliff	n	klif	vách đá
climate	n	'klaimit	khí hậu, thời tiết
climatic	a	klai'mætik	khí hậu, thời tiết
climax	n	'klaimæks	phép tiến dần
climb	n	klaim	sự leo trèo
climber	n	'klaimə	người leo trèo, người leo núi
climbing	n	'klaimiɳ	sự leo trèo
clinch	n	klintʃ	sự đóng gập đầu
clincher	n	'klintʃə/ (clencher) /'klintʃə	lý lẽ vững chắc, lý lẽ đanh thép
cline	n		tập hợp những điểm dị biệt giữa những si
cling	v	kliɳ	bám vào, dính sát vào
clinging	a		bó sát thân người
clingy	a	'kliɳi	dính
clinic	n	'klinik	bệnh viện thực hành
clinical	a	'klinikəl	buồng bệnh, ở buồng bệnh
clinically	d		về phương diện lâm sàng
clink	n	kliɳk	nhà tù, nhà giam
clinking	a	'kliɳkiɳ	đặc sắc, xuất sắc
clip	n	klip	cái ghim, cái cặp
clipboard	n		bảng kẹp tạm
clipped	a		bị cắt cụt
clipper	n	'klipə	thợ xén, thợ cắt
clipping	n	'klipiɳ	sự cắt, sự xén
clique	n	kli:k	bọn, phường
clitoris	n	'klaitəris	âm vật
cloak	n	klouk	áo choàng không tay, áo khoát không tay
cloakroom	n		phòng giữ áo mũ
clobber	v	'klɔbə	đánh liên tục, đánh trúng liên tục
clock	n	klɔk/ (o'clock) /ə'klɔk	đường chỉ viền ở cạnh bít tất
clocking	a	'klɔkiɳ	ấp
clockwise	a	'klɔkwaiz	theo chiều kim đồng hồ
clockwork	n	'klɔkwə:k	bộ máy đồng hồ
clod	n	klɔd	cục, cục đất
clog	n	klɔg	cái còng
cloister	n	'klɔistə	tu viện, nhà tu
cloistered	a	'klɔistəd	tu, ở tu viện
clone	n	kloun	dòng vô tính, hệ vô tính
clop	n	klɔp	tiếng lọc cọc, tiếng lộp cộp
close	a	klous	đóng kín
closed	a		bảo thủ
closely	d	'klousli	gần, gần gũi
closeness	n	'klousnis	sự gần gũi, sự thân mật
closer	n		xem close
closet	n	'klɔzit	buồng nhỏ, buồng riêng
closing	n	'klouziɳ	sự kết thúc, sự đóng
closure	n	'klouʤə	sự bế mạc
clot	n	klɔt	cục, khối
cloth	n	klɔθ	vải
clothe	v	klouð	mặc quần áo cho
clothes	n	klouðz	quần áo
clothing	n	'klouðiɳ	quần áo, y phục
clotted	a		ngưng đọng lại
cloud	n	klaud	mây, đám mây
cloudy	a	'klaudi	có mây phủ, đầy mây
clough	n	klʌf	khe núi, thung lũng dốc
clout	n	klaut	mảnh vải
clove	n	klouv	cây đinh hương
clover	n	'klouvə	cỏ ba lá
clown	n	klaun	anh hề, vai hề
club	n	klʌb	dùi cui, gậy tày
clubbed	a		hình đùi cui
clubbing	n		việc nện bằng đùi cui
clubhouse	n		câu lạc bộ thể thao
cluck	n	klʌk	tiếng cục cục
clue	n	klu:	đầu mối, manh mối
clueless	a	'klʌmzinis	không đầu mối, không manh mối
clump	n	klʌmp	lùm, bụi
clumsiness	n	'klʌmzinis	sự vụng về, sự không khéo léo
clumsy	a	'klʌmzi	vụng, vụng về
clung	v	kliɳ	bám vào, dính sát vào
clunk	n		âm thanh do các vật kim loại chạm nhau g
cluster	n	'klʌstə	đám, bó
clutch	n	klʌtʃ	ổ trứng ấp
clutter	n	'klʌtə	tiếng ồn ào huyên náo
cm	n		đơn vị đo độ dài
cmdr	n		trung úy hải quân anh
coach	n	koutʃ	xe ngựa bốn bánh bốn ngựa)
coachman	n	'koutʃmən	người đánh xe ngựa
coal	n	koul	than đá
coalition	n	,kouə'liʃn	sự liên kết, sự liên hiệp
coarse	a	kɔ:s	kém, tồi tàn
coast	n	koust	bờ biển
coastal	a	'koustəl	bờ biển, miền ven biển
coaster	n	'koustə	tàu buôn dọc theo bờ biển, người buôn bá
coastguard	n	'koustgɑ:d	tổ chức bảo vệ miền ven biển
coasting	a		thuộc hàng hải ven biển
coastline	n	'koustlain	bờ biển, hình dáng bờ biển
coat	n	kout	áo choàng ngoài, áo bành tô
coated	n		xem coat
coating	n	'koutiɳ	lần phủ ngoài, lớp phủ ngoài
coax	v	kouks	dỗ, dỗ ngọt, nói ngọt, vỗ về, tán tỉnh
coaxing	n		sự dỗ dành ngon ngọt
cob	n	kɔb	con thiên nga trống
cobalt	n	kə'bɔ:lt	coban
cobble	n	'kɔbl/ (cobble-stone) /'kɔblstoun	stone)
cobbler	v	'kɔblə	lát bằng đá lát, rải đá cuội
cobra	n	'koubrə	rắn mang bành
cobweb	n	'kɔbweb	mạng nhện, sợi tơ nhện
coca	n	'koukə	cây côca
cocaine	n	kə'kein	côcain
coccyx	n	'kɔksiks	xương cụt
cochin	n	'kɔtʃin/ (cochin-china) /'kɔtʃin'tʃainə	china)
cock	n	kɔk	con gà trống
cockatoo	n	,kɔkə'tu:	vẹt mào
cocked	a	kɔkt	vểnh lên, hếch lên
cocker	v	'kɔkə	+ up âu yếm, nâng niu
cockerel	n	'kɔkərəl	gà trống non
cockney	n	'kɔkni	người ở khu đông Luân-đôn
cockpit	n	'kɔkpit	chỗ chọi gà, bãi chọi gà
cockroach	n	'kɔkroutʃ	con gián
cocksucker	n		tên nịnh hót, tên liếm gót
cocktail	n	'kɔkteil	rượu cốctay
cocky	a	'kɔki/ (cocksy) /'kɔksi/ (coxy) /'kɔksi	tự phụ, tự mãn
coco	n	'koukou	cây dừa
cocoa	n	'koukou	cây dừa
coconut	n	'koukənʌt/ (coker) /koukə/ (cokernut) /koukənʌt	quả dừa
cocoon	v	kə'ku:n	làm kén
cod	n	kɔd	cá tuyết, cá moruy
coddle	n	'kɔdl	người nâng niu, người chiều chuộng
code	n	koud	bộ luật, luật
coded	n		mã hoá
codeine	n	'koudii:n	côđêin
codex	n	'koudeks	sách chép tay
codfish	n	kɔd	cá tuyết, cá moruy
coding	n		biên mã, mã hóa
coed	n	'kou'ed/ (coed) /'kou'ed	của co-educated) nữ học sinh đại học
coefficient	n	,koui'fiʃnt	, hệ số
coerce	v	kou'ə:s	buộc, ép
coercion	n	kou'ə:ʃn	sự ép buộc, tình trạng bị ép buộc
coexist	v	'kouig'zist	chung sống, cùng tồn tại
coexistence	n	'kouig'zistəns	sự chung sống, sự cùng tồn tại
coffee	n	'kɔfi	cà phê
coffin	n	'kɔfin	áo quan, quan tài
cog	n	kɔg	răng, vấu
cognac	n	'kounjæk	rượu cô-nhắc
cognitive	a		liên quan đến nhận thức
coherent	a	kou'hiərənt	dính liền, cố kết
cohesion	n	kou'hi:ʤn	sự dính liền, sự cố kết
cohesive	a	kou'hi:vis	dính liền, cố kết
coil	n	kɔil	cuộn
coin	n	kɔin	đồng tiền, tiền
coincide	v	,kouin'said	trùng khớp với nhau
coincidence	n	kou'insidəns	sự trùng khớp, sự trùng nhau
coincidental	a	kou,insi'dentl	trùng khớp coincident)
coincidentally	n		xem coincidental
coitus	n	kou'iʃn/ (coitus) /'kouitəs	sự giao cấu
coke	n	kouk	, coca-cola
coker	n	'koukənʌt/ (coker) /koukə/ (cokernut) /koukənʌt	quả dừa
col	n	kɔl	đèo
COLA	n		Điều chỉnh theo giá sinh hoạt.
cold	a	kould	lạnh, lạnh lẽo
coldly	d	'kouldli	lạnh nhạt, hờ hững
coldness	n	'kouldnis	sự lạnh, sự lạnh lẽo
coleslaw	n		xà lách, cải bắp thái nhỏ
colic	n	'kɔlik	cơn đau bụng
coliseum	n		đại hý trường La-mã
collaborate	v	kə'læbəreit	cộng tác
collaboration	n	kə,læbə'reiʃn	sự cộng tác
collaborative	n		xem collaborate
collaborator	n	kə'læbəreitə	người cộng tác, cộng tác viên
collage	n	kə'lɑ:ʤ	nghệ thuật cắt dán
collapse	v	kə'læps	đổ, sập, sụp, đổ sập
collar	n	'kɔlə	cổ áo
collared	n		xem collar
collateral	a	kɔ'lætərəl	ở bên
colleague	n	kɔ'li:g	bạn đồng nghiệp, bạn đồng sự
collect	v	kə'lekt	tập hợp lại
collected	a	kə'lektid	bình tĩnh, tự chủ
collecting	n		góp, sưu tầm
collection	n	kə'lekʃn	sự tập họp, sự tụ họp
collective	a	kə'lektiv	tập thể, chung
collectively	d		chung, tập thể
collector	n	kə'lektə	người thu thập, người sưu tầm
colleen	n	'kɔli:n	Ai-len cô gái
college	n	'kɔlidʤ	trường đại học, trường cao đẳng
collegiate	a	kə'li:dʤiit	trường đại học, học viện
collide	v	kə'laid	va nhau, đụng nhau
collie	n	'kɔli/ (colly) /'kɔli	giống chó côli
collier	n	'kɔliə	công nhân mỏ than, thợ mỏ
collision	n	kə'liʤn	sự đụng, sự va
collusion	n	kə'lu:ʤn	sự câu kết, sự thông đồng
cologne	n		nước hoa co-lô-nhơ
colon	n	'koulən	dấu hai chấm
colonel	n	'kə:nl	đại tá
colonial	a	kə'lounjəl	thuộc địa, thực dân
colonialism	n	kə'lounjəlizm	chủ nghĩa thực dân
colonic	n		xem colon
colonization	n	,kɔlənai'zeiʃn	sự chiếm làm thuộc địa
colonize	v	'kɔlənaiz/ (colonise) /'kɔlənaiz	chiếm làm thuộc địa
colony	n	'kɔləni	thuộc địa
color	n	'kʌlə	colour
colossal	a	kə'lɔsail	khổng lồ, to lớn
colosseum	n		đại hý trường
colossus	n	kə'lɔses	tượng khổng lồ
colostomy	n		phẫu thuật làm hậu môn giả
colour	n	'kʌlə	màu, sắc
coloured	a	'kʌləd	có màu sắc, mang màu sắc
colourful	a	'kʌləful	nhiều màu sắc
colouring	n	'kʌləriɳ	màu
colt	n	koult	ngựa non
columbine	n		một loại cây có cánh hoa mỏng nhọn
column	n	'kɔləm	cột, trụ & )
columnist	n	kɔləmnist	người chuyên giữ một mục báo
com	n		Trong DOS, đây là tên thiết bị được gán
coma	n	'koumi:	sự hôn mê
comatose	a	'koumətous	hôn mê
comb	n	koum	cái lược
combat	n	'kɔmbət	trận, trận đấu
combatant	a	'kɔmbətənt	chiến đấu, tham chiến
combative	a	'kɔmbətiv	hiếu chiến, thích đánh nhau
combination	n	,kɔmbi'neiʃn	sự kết hợp, sự phối hợp
combine	n	'kɔmbain	côngbin, xanhđica
combined	n		được tổ hợp, hỗn hợp
combing	n	'koumiɳ	sự chải
combo	n		ban nhạc jazz, ban khiêu vũ
combustible	a	kəm'bʌstəbl	dễ cháy, dễ bắt lửa
combustion	n	kəm'bʌstʃn	sự đốt cháy, sự cháy
come	v	kʌm	đến, tới
comedian	n	kə'mi:djən	diễn viên kịch vui, người đóng kịch vui
comedy	n	'kɔmidi	kịch vui, hài kịch
comely	a	'kʌmli	đẹp, duyên dáng
comer	n	'kʌmə	người đến
comes	n		mạch máu chạy dọc dây thần kinh
comet	n		sao chổi
comfort	n	'kʌmfət	sự an ủi, sự khuyên giải
comfortable	a	'kʌmfətəbl	tiện lợi, đủ tiện nghi
comfortably	d	'kʌmfətəbli	tiện lợi, đủ tiện nghi
comforter	n	'kʌmfətə	người dỗ dành, người an ủi
comforting	a		có thể an ủi, khuyên giải
comfy	a	'kʌmfi	comfortable
comic	a	'kɔmik	hài hước, khôi hài
comical	a	'kɔmikəl	hài hước, khôi hài
comics	n		truyện tranh
coming	n	'kʌmiɳ	sự đến, sự tới
comma	n	'kɔmə	dấu phẩy
command	n	kə'mɑ:nd	lệnh, mệnh lệnh
commandant	n	,kɔmən'dænt	sĩ quan chỉ huy
commandeer	v	,kɔmən'diə	trưng dụng cho quân đội
commander	n	kə'mɑ:ndə	người điều khiển, người cầm đầu người ch
commanding	a	kə'mɑ:ndiɳ	chỉ huy, điều khiển
commandment	n	kə'mɑ:ndmənt	điều răn, lời dạy bảo
commando	n	kə'mɑ:ndou	lính com-măng-đô, biệt kích
commemorate	v	kə'memə'reiʃn	kỷ niệm, tưởng nhớ
commemoration	n	kə,memə'reiʃn	sự kỷ niệm, lễ kỷ niệm
commemorative	a	kə'memərətiv	để kỷ niệm, để tưởng niệm
commence	v	kə'mens	bắt đầu, mở đầu
commencement	n	kə'mensmənt	sự bắt đầu, sự khởi đầu
commend	v	kə'mend	khen ngợi, ca ngợi
commendable	a	kə'mendəbl	đáng khen ngợi, đáng ca ngợi
commendation	n	,kɔmen'deiʃn	sự khen ngợi, sự ca ngợi
comment	n	'kɔment	lời bình luận
commentary	n	'kɔməntəri	bài bình luận
commentator	n	'kɔmmenteitə	nhà bình luận
commerce	n	'kɔmə:s	sự buôn bán, thương mại
commercial	a	kə'mə:ʃl	buôn bán, thương mại
commercially	d		về phương diện thương mại
commie	n		người cộng sản
commissar	n	,kɔmi'sɑ:	uỷ viên nhân dân
commissary	n	'kɔmisəri	sĩ quan quân nhu
commission	n	kə'miʃn	lệnh, mệnh lệnh
commissioned	a	kə'miʃnd	được uỷ quyền
commissioner	n	kə'miʃnə	người được uỷ quyền
Commissions	n		Xem COMPENSATION RULES
commit	v	kə'mit	giao, gửi
commitment	n	kə'mitmənt	committal
committed	a		tận tụy, tận tâm
committee	n	kə'miti	uỷ ban
commode	n		tủ nhiều ngăn, tủ commôt
commodity	n	kə'mɔditi	hàng hoá, loại hàng
commodore	n	'kɔmədɔ:	thiếu tướng hải quân
common	a	'kɔmən	chung, công
commonality	n		sự tương đồng
commoner	n	'kɔmənə	người bình dân
commonly	d	'kɔmənli	thường thường, thông thường
commonplace	n	'kɔmənpleis	điều đáng ghi vào sổ tay
commons	n	'kɔmənz	dân chúng, những người bình dân
commonwealth	n	'kɔmənwelθ	toàn thể nhân dân
commotion	a	kə'mouʃn	sự rung chuyển, sự chấn đông
communal	a	'kɔmjunl	công, chung
commune	n	'kɔmju:n	xã
communicate	v	kə'mju:nikeit	truyền, truyền đạt
communicating	n		truyền thông, truyền tin
communication	n	kə,mju:ni'keiʃn	sự truyền đạt, sự thông tri
communicator	n	kə'mju:nikeitə	người truyền tin, người truyền đạt
communion	n	kə'mju:njən	sự cùng chia sẻ
communism	n	'kɔmjunizm	chủ nghĩa cộng sản
communist	n	'kɔmjunist	người cộng sản
community	n	kə'mju:niti	dân, dân chúng
commute	v	kə'mju:t	thay thế, thay đổi nhau
commuter	n	kə'mju:tə	người đi làm bằng vé tháng
comp	n	kɔmp	compositor
compact	n	'kɔmpækt	sự thoả thuận
compactor	n		bộ ép, bộ nén
companion	n	kəm'pænjən	bạn, bầu bạn
companionship	n	kəm'pænjənʃip	tình bạn, tình bạn bè
company	n	'kʌmpəni	sự cùng đi, sự cùng ở
comparable	a	'kɔmpərəbl	có thể so sánh được
comparative	a	kəm'pærətiv	so sánh
comparatively	d		tương đối
compare	v	kəm'peə	so, đối chiếu
comparison	n	kəm'pærisn	sự so sánh
compartment	n	kəm'pɑ:tmənt	gian, ngăn
compass	n	'kʌmpəs	com-pa a pair of compasses)
compassion	n	kəm'pæʃn	lòng thương, lòng trắc ẩn
compassionate	a	kəm'pæʃənit	thương hại, thương xót
compatibility	n	kəm,pætə'biliti	tính hợp nhau, tính tương hợp
compatible	a	kəm'pætəbl	hợp, thích hợp
compatriot	n	kəm'pætriət	đồng bào, người đồng xứ
compel	v	kəm'pel	buộc phải, bắt phải
compelled	a		bị ép buộc, bị cưỡng bách
compelling	a		hấp dẫn, thuyết phục
compensate	v	'kɔmpenseit	bù, đền bù, bồi thường
compensated	n		được bù trừ, được đền bù
compensating	n		làm bù trừ
compensation	n	,kɔmpen'seiʃn	sự đền bù, sự bồi thường
compete	v	kəm'pi:t	đua tranh, ganh đua
competence	n	'kɔmpitəns/ (competency) /'kɔmpitənsi	năng lực, khả năng
competent	a	'kɔmpitənt	có đủ khả năng, có đủ trình độ
competition	n	,kɔmpi'tiʃn	sự cạnh tranh
competitive	a	kəm'petitiv	cạnh tranh, đua tranh
competitor	n	kəm'petitə	người cạnh tranh, đấu thủ
compilation	n	,kɔmpi'leiʃn	sự biên soạn, sự sưu tập tài liệu
compile	v	kəm'pail	biên soạn, sưu tập tài liệu
compiling	n		biên dịch
complacency	n	kəm'pleisns/ (complacency) /kəm'pleisnsi	tính tự mãn
complacent	a	kəm'pleisnt	tự mãn
complain	v	kəm'plein	kêu ca, kêu
complainant	n	kəm'pleinənt	người thưa kiện
complaint	n	kəm'pleint	lời than phiền, lời phàn nàn
complement	n	'kɔmpliment	phần bù, phần bổ sung
complementary	a	,kɔmpli'mentəri	bù, bổ sung
complete	a	kəm'pli:t	đầy đủ, trọn vẹn
completed	n		được bổ sung
completely	d	kəm'pli:tli	hoàn toàn, đầy đủ
completion	n	kəm'pli:ʃn	sự hoàn thành, sự làm xong
complex	a	'kɔmleks	phức tạp, rắc rối
complexion	n	kəm'plekʃn	nước da
complexity	n	kəm'pleksiti/ (complicacy) /'kɔmplikəsi	sự phức tạp, sự rắc rối
compliance	n	'kɔmplaiəns	sự bằng lòng, sự ưng thuận
compliant	a	kəm'plaiənt	hay chiều
complicate	v	'kɔmplikeit	làm phức tạp, làm rắc rối
complicated	a	'kɔmplikeitid	phức tạp, rắc rối
complication	n	,kɔmpli'keiʃn	sự phức tạp, sự rắc rối
complicity	n	'kəm'plisiti	tội a tòng, tội đồng loã
compliment	n	'kɔmplimənt	lời khen, lời ca tụng
complimentary	a	,kɔmpli'mentəri	ca ngợi, ca tụng
comply	v	kəm'plai	tuân theo, chiếu theo
component	a	kəm'pounənt	hợp thành, cấu thành
compose	v	kəm'pouz	soạn, sáng tác
composed	a	kəm'pouzd	bình tĩnh, điềm tĩnh
composer	n	kəm'pouzə	người soạn nhạc
composing	n	kəm'pouziɳ	sự sáng tác
composite	a	'kɔmpəzit	hợp lại, ghép
composition	n	,kɔmpə'ziʃn	sự hợp thành, sự cấu thành
compost	n	'kɔmpɔst	phân trộn, phân compôt
composure	n	kəm'pouʤə	sự bình tĩnh, sự điềm tĩnh
compote	n	'kɔmpout	mứt quả
compound	n	'kɔmpaund	hợp chất
comprehend	v	,kɔmpri'hend	hiểu, lĩnh hội
comprehension	n	,kɔmpri'henʃn	sự hiểu, sự lĩnh hội
comprehensive	a	,kɔmpri'hensiv	bao hàm toàn diện
compress	n	kəm'pres	gạc
compressed	n		bị ép, bị nén
compression	n	kəm'preʃn	sự ép, sự nén
compressor	n	kəm'praiz	máy nén, máy ép
comprise	v	kəm'praiz	gồm có, bao gồm
compromise	n	'kɔmprəmaiz	sự thoả hiệp
comptroller	n	kən'troulə/ (comptroller) /kən'troulə	người kiểm tra, người kiểm soát
compulsion	n	kəm'pʌlʃn	sự ép buộc, sự cưỡng bách
compulsive	a	kəm'pʌlsiv	ép buộc, có xu hướng ép buộc
compulsory	a	kəm'pʌlsəri	ép buộc, bắt buộc
computation	n	,kɔmpju:'teiʃn	sự tính toán, sự ước tính
compute	v	kəm'pju:t	tính toán, ước tính
computed	n		được tính toán, đã tính xong
computer	n	kəm'pju:tə	máy điện toán
computerized	n		được điện toán hóa, được dùng máy điện t
computing	n		điện toán, tính toán
comrade	n	'kɔmrid	bạn, đồng chí
con	v	kɔn	học thuộc lòng, nghiên cứu
conceal	v	kən'si:l	giấu giếm, giấu
concealment	n	kən'si:lmənt	sự giấu giếm, sự che giấu
concede	v	kən'si:d	nhận, thừa nhận
conceit	n	kən'si:t	tính tự phụ, tính kiêu ngạo
conceited	a	kən'si:tid	tự phụ, kiêu ngạo
conceivable	a	kən'si:vəbl	có thể hiểu được, có thể nhận thức được
conceivably	n		có thể tin được, có thể hình dung được
conceive	v	kən'si:v	nghĩ, hiểu
concentrate	a	'kɔnsentreit	tập trung
concentrated	a	'kɔnsentreitid	tập trung
concentration	n	,kɔnsen'treiʃn	sự tập trung, nơi tập trung
concept	n		khái niệm, quan niệm
conception	n	kən'sepʃn	quan niệm, nhận thức
conceptual	a	kən'septjuəl	thuộc quan niệm, thuộc nhận thức
concern	n	kən'sə:n	sự liên quan tới, sự dính líu tới
concerned	a	kən'sə:nd	có liên quan, có dính líu
concerning	p	kən'sə:niɳ	về việc
concert	n	kən'sə:t	sự phối hợp, sự hoà hợp
concerted	a	kən'sə:tid	có dự tính, có bàn tính
concerto	n	kən'tʃə:tou	côngxectô
concession	n	kən'seʃn	sự nhượng, sự nhượng bộ
conch	n	kɔɳk	ốc xà cừ
concha	n	'kɔɳkə	loa tai conch)
concierge	n		người giữ cửa, phu khuân vác
concise	a	kənsais	ngắn gọn, súc tích
conclave	n	'kɔnkleiv	hội nghị các giáo chủ áo đỏ
conclude	v	kən'klu:d	kết thúc, chấm dứt
conclusion	n	kən'klu:ʤn	sự kết thúc, sự chấm dứt
conclusive	a	kən'klu:siv	cuối cùng, để kết thúc
conclusively	d		chắc chắn, thuyết phục
concoct	v	kən'kɔkt	pha, chế
concoction	n	kɔn'kɔkʃn	sự pha chế, thuốc pha chế
concord	n	'kɔɳkɔ:d	sự hoà hợp, sự hoà thuận
concourse	n	'kɔɳkɔ:s	đám đông tụ tập
concrete	a	'kɔnkri:t	cụ thể
concretely	d	'kɔnkri:tli	cụ thể
concubine	n	'kɔɳkju:binəri	vợ lẽ, nàng hầu
concur	v	kən'kə:	trùng nhau, xảy ra đồng thời
concussion	n	kən'kʌʃn	sự rung chuyển, sự chấn động
condemn	v	kən'dem	kết án, kết tội
condemnation	n	,kɔndem'neiʃn	sự kết án, sự kết tội
condensation	n	,kɔnden'seiʃn	sự hoá đặc, sự ngưng
condense	v	kən'dens	làm đặc lại, làm ngưng lại
condensed	a	kən'denst	cô đặc
condenser	n	kən'densə	bình ngưng
condescend	v	,kɔndi'send	hạ mình, hạ cố
condescending	a	,kɔndi'sendiɳ	hạ mình, hạ cố
condition	n	kən'diʃn	điều kiện
conditional	v	kɔn'diʃənl	ước định, quy định
conditioned	a	kɔn'diʃnd	có điều kiện
conditioner	n	kən'diʃnə	air-conditioner
condolence	n	kən'douləns	lời chia buồn
condom	n	'kɔndəm	bao dương vật
condominium	n	'kɔndə'miniəm	chế độ quản lý chung, chế độ công quản
condone	v	kən'doun	tha, tha thứ
condor	n	'kɔndɔ:n	kền kền khoang cổ
conducive	a	kən'dju:vis	có ích, có lợi
conduct	n	'kɔndəkt	hạnh kiểm, tư cách
conductor	n	kən'dʌktə	người chỉ huy, người chỉ đạo
conduit	n	'kɔndit	máng nước
cone	n	koun	hình nón, vật hình nón
coney	n	'kouni/ (coney) /'kouni	con thỏ
confederacy	n	kən'fedərəsi	liên minh
confederate	a	kən'fedərit	liên minh, liên hiệp
confederation	n	kən'fedə'reiʃn	liên minh
confer	v	kən'fə:	phong, ban
conference	n	'kɔnfərəns	sự bàn bạc, sự hội ý
confess	v	kən'fes	thú tội, thú nhận
confession	n	kən'feʃn	sự thú tội, sự thú nhận
confessional	a	kən'feʃənl	xưng tội
confessor	n	kən'fesə	giáo sĩ nghe xưng tội
confetti	n	kən'feti:	công-phét-ti, hoa giấy
confidant	n	,kɔnfi'dænt	bạn tâm tình
confidante	n	,kɔnfi'dænt	bạn gái tâm tình
confide	v	kən'faid	nói riêng, giãi bày tâm sự
confidence	n	'kɔnfidəns	sự nói riêng, sự giãi bày tâm sự
confident	a	'kɔnfidənt	tin chắc, chắc chắn
confidential	a	,kɔnfi'denʃl	kín, bí mật
confidentiality	n		bí mật, cơ mật
confidentially	d		tin cẩn, bộc bạch
confidently	d		tự tin
confiding	a	kən'faidiɳ	cả tin
configuration	n	kən,figju'reiʃn	hình thể, hình dạng
confine	v	kən'fain	giam giữ, giam hãm
confined	a		giới hạn, hạn chế
confinement	n	kən'fainmənt	sự giam, sự giam hãm
confines	n		biên giới, ranh giới
confirm	v	kən'fə:m	xác nhận, chứng thực
confirmation	n	,kɔnfə'meiʃn	sự xác nhận, sự chứng thực
confirmed	a	kən'fə:md	ăn sâu, thâm căn cố đế
confiscate	v	'kɔnfiskeit	tịch thu, sung công
conflict	n	'kɔnflikt	sự xung đột, sự tranh giành
conflicting	a	kən'fliktiɳ	đối lập, mâu thuẫn
conform	v	kən'fɔ:m	làm cho hợp với, làm cho phù hợp với
conformity	n	kən'fɔ:miti	sự phù hợp, sự thích hợp
confound	v	kən'faund	làm thất bại, làm hỏng
confounded	a	kən'faundid	uột ết khuộng chết tiệt
confront	v	kən'frʌnt	mặt giáp mặt với, đối diện với
confrontation	n	,kɔnfrʌn'teiʃn	sự chạm trán, sự đương đầu
confrontational	n		xem confrontation
confuse	v	kən'fju:z	làm lộn xộn, làm lung tung
confused	n	kən'fju:zd	lẫn lộn, lộn xộn
confusing	a		khó hiểu, gây bối rối
confusion	n	kən'fju:ʤn	sự lộn xôn, sự hỗn độn
cong	n	kɔɳ	của congress
conga	n		nhạc đệm cho một điệu múa mà những người
congenial	a	kən'dʤi:njəl	cùng tính tình, cùng tính chất
congeniality	n	kən,dʤi:ni'æliti/ (congenialness) /kən'dʤi:njəlnis	sự hợp nhau, sự ăn ý nhau
congenital	a	kən'dʤenitl	bẩm sinh
congested	a	kən'dʤestid	đông nghịt, chật ních
congestion	n	kən'dʤestʃn	sự đông nghịt, sự tắt nghẽn
congestive	a	kən'dʤestiv	sung huyết
conglomerate	n	kən'glɔmərit	khối kết
congratulate	v	kən,grætjuleit	chúc mừng, khen ngợi
congratulation	n	kən,grætju'leiʃn	sự chúc mừng, sự khen ngợi
congregate	v	'kɔɳgrigeit	tập hợp, tụ hợp
congregation	n	,kɔɳgri'geiʃn	sự tập hợp, sự tụ tập
congress	n	'kɔɳgres	sự nhóm hợp, sự hội họp
congressional	a	kɔɳ'greʃənl	đại hội, hội nghị
congressman	n	'kɔɳgresmən	nghị sĩ
congresswoman	n	'kɔɳgres,wumən	nữ nghị sĩ
conjecture	n	kən'dʤektʃə	sự phỏng đoán, sự ước đoán
conjugal	a	'kɔndʤɔint	vợ chồng
conjunction	n	kən'dʤʌɳkʃn	sự liên kết, sự kết hợp
conjure	v	'kʌndʤə	làm trò ảo thuật
conjuring	n	'kʌndʤəriɳ	trò ảo thuật
conk	n	kɔɳk	mũi
conn	v	kɔn	điều khiễn, lái con)
connect	v	kə'nekt	nối, nối lại
connected	a	kə'nektid	mạch lạc
connecting	n		nối
connection	n	kə'nekʃn	sự liên quan, sự liên lạc
connector	n		đầu nối dây, đầu kẹp
conner	n		xem con
conning	a		chỉ huy
conniving	a		thâm hiểm, quỷ quyệt
connoisseur	n	,kɔni'sə:	người sành sỏi, người thành thạo
conquer	v	'kɔɳkə	đoạt, xâm chiếm
conquering	a	'kɔɳkəriɳ	xâm chiếm
conqueror	n		người đi xâm chiếm, người đi chinh phục
conquest	n	'kɔɳkwest	sự xâm chiếm, sự chinh phục
conquistador	n		người Tây Ban Nha đi xâm chiếm Trung và
conscience	n	'kɔnʃns	lương tâm
conscientious	a	,kɔnʃi'enʃəsnis	có lương tâm, tận tâm
conscious	a	'kɔnʃəs	biết rõ, thấy rõ
consciously	d	'kɔnʃəsli	có ý thức, cố ý
consciousness	n	'kɔnʃəsnis	sự hiểu biết
conscription	n	kən'skripʃn	chế độ cưỡng bách tòng quân, sự cưỡng bá
consecrate	n	'kɔnsikrit - 'kɔnsikreit	'kɔnsikreit/
consecutive	a	kən'sekjutiv	liên tục, liên tiếp
consensual	a	kən'sensjuəl	liên ứng
consensus	n	kən'sensəs	sự đồng lòng, sự đồng tâm
consent	n	kən'sent	sự đồng ý, sự ưng thuận
consequence	n	'kɔnsikwəns	hậu quả, kết quả
consequently	d	'kɔnsikwəntli	do đó, vì vậy cho nên
conservation	n	,kɔnsə:'veiʃn	sự giữ gìn, sự duy trì
conservative	a	kən'sə:vətiv	để giữ gìn, để duy trì
conservatory	n	kən'sə:vətri	nhà kính
conserve	n	kən'sə:v	mứt, mứt quả
consider	v	kən'sidə	cân nhắc, xem xét
considerable	a	kən'sidərəbl	đáng kể, to tát
considerably	d	kən'sidərəbli	đáng kể, lớn lao
considerate	a	kən'sidərit	ân cần, chu đáo
consideration	n	kən,sidə'reiʃn	sự cân nhắc, sự suy xét
considering	p	kən'sidəriɳ	vì rằng, thấy rằng
consignment	n	kən'siliənt	sự gửi, sự gửi hàng để bán
consist	v	kən'sist	gồm có
consistency	n	kən'sistənsi	consistence
consistent	a	kən'sistənt	đặc, chắc
consistently	d	kən'sistəntli	phù hợp với, thích hợp với
consolation	n	,kɔnsə'leiʃn	sự an ủi, sự giải khuây
console	v	kən'soul	an ủi, giải khuây
consolidate	v	kən'sɔlideit	làm chắc, củng cố
consort	n	'kɔnsɔ:t	chồng, vợ
consortium	n	kən'sɔ:tjəm	côngxoocxiom
conspicuous	a	kən'spikjuəs	dễ thấy, rõ ràng
conspiracy	n	kən'spirəsi	âm mưu
conspirator	n	kən'spirətə	người âm mưu
conspire	v	kən'spaiə	âm mưu, mưu hại
constable	n	'kʌnstəbl	cảnh sát, công an
constabulary	a	kən'stæbjuləri	cảnh sát, công an
constancy	n	'kɔnstənsi	sự bền lòng, tính kiên trì
constant	a	'kɔnstənt	bền lòng, kiên trì
constantly	n	'kɔnstəntli	; hằng số
constellation	n	,kɔnstə'leiʃn	chòm sao
constipated	a	'kɔnstipeitid	bị táo bón
constipation	n	,kɔnstə:'neiʃn	chứng táo bón
constituency	n	kən'stitjuənsi	các cử tri, những người đi bỏ phiếu
constituent	a	kən'stitjuənt	cấu tạo, hợp thành
constitute	v	'kɔnstitju:t	cấu tạo, tạo thành
constitution	n	,kɔnsti'tju:ʃn	hiến pháp
constitutional	a	,kɔnsti'tju:ʃənl	hiến pháp, theo hiến pháp
constrained	a	kən'streind	ngượng nghịu, bối rối
constraint	n	kən'streint	sự bắt ép, sự ép buộc
constrictor	n	kən'striktə	cơ co khít
construct	v	kən'strʌkt	làm xây dựng
construction	n	kən'strʌkʃn	sự xây dựng
constructive	a	kən'strʌktic	có tính cách xây dựng
consul	n	'kɔnsəl	lãnh sự
consulate	n	'kɔnsjulit	chức lãnh sự
consult	v	kən'sʌlt	hỏi ý kiến, thỉnh thị
consultant	n	kən'sʌltənt	người hỏi ý kiến
consultation	n	,kɔnsəl'teiʃn	sự hỏi ý kiến
consulting	a	kən'sʌltiɳ	cố vấn, để hỏi ý kiến
consume	v	kən'sju:m	thiêu, đốt
consumer	n	kən'sju:mə	người tiêu dùng, người tiêu thụ
consumerism	n		sự bảo vệ quyền lợi người tiêu dùng
consuming	a		ám ảnh, chi phối
consummate	a	kən'sʌmit	tài, giỏi
consummation	n	,kɔnsʌ'meiʃn	sự làm xong, sự hoàn thành
consumption	n	kən'sʌmpʃn	sự tiêu thụ, sự tiêu dùng
contact	n	kɔntækt	sự chạm, sự tiếp xúc
contagion	n	kən'teidʤən	sự lây & )
contagious	a	kən'teidʤəs	lây & )
contain	v	kən'tein	chứa đựng, bao hàm
container	n	kən'teinə	cái đựng, cái chứa
containment	n	kən'teinmənt	chính sách ngăn chận
contaminate	v	kən'tæmineit	làm bẩn, làm ô uế
contamination	n	kən,tæmi'neiʃn	sự làm bẩn, sự làm ô uế
conte	n		chuyện ngắn, chuyện kể
contemplate	v	'kɔntempleit	ngắm, thưởng ngoạn
contemplation	n	,kɔntem'pleiʃn	sự ngắm, sự thưởng ngoạn
contemporary	n	kən'tempərəri/ (co-temporary) /kən'tempərəri	temporary)
contempt	n	kən'tempt	sự coi khinh, sự coi thường
contemptible	a	kən'temptəblnis	đáng khinh, đê tiện
contemptuous	a	kən'temptjuəs	khinh thường, coi thường
contend	v	kən'tend	chiến đấu, đấu tranh
contender	n	kən'tendə	đối thủ, địch thủ
content	n	'kɔntent	nội dung
contented	a	kən'tentid	bằng lòng, vừa lòng
contention	n	kən'tenʃn	sự cãi nhau, sự tranh luận
contentious	a	kən'tenʃəs	hay cãi nhau, hay gây gỗ
contentment	n	kən'tentmənt	sự bằng lòng, sự vừa lòng
contents	n		nội dung, dung lượng
contest	n	kən'test	cuộc tranh luận, cuộc tranh cãi
contestant	n	kən'testənt	đấu thủ, đối thủ
context	n	'kɔntekst	văn cảnh, ngữ cảnh
continent	a	'kɔntinənt	tiết độ, điều độ
continental	a	,kɔnti'nentl	lục địa, đại lục
contingency	n	kən'tindʤənsi	sự ngẫu nhiên, sự tình cờ
contingent	a	kən'tindʤənt	ngẫu nhiên, tình cờ
continual	a	kən'tinjuəl	liên tục, liên miên
continually	d		liên tục, không ngớt
continuance	n	kən'tinjuəns	sự tiếp tục, sự tồn tại
continuation	n	kən,tinju'eiʃn	sự tiếp tục, sự làm tiếp
continue	v	kən'tinju:	tiếp tục, làm tiếp
continued	a		liên tục
continuity	n	,kɔnti'nju:iti	sự liên tục, sự liên tiếp
continuous	a	kən'tinjuəs	liên tục, liên tiếp
continuously	d	kən'tinjuəsli	liên tục, liên tiếp
continuum	n		số nhiều continua, continuums
contortionist	n	kən'tɔ:ʃnist	người làm trò uốn mình, người giỏi môn t
contour	n	'kɔntuə	đường viền, đường quanh
contra	p	'kɔntrə	đối với, chống với
contraband	n	'kɔntrəbænd	sự buôn lậu, sự lậu thuế
contraception	n	,kɔntrə'sepʃn	phương pháp tránh thụ thai, sự tránh thụ
contraceptive	a	,kɔntrə'septiv	để tránh thụ thai
contract	n	'kɔntrækt	hợp đồng, giao kèo
contracted	n		bị rút ngắn, bị co rút
contraction	n	kən'trækʃn	sự tiêm nhiễm, sự mắc
contractor	n	kən'træktə	thầu khoán, người đấu thầu
contractual	a	kən'træktjuəl	bằng hợp đồng, bằng giao kèo
contradict	v	,kɔntrə'dikt	mâu thuẫn với, trái với
contradiction	n	,kɔntrə'dikʃn	sự mâu thuẫn, sự trái ngược
contradictory	a	,kɔntrə'diktəri	mâu thuẫn, trái ngược
contraption	n	kən'træpʃn	máy kỳ cục
contrary	a	'kɔntrəri	trái ngược, nghịch
contrast	n	'kɔntræst	sự tương phản, sự trái ngược
contribute	v	kən'tribju:t	đóng góp, góp phần
contribution	n	,kɔntri'bju:ʃn	sự đóng góp, sự góp phần
contributor	n	kən'tribjutə	người đóng góp, người góp phần
contrite	a	'kɔntrait	ăn năn, hối hận
contrition	n	kən'triʃn	sự ăn năn, sự hối hận
contrived	a		trù tính, có sắp xếp trước
control	n	kən'troul	quyền hành, quyền lực
controlled	n		được điều chỉnh, được kiểm tra
controller	n	kən'troulə/ (comptroller) /kən'troulə	người kiểm tra, người kiểm soát
controversial	a	,kɔntrə'və:ʃəl	có thể gây ra tranh luận, có thể bàn cãi
controversy	n	'kɔntrəvə:si	sự tranh luận, sự tranh cãi
contusion	n	kən'tju:ʤn	sự làm giập, sự đụng giập
conundrum	n	kə'nʌndrəm	câu đố
convalescent	a	,kɔnvə'lesnt	đang lại sức, đang hồi phục
convene	v	kən'vi:n	triệu tập, họp
convenience	n	kən'vi:njəns	sự tiện lợi, sự thuận lợi
convenient	a	kən'vi:njənt	tiện lợi, thuận lợi
conveniently	d		tiện lợi, thuận tiện
convent	n	'kɔnvənt	nữ tu viện, nhà tu kín
convention	n	kən'venʃn	hội nghị, sự triệu tập
conventional	a	kən'venʃənl	quy ước
converge	v	kən'və:dʤ	hội tụ, đồng quy
convergence	n	kən'və:dʤəns	sự hội tụ
converging	a	kən'və:dʤiɳ	; hội tụ
conversation	n	,kɔnvə'seiʃn	sự nói chuyện, cuộc nói chuyện
conversational	a	,kɔnvə'seiʃənl	sự nói chuyện, sự chuyện trò
conversationalist	n	,kɔnvə'seiʃnəlist/ (conversationist) /,kɔnvə'seiʃənist	người có tài nói chuyện, người hay nói c
converse	v		nói chuyện, chuyện trò
conversely	d		ngược lại
conversion	n		đổi, chuyển hoán/đổi
convert	n	kən'və:t	người cải đạo, người thay đổi tín ngưỡng
converted	a	kən'və:tid	đã cải đạo, theo đạo
converter	n	kən'və:tə	lò chuyển
convertible	a	kən'və:təbl	có thể đổi, có thể cải
convey	v	kən'vei	chở, chuyên chở
conveyance	n	kən'veiəns	sự chở, sự chuyên chở
conveyor	n		băng truyền, máy truyền
convict	n	'kɔnvikt	người bị kết án tù, người tù
conviction	n	kən'vikʃn	sự kết án, sự kết tội
convince	v	kən'vins	làm cho tin, làm cho nghe theo
convinced	a	kən'vinst	tin chắc
convincing	a	kən,vinsiɳ	làm cho người ta tin, có sức thuyết phục
convincingly	d		thuyết phục, lôi cuốn
convoluted	a	'kɔnvəlu:t	quấn, xoắn
convoy	n	'kɔnvɔi	sự hộ tống, sự hộ vệ
coo	n	ku:	tiếng gù của bồ câu
cook	n	kuk	người nấu ăn, người làm bếp
cookbook	n		sách hướng dẫn, sách cẩm nang
cooker	n	'kukə	lò, bếp, nồi nấu
cookery	n	'kukəri	nghề nấu ăn
cookie	n	'kuki	bánh bao
cooking	n	'kukiɳ	sự nấu, cách nấu ăn
cookout	n		cuộc đi dạo ăn thức ăn ngoài trời
cool	a	ku:l	mát mẻ, mát
coolant	n	'ku:lənt	chất lỏng làm nguội
cooler	n	cooler	máy ướp lạnh, thùng lạnh
coolie	n	'ku:li	phu, cu li
coolly	d	'ku:li	mát nẻ
coolness	n	'ku:lnis	sự mát mẻ, sự lạnh
coon	n	ku:n	gấu trúc Mỹ
coop	n	ku:p	lồng gà, chuồng gà
cooper	n	'koupə	quán rượu nổi coper)
cooperation	n		sự hợp tác
cooperative	n		hợp tác
coordinate	n		tọa độ, điều hợp
coordinator	n		điều hợp viên
coot	n	ku:t	chim sâm cầm
cop	n	kɔp	suốt chỉ, con chỉ
copacetic	a		rất hài lòng
cope	n	koup	áo lễ
copier	n	'kɔpiə	người sao lục, người chép lại
coping	n	'koupiɳ	mái tường, đầu tường
copious	a	'koupiəs	phong phú, dồi dào
copper	n	'kɔpə	cảnh sát, mật thám
copter	n	'kɔptə	máy bay lên thẳng
copulate	v	'kɔpjuleit	giao cấu, giao hợp
copulation	n	,kɔpju'leiʃn	sự nối
copy	n	'kɔpi	bản sao, bản chép lại
copycat	n		người hay bắt chứơc
copying	n		sao lại, in lại
copyright	n	'kɔpirait	bản quyền, quyền tác giả
coral	n	'kɔrəl	san hô
cord	n	kɔ:d	dây thừng nhỏ
cordial	a	'kɔ:djəl	thân ái, thân mật
cordially	d	'kɔ:djəli	thân ái, thân mật
cordless	n		không dây, vô tuyến
cordon	n	'kɔ:dn	dãy đồn bốt, hàng rào cảnh sát
corduroy	n	'kɔ:dərɔi	nhung kẻ
core	n	kɔ:	lõi, hạch
coriander	n		cây rau mùi
cork	n	kɔ:k	li e, bần
corkscrew	n	'kɔ:kskru:	cái mở nút chai
corky	a	'kɔ:ki	như li e, như bần
corn	n	kɔ:n	chai
cornea	n	'kɔ:niə	màng sừng, giác mạc
corner	n	'kɔ:nə	góc
cornered	a	'kɔ:nəd	có góc
cornet	n	'kɔ:nit	kèn coonê
cornflakes	n		bánh bột ngô nướng
cornish	a		thuộc về xứ Cornwall
cornucopia	n	,kɔ:nju'koupjə	sừng dê kết hoa quả
corny	a	'kɔ:ni	có chai
corolla	n	kə'rɔlə	tràng hoa
corona	n	kə'rounə	tán mặt trăng, mặt trời)
coronal	n	'kɔrounl	vòng nhỏ
coronary	a	'kɔrənəri	hình vành
coronation	n	,kɔrə'neiʃn	lễ lên ngôi, lễ đăng quang
coroner	n	'kɔrənə	nhân viên điều tra những vụ chết bất thư
corporal	n	'kɔ:pərəl	khăn thánh
corporate	a	'kɔ:pərit	đoàn thể, hợp thành đoàn thể
corporation	n	,kɔ:pə'reiʃn	đoàn thể, liên đoàn
corps	n	kɔ:ps	quân đoàn
corpse	n	kɔ:ps	xác chết, thi hài
corpsman	n	'kɔ:mən	hộ lý quân y, dược tá quân y
corpus	n	'kɔ:pəs	tập sao lục, tập văn
corral	n	kɔ'rɑ:l	ràn, bãi quây sức vật
correct	a	kə'rekt	đúng, chính xác
corrected	n		đã sửa, đã hiệu đính
correcting	n		hiệu chỉnh, sửa
correction	n	kə'rekʃn	sự sửa, sự sửa chữa
correctional	a	kə'rekʃən	sửa chữa, hiệu chỉnh
corrective	a	kə'rektiv	để sửa chữa, để hiệu chỉnh
correctly	d		đúng cách thức, phù hợp
correctness	n	kə'rektnis	sự đúng đắn, sự chính xác
correlation	n	,kɔri'leiʃn	sự tương quan
correspond	v	,kɔris'pɔnd	xứng, tương ứng
correspondence	n	,kɔris'pɔndəns	sự xứng nhau, sự tương ứng
correspondent	n	,kɔris'pɔndənt	thông tín viên, phóng viên
corresponding	a	,kɔris'pɔndiɳ	tương ứng, đúng với
corridor	n	'kɔridɔ:	hành lang
corrie	n	'kɔri	thung lũng vòng
corroborate	v	kə'rɔbəreit	làm chứng, chứng thực
corroboration	n	kə,rɔbə'reiʃn	sự làm chứng, sự chứng thực
corrosion	n	kə'rouʤn	sự gặm mòn
corrosive	a	kə'rousiv	gặm mòn, phá huỷ dần
corrupt	a	kə'rʌpt	bị đút lót, bị mua chuộc
corruption	n	kə'rʌpʃn	sự hối lộ, sự tham nhũng
corsage	n	kɔ:'sɑ:ʤ	vạt thân trên
corset	n	'kɔ:sit	coocxê, áo nịt ngực
cortes	n	'kɔ:tes	nghị viện
cortex	n	'kɔ:teks	vỏ
cortical	a	'kɔ:tikəl	vỏ
cortisone	n		hormon chữa viêm và dị ứng
corvette	n	kɔ:'vet	tàu hộ tống nhỏ
cos	n	kɔs	rau diếp cốt Cos-lettuce)
cosmetic	n	kɔz'metik	thuốc xức, mỹ dung
cosmic	a	'kɔzmik	vũ trụ
cosmological	a	,kɔzmə'lɔdʤik/ (cosmological) /,kɔzmə'lɔdʤikəl	vũ trụ học
cosmology	n	kɔz'mɔlədʤi	vũ trụ học
cosmonaut	n	'kɔzmənɔ:t	nhà du hành vũ trụ
cosmopolitan	a	,kɔzmə'pɔlitən/ (cosmopolite) /kɔz'mɔpəlait	toàn thế giới, chủ nghĩa thế giới
cosmos	n	'kɔzmɔs	vũ trụ
cossack	n	'kɔsæk	người Cô-dắc
cost	n	kɔst	giá
costa	n		số nhiều costae
costing	n		định giá
costly	a	'kɔstli	đắt tiền, quý giá
costume	n	'kɔstju:m	quần áo, y phục
costumed	a		mặc y phục
cosy	a	'kouzi	ấm cúng, thoải mái dễ chịu
cot	n	kɔt	giường nhỏ, giường cũi
cotillion	n	kə'tiljən/ (cotillion) /kə'tiljən	điệu nhảy côticông
cotta	n		áo trắng ống tay ngắn hay không ống tay
cottage	n	'kɔtidʤ	nhà tranh
cotton	n	'kɔtn	bông
couch	n	kautʃ	trường kỷ, đi văng
cougar	n	'ku:gə	loài báo cuga, báo sư tử
cough	n	kɔf	chứng ho, sự ho
could	n	kæn	bình, bi đông
coulter	n	'koultə	dao cày
council	n	'kaunsl	hội đồng
councillor	n	'kaunsilə	hội viên hội đồng
councilman	n	'kaunslmən	hội viên hội đồng
counsel	n	'kaunsəl	sự hỏi ý kiến, sự bàn bạc
counselling	n		lời hướng dẫn
counsellor	n	'kaunslə	người khuyên bảo
counselor	n		như counsellor
count	n	kaunt	bá tước earl)
countdown	n		đếm ngược
countenance	n	'kauntinəns	sắc mặt, vẻ mặt
counter	n	'kauntə	quầy hàng, quầy thu tiền
counteract	v	,kauntə'rækt	chống lại, kháng cự lại
counterclockwise	n		ngược chiều kim đồng hồ
counterfeit	n	'kauntəfit	vật giả, vật giả mạo
counterfeiter	n	'kauntə,fitə	kẻ làm giả, kẻ làm giả mạo
countermeasure	n	'kauntə,meʤə	biện pháp đối phó, biện pháp trả đũa
counterpart	n	'kauntəpɑ:t	bản sao, bản đối chiếu
counterpoint	n	'kauntəpɔint	đối âm
countess	n	'kauntis	nữ bá tước
countless	a	'kauntlis	vô số, vô kể
country	n	'kʌntri	nước, quốc gia
countryman	n	'kʌntrimən	người nông thôn
countryside	n	'kʌntri'said	nông thôn, miền quê
county	n	'kaunti	hạt, tỉnh
coup	n	ku:	việc làm táo bạo, hành động phi thường
couple	n	'kʌpl	đôi, cặp
coupled	n		bị ghép
couplet	n	'kʌplit	cặp câu
coupling	n	'kʌpliɳ	sự nối, sự hợp lại
coupon	n	'ku:pɔn	vé, cuống vé; phiếu
courage	n	'kʌridʤ	sự can đảm, sự dũng cảm
courageous	a	kə'reidʤəs	can đảm, dũng cảm
courageously	d		can đảm, dũng cảm
courier	n	'kuriə	người đưa thư, người đưa tin tức
course	n	kɔ:s	tiến trình, dòng
coursing	n	'kɔ:siɳ	cuộc săn thỏ
court	n	kɔ:t	sân nhà
courteous	a	'kə:tjəs	lịch sự, nhã nhặn
courtesan	n	,kɔ:ti'zæn/ (courtezan) /,kɔ:ti'zæn	đĩ quý phái, đĩ hạng sang
courtesy	n	'kə:tisi	sự lịch sự, sự nhã nhặn
courtier	n	'kɔ:tjə	người dự buổi chầu, triều thần
courtship	n	'kɔ:tʃip	sự ve vãn, sự tán tỉnh
courtside	n		phần ở ngoài sân
courtyard	n	'kɔ:t'jɑ:d	sân nhỏ, sân trong
couscous	n		một món ăn vùng Bắc Phi
cousin	n	'kʌzn	anh, anh con bác
couture	n		thuộc ngữ
cove	n	kouv	vịnh nhỏ, vũng
coven	n		tổ chức của các mụ phù thủy
covenant	n	'kʌvinənt	hiệp ước, hiệp định
covent	n		tu viện
cover	n	'kʌvə	vỏ, vỏ bọc, cái bọc ngoài; bìa sách; pho
coverage	n	'kʌvəridʤ	vùng được gộp vào, số lượng được gôm ào
coveralls	n		bộ áo liền quần cho những người làm công
covered	a		có mái che
covering	n	'kʌvəriɳ	cái bao, cái bọc
covert	a	'kʌvət	che đậy, giấu giếm
covertly	d		ngầm, lén lút
covet	v	'kʌvit	thèm thuồng, thèm muốn
cow	n	kau	bò cái
coward	n	'kauəd	người nhát gan, người nhút nhát
cowardice	n	'kauədis	tính nhát gan, tính nhút nhát
cowardly	a	'kauədli	nhát gan, nhút nhát
cowboy	n		người chăn bò ở miền Tây nước Mỹ, cao bồ
cower	v	'kauə	ngồi co rúm lại, nằm co
cowgirl	n		cô gái chăn bò
cowl	n	kaul	mũ trùm đầu
coworker	n		bạn cùng làm việc với nhau, bạn đồng ngh
cox	v	kɔks	lái
coy	a	kɔi	bẽn lẽn, xấu hổ
coyote	n	'kɔiout	chó sói đồng cỏ
coz	n		xem cousin
cozy	a	'kouzi	ấm cúng, thoải mái dễ chịu
cp	n		so sánh
cps	n		vòng /giây
cpu	n		Đơn vị xử lý trung tâm
crab	n	kræb	quả táo dại crab apple), cây táo dại cra
crabby	a		cáu gắt, gắt gỏng
crack	a	kræk	cừ, xuất sắc
crackdown	n		sự trừng trị thẳng tay, biện pháp thẳng
cracked	a	krækt	rạn, nứt
cracker	n	'krækə	bánh quy giòn
cracking	n	'krækiɳ	crackinh
crackle	n	'krækl	tiếng tanh tách, tiếng răng rắc
crackling	n	'krækliɳ	crackle
crackpot	n		người có suy nghĩ lập dị
cradle	n	'kreidl	cái nôi
craft	n	krɑ:ft	nghề, nghề thủ công
craftsman	n	'krɑ:ftsmən	thợ thủ công
craftsmanship	n	'krɑ:ftsmənʃip	sự khéo léo, sự lành nghề
crafty	a	'krɑ:fti	lắm mánh khoé, láu cá
cram	n	kræm	sự nhồi sọ, sự luyện thi
cramp	n	kræmp	chứng ruột rút
cramped	a	kræmpt	khó đọc
cranberry	n	'krænbəri/ (fen-berry) /'fen,beri	berry)
crane	n	krein	con sếu
cranial	a	'kreinjəl	sọ
cranium	n	'kreinjəm	sọ
crank	n	kræɳk	lối chơi chữ, lối nói kỳ quặc
cranky	a	'kræɳki	tròng trành không vững, xộc xệch
cranny	n	kræni	vết nứt, vết nẻ
crap	n		phân, cứt
crapped	a	kreipt	mặc đồ nhiễu đen
crapper	n		nhà xí
crappy	a		dở, không hấp dẫn
craps	n	kræps	trò chơi súc sắc
crash	n	kræʃ	vải thô
crasher	n		xem crash
crass	a	kræs	đặc, dày đặc
crate	n	kreit	thùng thưa, sọt
crater	n	'kreitə	miệng núi lửa
cravat	n	krə'væt	cái ca vát
crave	v	kreiv	nài xin, khẩn cầu
craven	a	'kreivən	hèn nhát
craving	n	'kreiviɳ	sự thèm muốn, lòng khao khát
craw	n	krɔ:	diều
crawfish	n	'krɔ:fiʃ	crayfish
crawl	n	krɔ:l	ao nuôi cá
crawler	n	'krɔ:lə	loài bò sát
crayfish	n	'kreifiʃ/ (crawfish) /'krɔ:fiʃ	tôm
crayon	n	'kreiən	phấn vẽ màu, bút chì màu
craze	n	kreiz	tính ham mê, sự say mê
crazed	a		bị rạn nứt
crazily	d	'kreizili	say mê, say đắm
craziness	n	'kreizinis	sự quá say mê
crazy	a	'kreizi	quá say mê
creak	n	kri:k	tiếng cọt kẹt, tiếng cót két
creaky	a	'kri:ki	cọt kẹt, cót két
cream	n	kri:m	kem
creamer	n	'kri:mə/ (cream_separator) /'kri:m'sepəteitə	đĩa hạn kem
creamy	a	'kri:mi	có nhiều kem
crease	n	kri:s	nếp nhăn, nếp gấp
creasy	a	'kri:si	nhăn, nhàu
create	v	kri:'eit	tạo, tạo nên
creation	n	kri:'eiʃn	sự tạo thành, sự sáng tạo
creative	a	kri:'eitiv	sáng tạo
creatively	d		sáng tạo
creativity	n	kri:'eitivnis/ (creativity) /,kri:ei'tiviti	óc sáng tạo, tính sáng tạo
creator	n	kri:'eitə	người sáng tạo, người tạo nên
creature	n	'kri:tʃə	sinh vật, loài vật
credence	n	'kri:dəns	sự tin, lòng tin
credentials	n	kri'denʃəlz	giấy uỷ nhiệm, thư uỷ nhiệm
credibility	n	,kredi'biliti/ (credibleness) /'kredəblnis	sự tín nhiệm, sự đáng tin
credible	a	'kredəbl	đáng tin, tin được
credit	n	'kredit	sự tin, lòng tin
creditor	n	'kreditə	người chủ nợ, người cho vay
Creditors	n		Các chủ nợ.
credo	n		cương lĩnh
cree	n		số nhiều crees
creed	n	kri:p	tín điều
creek	n	kri:k	vùng, lạch
creel	n	kri:l	giỏ câu, giỏ đựng cá
creep	n	kri:p	sự ghê rợn, sự rùng mình
creeper	n	'kri:pə	loài vật bò
creeping	a		dần dần, từ từ
creepy	a	'kri:pi	rùng mình, sởn gáy
cremate	v	kri'meit	thiêu, hoả táng
cremation	n	kri'meiʃn	sự thiêu, sự hoả táng
crematorium	n	,kremə'tɔ:riəm	lò thiêu, nơi hoả táng
creole	n	'kri:oul	người Châu âu sống ở Châu mỹ creole whit
crepe	n		cũng crêpe
crept	n	kri:p	sự ghê rợn, sự rùng mình
crescendo	a	kri'ʃendou	mạnh dần
crescent	n	'kresnt	trăng lưỡi liềm
crest	n	krest	mào, bờm
cretaceous	a	kri'teiʃəs	có phấn trắng
cretin	n	'kretin	người mắc chứng độn
crevice	n	'krevis	đường nứt, kẽ hở
crew	n	kru:	toàn bộ thuỷ thủ trên tàu, toàn bộ người
crib	n	krib	giường cũi
crick	n	krik	tật vẹo cổ, tật ngay sống lưng
cricket	n		con dế
cricketer	n		người chơi crikê
cried	n	krai	tiếng kêu, tiêng la
crier	n	'kraiə	người kêu, anh mõ
crikey	n		interj
crime	n	kraim	tội ác
criminal	a	'kriminl	có tội, phạm tội
criminality	n	,krimi'næliti	sự phạm tội, sự có tội
criminology	n	,krimi'nɔlədʤi	khoa tội phạm, tội phạm học
crimp	n	krimp	sự dụ dỗ đi lính, người dụ dỗ đi làm tàu
crimson	a	'krimzn	đỏ thẫm, đỏ thắm
cringe	n	'krindʤ	sự khúm núm, sự khép nép
cripes	n		interj
cripple	n	'kripl	người què
crippling	n		sự méo mó
crips	n	krisps	khoai tây cắt mỏng ràn giòn
crises	n	'kraisis	sự khủng hoảng, cơn khủng hoảng
crisis	n	'kraisis	sự khủng hoảng, cơn khủng hoảng
crisp	a	krips	giòn
crispy	a	'krispi	quăn, xoăn
criteria	n	krai'tiəriən	tiêu chuẩn
criterion	n	krai'tiəriən	tiêu chuẩn
critic	n	'kritik	nhà phê bình
critical	a	'kritikəl	phê bình, phê phán
critically	d		chỉ trích, trách cứ
criticise	v	'kritisaiz/ (criticise) /'kritisaiz	phê bình, phê phán
criticism	n	'kritisizm	sự phê bình, sự phê phán
criticize	v	'kritisaiz/ (criticise) /'kritisaiz	phê bình, phê phán
critique	n	kri'ti:k	bài phê bình
croak	v	krouk	kêu ộp ộp, kêu qua qua
crochet	n	'krouʃei	sự đan bằng kim móc, sự thêu bằng kim mó
crock	n	krɔk	bình sành, lọ sành
crockery	n	'krɔkəri	bát đĩa bằng sành
crocodile	n	'krɔkədail	cá sấu Châu phi, cá sấu
croft	n	krɔft	mảnh đất nhỏ có rào
croissant	n		bánh sừng bò, bánh croaxăng
crone	n	krouni	bà già
crook	n	kruk	cái móc, cái gậy có móc
crooked	a	'krukid	cong, oằn
croon	n	kru:n	tiếng hát ngâm nga nho nhỏ, tiếng ngâm n
crooner	n	'kru:nə	người hát những bài hát tình cảm êm nhẹ
crop	n	krɔp	vụ, mùa; thu hoạch của một vụ
croquet	n	'kroukei	crôkê, bóng vồ
crore	n	krɔ:	mười triệu
cross	n	krɔs	cây thánh giá, dấu chữ thập
crossed	n		chéo
crossing	n	'krɔsiɳ	sự đi qua, sự vượt qua
crossover	n		xuyên chéo
crossroads	n		nơi hai đường gặp và cắt nhau
crosswalk	n		như pedestrian crossing
crossword	n		trò chơi ô chữ
crotch	n	krɔtʃ	chạc
crouch	n	kautʃ	sự né, sự núp
croup	n	kru:p/ (croupe) /kru:p	bệnh điptêri, thanh quản
croupier	n	'kru:piə	người hồ lì
crow	n	krou	con quạ
crowbar	n		cái xà beng, cái nạy nắp thùng
crowd	n	kraud	đám đông
crowded	a	'kraudid	đông đúc
crowder	n		xem crowd
crown	n	kraun	mũ miện, vua
crowning	a		hoàn thiện, chu toàn
crozier	n	'krouʤə/ (crozier) /'krouʤə	gậy phép
cru	n		vùng trồng nho
crucial	a	'kru:ʃjəl	quyết định, cốt yếu
crucially	d		quan trọng, chủ yếu
crucible	n	'kru:sibl	nồi nấu kim loại
crucifix	n	'kru:sifiks	hình thập ác
crucifixion	n	,kru:si'fikʃn	sự đóng đinh vào giá chữ thập
crucify	v	'kru:sifai	đóng đinh vào giá chữ thập
crud	n		đồ thừa cần tống khứ
crude	a	kru:d	nguyên, sống
crudely	d		sơ sài, qua loa
cruel	a	'kruili	độc ác, dữ tợn
cruelly	d	'kruili	độc ác, dữ tợn
cruelty	n	'kruəlti	sự hung ác, sự tàn ác
cruise	n	kru:z	cuộc đi chơi biển
cruiser	n	'kru:zə	tàu tuần tiễu, tàu tuần dương
cruising	a		đi tuần tra
crumb	n	krʌm	miếng, mẫu
crumble	v	'krʌmbl	vỡ vụn, đổ nát
crummy	a	'krʌmi	mập mạp, phốp pháp
crump	v		nổ ra
crumpet	n	'krʌmpit	bánh xốp
crumple	v	'krʌmpl	vò nhàu, vò nát
crunch	n	krʌntʃ	sự nhai gặm, sự nghiền
crunchy	a		cứng và giòn
crusade	n	kru:'seid	cuộc viễn chinh chữ thập
crusader	v	kru:'seidə	tham gia cuộc viễn chinh chữ thập
crush	n	krʌʃ	sự ép, sự vắt
crusher	n	'krʌʃə	máy nghiền, máy tán
crushing	a	'krʌʃiɳ	làm tan nát, làm liểng xiểng
crust	n	krʌst	vỏ bánh, cùi bánh
crustacean	a	krʌs'teiʃjən	loại giáp xác
crusty	a	crusty 'krʌsti	có vỏ cứng
crutch	n	krʌtʃ	cái nạng pair of crutches)
crux	n	krʌks	vấn đề nan giải, mối khó khăn
cry	n	krai	tiếng kêu, tiêng la
crying	a	'kraiiɳ	khóc lóc, kêu la
cryogenic	n		thuộc siêu hàn, cryôgênic
crypt	n	kript	hầm mộ
cryptic	a	'kriptik	bí mật, mật
crystal	n	'kristl	tinh thể
crystalline	a	'kristəlain	kết tinh
cub	n	kʌb	con thú con
cuban	a	'kju:bən	Cu-ba
cubby	n	'kʌbi	chỗ kín đáo, chỗ ấm cúng cubby hole)
cube	n	kju:b	hình lập phương, hình khối
cubic	a	'kju:bik	có hình khối, có hình lập phương
cubicle	n	'kju:bikl	phòng ngủ nhỏ
cuckold	n	'kʌkəld	anh chồng bị cắm sừng
cuckoo	n	'kuku:	chim cu cu
cucumber	n	'kju:kəmbə	cây dưa chuột
cuddle	n	'kʌdl	sự ôm ấp, sự âu yếm
cuddly	n		xem cuddle
cuddy	n		phòng con
cue	n	kju:	vĩ bạch
cuesta	n		ngọn đồi một bên thoai thoải một bên dốc
cuff	n	kʌf	cổ tay áo, cổ tay áo giả
cuisine	n	kwi':zi:n	cách nấu nướng
culinary	a	'kʌlinəri	nấu nướng, việc bếp núc
cull	v	kʌl	lựa chọn, chọn lọc
cully	n	'kʌli	anh chàng ngốc
culmination	n	,kʌlmi'neiʃn	điểm cao nhất, cực điểm
culpa	n		tội lỗi, sai lầm
culpability	n	,kʌlpə'biliti/ (culpableness) /'kʌlpəblnis	sự có tội
culpable	a	'kʌlpəbl	đáng khiển trách, có tội
culprit	n	'kʌlprit	kẻ có tội, thủ phạm
cult	n	kʌlt	sự thờ cúng, sự cúng bái
cultivate	v	'kʌltiveit	cày cấy, trồng trọt
cultivated	a	'kʌltiveitid	có trồng trọt, có cày cấy
cultivation	n	,kʌlti'veiʃn	sự cày cấy, sự trồng trọt
cultural	a	'kʌltʃərəl	văn hoá
culturally	d		về phương diện văn hoá
culture	n	'kʌltʃə	sự mở mang, sự tu dưỡng
cultured	a	'kʌltʃə	có học thức
culver	n	'kʌlvə	bồ câu rừng lông xám
cum	p	kʌm	với, kể cả
cumbersome	a	'kʌmbəsəm/ (cumbrous) /'kʌmbrəs	ngổn ngang, cồng kềnh
cumin	n	'kʌmin/ (cummin) /'kʌmin	cây thìa là Ai-cập
cumulative	a	'kju:mjulətiv	luỹ tích, dồn lại
cunning	n	'kʌniɳ	sự xảo quyệt, sự xảo trá
cunt	n		bộ phận sinh dục của giống cái
cup	n	kʌp	tách, chén
cupboard	n	'kʌpbəd	tủ , tủ búp phê
cupcake	n		bánh nướng nhỏ
cupid	n	'kju:pid	thần ái tình
cuppa	n	'kupə	chén trà
cur	n	kə:	con chó toi, con chó cà tàng
curable	a	'kjuərəbl	chữa được, chữa khỏi được
curare	n	kju'rɑ:ri/ (woorali) /wu:'rɑ:li/ (woorara) /wu:'rɑ:rə	nhựa độc cura
curate	n	'kjuərit	cha phó
curator	n	kjuə'reitə	người phụ trách
curb	n	kə:b	dây cằm
curd	n	kə:d	sữa đông
cure	n	kjuə	cách chữa bệnh, cách điều trị
curfew	n	'kə:fju:	lệnh giới nghiêm, sự giới nghiêm
curia	n		số nhiều curiae
curie	n		curi
curiosity	n	,kjuəri'ɔsiti	sự ham biết, tính ham biết
curious	a	'kjuəriəs	ham biết, muốn tìm biết
curiously	d		tò mò, hiếu kỳ
curl	n	kə:l	món tóc quăn
curling	n	'kə:liɳ	môn đánh bi đá trên tuyết
curly	a	'kə:li	quăn, xoắn
currency	n	'kʌrənsi	sự lưu hành, thời gian lưu hành nói về t
current	n	'kʌrənt	dòng, luồng
currently	d		hiện thời, hiện nay
curriculum	n	kə'rikjuləm	chương trình giảng dạy
curry	n	'kʌri	bột ca ri
curse	n	kə:s	sự nguyền rủa, sự chửi rủa
cursed	a	'kə:sid/ (curst) /kə:st	đáng ghét, ghê tởm
cursory	a	'kə:səri	vội, nhanh
curt	a	kə:t	cộc lốc, cụt ngủn
curtain	n	'kə:tn	màn cửa
curtsy	n	'kə:tsi/ (curtsey) /'kə:tsi	sự khẽ nhún đầu gối cúi chào
curvature	n	'kə:vətʃə	sự uốn cong, sự bị uốn cong
curve	n	kə:v	đường cong, đường vòng
curved	a	kə:vd	cong
curvy	a		cong
cushion	n	'kuʃn	cái đệm, cái nệm
cushy	a	'kuʃi	dễ chịu, êm ái
cusp	n	kʌsp	đỉnh, chỏm
cuss	n	kʌs	lời nguyền rủa, lời chửi rủa
custard	n	'kʌstəd	món sữa trứng
custodial	a		thuộc về án phạt giam
custodian	n	kʌs'toudjən	người trông coi, người chăm sóc
custody	n	'kʌstədi	sự coi sóc, sự chăm sóc
custom	n	'kʌstəm	phong tục, tục lệ
customary	a	'kʌstəməri	thông thường, theo lệ thường
customer	n	'kʌstəmə	khách hàng
customs	n		thuế đánh vào hàng nhập từ nước ngoài và
cut	n	kʌt	sự cắt, sự đốn
cute	a	kju:t	lanh lợi, sắc sảo
cuteness	n		sự ranh ma, sự láu lỉnh
cutie	n	'kju:ti	cô ả xinh xắn, cô em duyên dáng
cutlass	n	'kʌtləs	thanh đoản kiếm
cutler	n	'kʌtlə	người làm dao kéo, người sửa chữa dao ké
cutlery	n	'kʌtləri	nghề làm dao kéo, nghề bán dao kéo
cutlet	n	'kʌtlit	món côtlet
cutter	n	'kʌtə	người cắt, vật để cắt
cutthroat	n	'kʌtθrout	kẻ giết người
cutting	n	'kʌtiɳ	sự cắt, sự thái
cutty	a	'kʌti	cộc, cụt
cv	n		lý lịch
cyanide	n	'saiənaid	xyanua
cybernetic	n		thuộc điều khiển học, xaibơnêtic
cyberspace	n		không gian tự khiển, không gian xaibơ
cyborg	n		nhân vật trong tiểu thuyết viễn tưởng có
cycle	n	'saikl	chu ký, chu trình
cycling	n	'saikliɳ	sự đi xe đạp
cyclist	n	'saiklist	người đi xe đạp
cyclone	n	'saikloun	khi xoáy thuận, khi xoáy tụ
cyclops	n	'saiklɔps	người khổng lồ một mắt
cygnus	n		thiên nga
cylinder	n	'silində	trụ, hình trụ
cylindrical	a	si'lindrikəl	hình trụ
cymbal	n	'simbəl	cái chũm choẹ
cynic	n	'sinik	nhà khuyến nho
cynical	n	'sinik	nhà khuyến nho
cynicism	n	'sinisizm	cynicsm thuyết khuyến nho
cynthia	n		chị Hằng
cypher	n		số không, chữ số
cypress	n	'saipris	cây bách
cyst	n	sist	túi bao, nang
cystic	a	'sistik	túi bao, nang
czar	n	zɑ:	vua Nga, Nga hoàng
czech	a	tʃek/ (Czekh) /tʃek	Séc
czechoslovak	a	'tʃekou'slouvæk	Tiệp khắc
d	n	di:	Đ, đ 2 500
da	n	dɑ:	dad
dab	v	dæb	đánh nhẹ, vỗ nhẹ
dabble	v	'dæbl	vẩy, rảy
dabbling	n		sự quan tâm hời hợt
dacha	n		nhà ở nông thôn nước Nga
dachshund	n	'dækshund	chó chồn
dacoit	n	də'kɔit	giặc, cướp có vũ trang
dad	n	dæd/ (daddy) /'dædi	ba, cha, bố, thầy
daddy	n	dæd/ (daddy) /'dædi	ba, cha, bố, thầy
dado	n	'deidou	phần chân tường
daemon	n	'di:mən/ (daemon) /'di:mən	ma quỷ, yêu ma
daffodil	n	'dæfədil/ (daffodilly) /'dæfədili/ (daffadowndilly) /'dæfədaun'dili	cây thuỷ tiên hoa vàng
daffy	a	'dɑ:fi	gàn, cám hấp
daft	a	dɑ:ft	ngớ ngẩn, mất trí
dag	n		đoản kiếm, đoản dao
dagger	n	'dægə	dao găm
dago	n	'deigou	agô
dahlia	n	'deiljə	cây thược dược
daily	a	'deili	hằng ngày
daimon	n		xem demon
daimyo	n		đại danh
dainty	a	'deinti	ngon, chọn lọc
daiquiri	n		hỗn hợp rượu rom, nước chanh và đường ướ
dairy	n	'deəri	nơi trữ và sản xuất bơ sữa
dais	n	'deiis	bệ, đài, bục
daisy	n	'deizi	cây cúc
dale	n	deil	thung lũng
dalliance	n	'dæliəns	sự yêu đương lăng nhăng, sự ve vãn
dally	v	'dæli	ve vãm, chim chuột
dalmatian	n		chó có lông trắng đốm đen
dam	n	dæm	vật mẹ
damage	n	'dæmidʤ	mối hại, điều hại
damaging	a	'dæmidʤiɳ	hại, có hại
dame	n	deim	phu nhân
dammit	n		interj
damn	n	dæm	lời nguyền rủa, lời chửi rủa
damnable	a	'dæmnəbl	đáng trách
damnation	n	dæm'neiʃn	sự chê trách nghiêm khắc, sự chỉ trích
damned	a	dæmd	bị đày địa ngục, bị đoạ đày
damnedest	n		thành ngữ
damning	n	'dæmiɳ	sự chê trách, sự chỉ trích
damp	n	'dæmp	sự ẩm ướt, không khí ẩm thấp
dampen	v	'dæmpən	làm nản chí, làm nản lòng
damper	n	'dæmpə	người làm ngã lòng, việc làm chán nản
damsel	n	'dæmzəl	cô gái, thiếu nữ
dance	n	dɑ:ns	sự nhảy múa, sự khiêu vũ
dancer	n	'dɑ:nsə	người nhảy múa, diễn viên múa
dancing	n	'dɑ:nsiɳ	sự nhảy múa, sự khiêu vũ
dandelion	n	'dændilaiən	cây bồ công anh Trung quốc
dander	n	'dændə	sự giận dữ, sự phẫn nộ
dandruff	n	'dændrəf	gàu
dandy	n	'dændi	cái cáng
dane	n	dein	người Đan-mạch
dang	v		dang it! quỷ tha ma bắt nó đi!
danger	n	'deindʤə	sự nguy hiểm, mối hiểm nghèo
dangerous	a	'deindʤrəs	nguy hiểm, hiểm nghèo
dangerously	d	'deindʤəsli	nguy hiểm, hiểm nghèo
dangle	v	'dæɳgl	lúc lắc, đu đưa
dangling	a		đu đưa, lủng lẳng
daniel	n		một tiên tri trong kinh thánh
danish	a	'deiniʃ	Đan-mạch
dank	a	dæɳk	ẩm ướt, ướt át
daphne	n	'dæfni	cây thuỵ hương
dapper	a	'dæpə	bánh bao, sang trọng
dare	n	deə	sự dám làm
daredevil	n		người sáng tạo, người cả gan
daresay	n		v, cũng dare say
daring	n	'deəriɳ	sự táo bạo, sự cả gan
darjeeling	n		loại chè dac-gi-linh ở ấn Độ
dark	a	dɑ:k	tối, tối tăm
darken	v	'dɑ:kən	làm tối, làm u ám
darkly	d	'dɑ:kli	tối tăm, tối mò
darkness	n	'dɑ:knis	bóng tối, cảnh tối tăm
darkroom	n		buồng tối
darling	n	'dɑ:liɳ	người thân yêu, người rất được yêu mến
darn	n	dɑ:n	sự mạng
darned	a		bị nguyền rủa
dart	n	dɑ:t	mũi tên phóng, phi tiêu
darting	a		nhanh như tên bắn
darwinian	a	dɑ:'winiən	học thuyết Đắc-uyn
darwinism	n	'dɑ:winizm	học thuyết Đắc-uyn
dash	n	dæʃ	sự va chạm, sự đụng mạnh
dashboard	n	'dæʃbɔ:d	cái chắn bùn
dasher	n	'dæʃə	người ăn diện, người chịu diện
dashing	a	'dæʃiɳ	rất nhanh, vùn vụt
dastardly	a	'dæstədli	hèn nhát
data	n	'deitə	số nhiều của datum
database	n		kho dữ liệu, cơ sở dữ liệu [TN]
date	n	deit	quả chà là
dated	a	'deitid	đề nghị
daughter	n	'dɔ:tə	con gái
daunting	a		làm thoái chí, làm nản chí
dauntless	a	'dɔ:ntlis	không sợ, dũng cảm
dauphin	n		hoàng thái tử
davenport	n	'dævnpɔ:t	bàn viết mặt nghiêng
david	n		chỉ tên của người đàn ông
davy	n	'deivi	to take one's davy that... thề rằng
dawdle	v	'dɔ:dl	lãng phí
dawn	n	dɔ:n	bình minh, rạng đông
dawning	n	'dɔ:niɳ	bình minh, rạng đông
day	n	dei	ban ngày
daybreak	n	'deibreik	lúc tảng sáng, lúc rạng đông
daydream	n		sự mơ mộng, mộng tưởng hão huyền
daylight	n	'deilait	ánh nắng ban ngày, sự công khai
daytime	n		thời gian giữa lúc mặt trời mọc và mặt t
daze	n	deiz	mica
dazzle	n	'dæzl	sự loá mắt, sự chói mắt
dazzling	a	'dæzliɳ	sáng chói, chói lọi
dc	n		nhắc lại từ đầu
dd	n		Tiến sự thần học
ddd	n		thuốc DDD trừ sâu
ddt	n		thuốc diệt côn trùng, thuốc DDT dichloro
deacon	n	'di:kən	người trợ tế
deactivate	v		làm không hoạt động, làm mất phản ứng
dead	a	ded	chết
deadline	n		đường giới hạn không được vượt qua
deadlock	n	'dedlɔk	sự đình hẳn lại, sự đình trệ hoàn toàn
deadly	a	'dedli	làm chết người, trí mạng
deadwood	n		người vô dụng
deaf	a	def	điếc
deafening	a	'defniɳ	làm điếc, làm inh tai
deafness	n	'defnis	tật điếc
deal	n	di:l	gỗ tùng, gỗ thông
dealer	n	'di:lə	người buôn bán
dealing	n	'di:liɳ	sự chia, sự phân phát
dealt	n	di:l	gỗ tùng, gỗ thông
dean	n	di:n	chủ nhiệm khoa
dear	a	diə	thân, thân yêu
dearborn	n		xe ngựa nhẹ bốn bánh
dearie	n	'diəri/ (dearie) /'diəri	người thân yêu, người yêu quý dùng để gọ
dearly	a	diə	thân, thân yêu
dearth	n	də:θ	sự thiếu, sự khan hiếm
deary	n	'diəri/ (dearie) /'diəri	người thân yêu, người yêu quý dùng để gọ
death	n	deθ	sự chết, cái chết
deathbed	n	'deθbed	giường người chết
deathly	a	'deθli	làm chết người
deb	n	deb	của debutance
debacle	n		việc băng tan trên sông
debatable	a	di'beitəbl	có thể tranh luận, có thể thảo luận
debate	n	di'beit	cuộc tranh luận, cuộc thảo luận
debauched	a		trác táng, trụy lạc
debauchery	n	di'bɔ:tʃəri	sự trác tráng, sự truỵ lạc
debilitating	a	di'biliteitiɳ	làm yếu sức, làm suy nhược
debit	n	'debit	sự ghi nợ
debonair	a	,debə'neə	vui vẻ, vui tính
debrief	v		phỏng vấn, thẩm vấn
debris	n	'debri:	mảnh vỡ, mảnh vụn
debt	n	det	nợ
debtor	n	'detə	người mắc nợ, con nợ
debut	n		lần trình diễn đầu tiên
debutante	n		cô gái mới bước vào đời, mới ra trình di
dec	n		tháng mười hai
decade	n	'dekeid	bộ mười, nhóm mười
decadence	n	'dekədəns/ (decadency) /'dekədənsi	sự suy đồi, sự sa sút
decadent	a	'dekədənt	suy đồi, sa sút
decanter	n	di'kæntə	bình thon cổ
decapitate	v	di,kæpiteit	chém đầu, chặt đầu
decapitated	a		rụng đầu, hủy đầu
decapitation	n	di,kæpi'teiʃn	sự chém đầu, sự chặt đầu
decathlon	n	di'kæθlɔn	cuộc thi mười môn
decay	n	di'kei	tình trạng suy tàn, tình trạng suy sụp
deceased	a	di'si:st	đã chết, đã mất
decedent	n	di'si:dənt	người đã chết
deceit	n	di'si:t	sự lừa dối, sự đánh lừa
deceitful	a		dối trá, lừa dối
deceive	v	di'si:v	lừa dối, đánh lừa
deceiver	n	di'si:və	kẻ lừa dối, kẻ lừa gạt
december	n	di'sembə	tháng mười hai, tháng chạp
decency	n	'di:snsi	sự thích hợp với khuôn phép lễ nghi
decent	a	'di:snt	hợp với khuôn phép
decently	d	'di:sntli	đứng đắn, đoan trang
deception	n	di'sepʃn	sự dối trá, sự lừa dối
deceptive	a	di'septiv	dối trá, lừa dối
decide	v	di'said	giải quyết, phân xử
decided	a	di'saidid	đã được giải quyết, đã được phân xử
decidedly	d	di'saididli	kiên quyết, dứt khoát
deciding	d		có tác dụng quyết định
decimal	a	'desiməl	thập phân
decimate	v	'desimeit	làm mất đi một phần mười
decipher	n	di'saifə	sự giải, sự đọc
deciphering	n	di'saifəriɳ	sự giải, sự giải đoán
decision	n	di'siʤn	sự giải quyết, sự phân xử
decisive	a	di'saisiv	quyết định
decisively	d		kiên định, dứt khoát
deck	n	dek	boong tàu, sàn tàu
decker	n		người trang sức, vật trang sức
declaration	n	,deklə'reiʃn	sự tuyên bố, lời tuyên bố
declare	v	di'kleə	tuyên bố
declared	a	di'kleəd	công khai, công nhiên
decline	n	di'klain	sự sụt, sự suy tàn
declining	a	di'klainiɳ	xuống dốc, tàn tạ
decode	v	'di:'koud	đọc, giải
decoded	n		đã đọc được mật mã, được giải mã
decoder	n		bộ giải mã, người giải mã
decompose	v	,di:kəm'pouz	phân tích, phân ly
decomposed	a		phân hủy, tách rời
decomposition	n	,di:kɔmpə'ziʃn	sự phân tích, sự phân ly
decompress	v	,di:kəm'pres	bớt sức ép, giảm sức ép
decompression	n	,di:kəm'preʃn	sự bớt sức ép, sự giảm sức ép
decontamination	n		sự khử độc, sự khử nhiễm
decorate	v	'dekəreit	trang hoàng, trang trí
decoration	n	,dekə'reiʃn	sự trang hoàng
decorative	a	'dekərətiv	để trang hoàng
decorator	n	'dekəreitə	người trang trí, người làm nghề trang tr
decorum	n	di'dɔ:rəm	sự đúng mực, sự đoan trang
decoy	n	di'kɔi	hồ chăng lưới bẫy
decrease	n	'di:kri:s	sự giảm đi, sự giảm sút
decree	v	di'kri:	ra sắc lệnh, ra chiếu chỉ
decrepit	a	di'krepit	già yếu, hom hem
decrypt	v		giải mã
decryption	n		giải mã, mở khóa
dedicate	v	'dedikeit	cống hiến, hiến dâng
dedicated	a		tận tụy, tận tâm
dedication	n	,dedi'keiʃn	sự cống hiến, sự hiến dâng
deduce	v	di'dju:s	suy ra, luận ra
deduct	v	di'dʌkt	lấy đi, khấu đi
deductible	a		có thể trừ đi, có thể khấu trừ
deduction	n	di'dʌkʃn	sự lấy đi, sự khấu đi
deductive	a	di'dʌktiv	suy diễn
dee	n	di:	chữ D
deed	n	di:d	việc làm, hành động
deem	v	di:m	tưởng rằng, nghĩ rằng
deep	a	di:p	sâu
deepen	v	'di:pən	làm sâu hơn, đào sâu thêm
deeply	d	'di:pli	sâu
deer	n	diə	hươu, nai
defamation	n	,defə'meiʃn	lời nói xấu, lời phỉ báng
defame	v	di'feim	nói xấu, phỉ báng
default	n	di'fɔ:lt	sự thiếu, sự không có
defeat	n	di'fi:t	sự thất bại, sự tiêu tan
defeatist	n	di'fi:tist	người theo chủ nghĩa thất bại
defecate	v	'defikeit	gạn, lọc
defect	n	di'fekt	thiếu sót, sai sót
defection	n	di'fekʃn	sự đào ngũ, sự bỏ đi theo địch
defective	a	di'fektiv	có thiếu sót, có nhược điểm
defector	n	di'fektə	kẻ đào ngũ, kẻ bỏ đi theo địch
defence	n	di'fens	cái để bảo vệ, vật để chống đỡ
defenceless	a	di'fenslis	không được bảo vệ, không được phòng thủ
defend	v	di'fend	che chở, bảo vệ
defendant	n	di'fendənt	người bị kiện, người bị cáo
defender	n	di'fendə	người che chở, người bảo vệ
defense	n	di'fens	defence
defenseless	n		xem defense
defensive	a	di'fensiv	có tính chất bảo vệ, có tính chất phòng
defer	v	di'fə:	hoãn, trì hoãn
deference	n	'defərəns	sự chiều ý, sự chiều theo
deferred	a		bị hoãn lại
defiance	n	di'faiəns	sự thách thức
defiant	a	di'faiənt	có vẻ thách thức
defibrillator	n		máy khử rung tim
deficiency	n	di'fiʃənsi	sự thiếu hụt, sự không đầy đủ
deficient	a	di'fiʃənt	thiếu, thiếu hụt
deficit	n	'defisit	số tiền thiếu hụt
defile	n	'di:fail	hẽm núi
define	v	di'fain	định nghĩa
defining	a		hạn chế nội dung của từ hay ngữ
definite	a	'definit	xác đinh, định rõ
definitely	d		rạch ròi, dứt khoát
definition	n	,defi'niʃn	sự định nghĩa, lời định nghĩa
definitive	a	di'finitiv	cuối cùng, dứt khoát
definitively	d		rạch ròi, dứt khoát
deflate	v	di'fleit	tháo hơi, xả hơi
deflect	v	di'flekt	làm lệch, làm chệch hướng
deflection	n	di'flekʃn/ (deflexion) /di'flekʃn	sự lệch, sự chệch hướng
deflector	n	di'flektə	bộ làm lệch, cái làm lệch
deformed	a		bị biến dạng, bị méo mó
deformity	v	di'fɔ:miti	tình trạng méo mó, tình trạng biến dạng
defraud	v	di'frɔ:d	ăn gian, lừa gạt
defrost	v		làm tan băng, làm tan sương giá
deft	a	deft	khéo léo, khéo tay
defunct	a	di'fʌɳkt	chết, mất
defuse	v		tháo ngòi nổ
defy	v	di'fai	thách, thách thức
degas	v	di'gæs	khử khí, khử hơi độc
degenerate	a	di'dʤenərit	thoái hoá, suy đồi
degeneration	n	di,dʤenə'reiʃn	sự thoái hoá, sự suy đồi
degenerative	a		suy thoái
degradation	n	,degrə'deiʃn	sự giáng chức, sự hạ tầng công tác
degrade	v	di'greid	giáng chức, hạ tầng công tác
degrading	a	di'greidiɳ	làm giảm giá trị, làm đê hèn
degree	n	di'gri:	mức độ, trình độ
dehydration	n	,di:hai'dreiʃn	sự loại nước
deign	v	dein	rủ lòng, đoái đến
deity	n	'di:iti	tính thần
dejected	a	di'dʤektid	buồn nản, chán nản
del	n		nabla, toán tử nabla
delay	n	di'lei	sự chậm trễ, sự trì hoãn
delayed	n		bị chậm
delectable	a	di'lektəbl	ngon lành, thú vị
delegate	n	'deligit	người đại biểu, người đại diện
delegation	n	,deli'geiʃn	phái đoàn, đoàn đại biểu
delete	v	di'li:t	gạch đi, xoá đi
deleted	n		bị bỏ đi
deleting	n		xóa
deli	n		cửa hàng bán thức ăn ngon
deliberate	a	di'libərit	có suy nghĩ cân nhắc, thận trọng
deliberately	n		xem deliberate
deliberation	n	di,libə'reiʃn	sự suy nghĩ cân nhắc kỹ, sự suy tính thi
delicacy	n	'delikəsi	sự duyên dáng, sự thanh nhã
delicate	a	'delikit	thanh nhã, thanh tú
delicately	d		công phu, tinh vi
delicatessen	n	,delikə'tesn	món ăn ngon
delicious	a	di'liʃəs	thơm tho, ngon ngọt
deliciously	d		tuyệt vời, tuyệt diệu
delight	n	di'lait	sự vui thích, sự vui sướng
delighted	a		vui mừng, hài lòng
delightful	a	di'laitful	thích thú, thú vị
delightfully	d		thú vị, hấp dẫn
delilah	n		người đàn bà hấp dẫn và phản bội )
delinquency	n	di'liɳkwənsi	tội, tội lỗi
delinquent	a	di'liɳkwənt	có tội, phạm tội
delirious	a	di'liriəs	mê sảng, hôn mê
delirium	n	di'liriəm	tình trang mê sảng, cơn mê sảng
deliver	v	di'livə	cứu, cứu khỏi
deliverance	n	di'livərəns	sự cứu nguy, sự giải thoát
delivery	n	di'livəri	sự phân phát, sự phân phối
dell	n	del	thung lũng nhỏ
delphi	n		Một mạng máy tính trực tuyến dịch vụ tổn
delta	n	'deltə	Đenta
delude	v	di'lu:d	đánh lừa, lừa dối
deluge	n	'delju:dʤ	trận lụt lớn, đại hồng thuỷ
delusion	n	di'lu:ʤn	sự đánh lừa, sự lừa dối
delusional	n		xem delusion
deluxe	a		[thuộc loại] chất lượng cao, [thuộc loại
delve	n	delv	chỗ trũng, chỗ lõm sâu xuống
dem	n		đảng viên đảng dân chủ
demand	n	di'mɑ:nd	sự đòi hỏi, sự yêu cầu
demanding	a		đòi hỏi khắt khe
demean	v	di'mi:n	hạ mình
demeaning	a		làm mất phẩm giá, làm mất giá trị
demeanor	n		cách xử xự, thái độ
demeanour	n	di'mi:nə	cách xử sự, cách ăn ở
demented	a	di'mentid	điên, điên cuồng
dementia	n	di'menʃiə	chứng mất trí
demi	n		tiền tố có nghĩa là
demise	n	di'maiz	sự cho thuê, sự cho mướn
demo	n		cuộc biểu tình
democracy	n	di'mɔkrəsi	nền dân chủ, chế độ dân chủ
democrat	n	'deməkræt	người theo chế độ dân chủ
democratic	a	,demə'krætik	dân chủ
demographic	a	,di:mə'græfik	nhân khẩu học
demographics	a		nhân khẩu học
demolish	v	di'mɔliʃ	phá huỷ, đánh đổ
demolition	n	di'mɔliʃmənt/ (demolition) /,demə'liʃn	sự phá huỷ, sự đánh đổ
demon	n	'di:mən/ (daemon) /'di:mən	ma quỷ, yêu ma
demonic	a	di:'mɔnik/ (daemonic) /di:'mɔnik	demoniac
demonstrate	v	'demənstreit	chứng minh, giải thích
demonstration	n	,deməns'treiʃn	sự thể hiện, sự biểu hiện
demos	n	'di:mɔs	những người bình dân, dân chúng
demotion	n	di'mouʃn	sự giáng cấp, sự giáng chức
demure	a	di'mjuə	nghiêm trang, từ tốn
den	n	den	hang, sào huyệt
dengue	n	'deɳgi/ (dandy_fever) /'dændi,fi:və	bệnh đăngngơ
deniability	n		xem deniable
denial	n	di'naiəl	sự từ chối, sự khước từ
denim	n	'denim	vải bông chéo
denomination	n	di,nɔmi'neiʃn	sự cho tên là, sự đặt tên là
denominator	n	di'nɔmineitə	mẫu số, mẫu thức
denote	v	di'nout	biểu hiện, biểu thị
denounce	v	di'nauns	tố cáo, tố giác
dens	n		răng
dense	n	dens	dày đặc, chặt
densely	d		dày đặc, rậm rạp
density	n	'densiti	tính dày đặc
dent	n	dent	hình rập nổi, vết lõm
dental	n	'dentl	răng
dentist	n	'dentist	thầy thuốc chữa răng
dentistry	n	'dentistri	nghề chữa răng, khoa răng
deny	v	di'nai	từ chối, phản đối
deodorant	n	di:'oudərənt/ (deodorizer) /di:'oudəraizə	chất khử mùi
depart	v	di'pɑ:t	rời khỏi, ra đi
departed	a	di'pɑ:tid	đã qua, dĩ vãng
department	n	di'pɑ:tmənt	cục, sở
departmental	a	,dipɑ:t'mentl	thuộc cục, thuộc sở
departure	n	di'pɑ:tʃə	sự rời khỏi, sự ra đi
depend	v	di'pend	phụ thuộc, tuỳ thuộc
dependable	a	di'pendəbl	có thể tin được, đáng tin cậy
dependant	n	di'pendənt	người phụ thuộc, người tuỳ thuộc
dependence	n	di'pendəns	sự phụ thuộc, sự tuỳ thuộc
dependency	n	di'pendənsi	vật phụ thuộc, phần phụ thuộc
dependent	n	di'pendənt	người phụ thuộc, người tuỳ thuộc
depict	v	di'pikt	vẽ
depiction	n	,di'pikʃn	thuật vẽ, hoạ
depletion	n	di'pli:ʃn	sự tháo hết ra, sự rút hết ra
deplorable	a	di'plɔ:rəbl	đáng thương
deplore	v	di'plɔ:	phàn nàn về, lấy làm tiếc về
deploy	n	di'plɔi	sự dàn quân, sự dàn trận
deployment	n	di'plɔimənt	sự dàn quân, sự triển khai
deport	v	di'pɔ:t	trục xuất, phát vãng
deportation	n	,di:pɔ:'teiʃn	sự trục xuất, sự phát vãng
depose	v	di'pouz	phế truất, hạ bệ
deposit	n	di'pɔzit	vật gửi, tiền gửi
deposition	n	,depə'ziʃn	sự phế truất, sự hạ bệ
depository	n	di'pɔzitəri	nơi cất giữ đồ gửi, kho chứa & )
depot	n	'depou	kho chứa, kho hàng
depraved	a	di'preivd	hỏng, suy đồi
depravity	n	di'præviti	tình trạng hư hỏng, tình trạng suy đồi
depress	v	di'pres	làm chán nản, làm ngã lòng
depressed	a	di'prest	chán nản, thất vọng
depressing	a	di'presiɳ	làm chán nản, làm thất vọng
depression	n	di'preʃn	chỗ lõm, chỗ đất lún
depressive	a		làm suy nhược, làm suy yếu
deprivation	n	,depri'veiʃn	sự mất
deprive	v	di'praiv	lấy đi, cướp đi
deprived	a		túng quẫn, thiếu thốn
dept	n		cục, vụ
depth	n	depθ	chiều sâu, bề sâu
deputy	n	'depjuti	người được uỷ quyền, người thay quyền
derail	v	di'reil	làm trật bánh
deranged	a	di'reindʤd	bị trục trặc
derby	n	'dɑ:bi	cuộc đua ngựa ba tuổi derby day)
derelict	a	'derilikt	bị bỏ rơi, không ai nhìn nhận
dereliction	n	,deri'likʃn	sự bỏ rơi, sự không nhìn nhận tới
derivative	a	di'rivətiv	bắt nguồn từ
derive	v	di'raiv	nhận được từ, lấy được từ
dermatologist	n	,də:mə'tɔlədʤist	thầy thuốc khoa da
derogatory	a	di'rɔgətəri	làm giảm, xúc phạm đến
derrick	n	'derik	cần trục, cần cẩu
derry	n		thành kiến, điều không thích
dervish	n	'də:viʃ	thầy tu đạo Hồi
des	n		Bộ Giáo dục và Khoa học Anh quốc
descend	v	di'send	xuống
descendant	n	di'sendənt	con cháu, người nối dõi
descended	a		có nguồn gốc từ
descending	a		đi xuống
descent	n	di'sent	sự xuống
describe	v	dis'kraib	tả, diễn tả, mô tả, miêu tả
description	n	dis'kripʃn	sự tả, sự diễn tả
descriptive	a	dis'kriptiv	diễn tả, mô tả
desecrate	v	'desikreit	làm mất tính thiêng liêng
desecration	n	,desi'kreiʃn	sự mạo phạm, sự báng bổ
desert	n	di'zə:t	công lao, giá trị
deserted	a	di'zə:tid	không người ở, hoang vắng
deserter	n	di'zə:tə	người bỏ ra đi, kẻ bỏ trốn
desertion	n	di'zə:ʃn	sự bỏ ra đi, sự bỏ trốn
deserts	n		những gì đáng được
deserve	v	di'zə:v	đáng, xứng đáng
deserved	a	di'zə:vd	đáng, xứng đáng
deserving	a	di'zə:viɳ	đáng khen, đáng thưởng
design	n	di'zain	đề cương, bản phác thảo
designate	n	'dezignit	được chỉ định, được bổ nhiệm
designation	n	,ddezig'neiʃn	sự chỉ rõ, sự định rõ
designer	n	di'zainə	người phác hoạ, người vẽ kiểu
designing	n	di'zainiɳ	sự phác hoạ, sự vẽ kiểu
desirable	a	di'zaiərəbl	đáng thèm muốn, đáng ao ước
desire	n	di'zaiə	sự thèm muốn, sự mong muốn
desired	n		muốn có đòi hỏi
desist	v	di'zist	ngừng, thôi
desk	n	desk	bàn học sinh, bàn viết
desktop	n		bàn giấy, mặt bàn
desolate	a	'desəlit	bị tàn phá, tan hoang
desolation	n	,desə'leiʃn	sự tàn phá, sự làm tan hoang
despair	n	dis'peə	sự thất vọng, nỗi thất vọng
despairing	a	dis'peəriɳ	hết hy vọng, thất vọng
desperado	n	,despə'rɑ:dou	kẻ liều mạng tuyệt vọng
desperate	a	'despərit	liều mạng, liều lĩnh
desperately	d		liều lĩnh, liều mạng
desperation	n	,despə'reiʃn	sự liều lĩnh tuyệt vọng
despicable	a	'despikəbl	đáng khinh, ti tiện
despise	v	dis'paiz	xem thường, coi khinh
despite	n	dis'pait	sự ghen ghét, sự hiềm khích
despondent	a	dis'pɔndənt	nản lòng, ngã lòng
despot	n	'despɔt	vua chuyên chế, bạo quân
dessert	n	di'zə:t	món tráng miệng
destabilize	v		làm mất ổn định
destination	n	,desti'neiʃn	nơi gửi tới, nơi đưa tới
destined	a		đã đựơc định trước, đã đựơc định sẵn
destiny	n	'destini	vận số, vận mệnh
destitute	a	'destitju:t	thiếu thốn, nghèo túng
destroy	v	dis'trɔi	phá, phá hoại
destroyer	n	dis'trɔiə	người phá hoại, người phá huỷ
destruction	n	dis'trʌkʃn	sự phá hoại, sự phá huỷ
destructive	a	dis'trʌktiv	phá hoại, phá huỷ
det	n		thám tử
detach	v	di'tætʃ	gỡ ra, tháo ra
detached	a	di'tætʃt	rời ra, tách ra
detachment	n	di'tætʃmənt	sự gỡ ra, sự tháo rời
detail	n	'di:teil	chi tiết, tiểu tiết
detailed	a		cặn kẽ, tỉ mỉ
detailing	n		việc đặc phái
detain	v	di'tein	ngăn cản, cản trở
detainee	n		người bị tạm giữ do tình nghi
detainment	n	di'teinmənt	sự giam giữ, sự cầm tù
detect	v	di'tekt	dò ra, tìm ra
detectable	a	di'tektəbl/ (detectible) /di'tektəbl	có thể dò ra, có thể tìm ra
detection	n	di'tekʃn	sự dò ra, sự tìm ra
detective	a	di'tektiv	để dò ra, để tìm ra
detector	n	di'tektə	người dò ra, người tìm ra
detention	n	di'tenʃn	sự giam cầm, sự cầm tù
deter	v	di'tə:	ngăn cản, ngăn chặn
detergent	a	di'tə:dʤənt	để làm sạch, để tẩy
deteriorate	v	di'tiəriəreit	làm hư hỏng
deterioration	n	di,tiəriə'reiʃn	sự làm hư hỏng
determination	n	di,tə:mi'neiʃn	sự xác định, sự định rõ
determine	v	di'tə:min	định, xác định
determined	a	di'tə:mind	đã được xác định, đã được định rõ
deterrent	a	di'terənt	để ngăn cản, để ngăn chặn
detest	v	di'test	ghét, ghét cay ghét đắng
detestable	a	di'testəbl	đáng ghét, đáng ghê tởm
detonate	v	'detouneit	làm nổ
detonating	a	'detouneitiɳ	nổ
detonation	n	,detou'neiʃn	sự nổ
detonator	n	'detouneitə	ngòi nổ, kíp
detour	n	di'tuə	khúc ngoặt, chỗ quanh co
detriment	n	'detrimənt	sự thiệt hại, sự tổn hại
detrimental	a	,detri'mentl	có hại, thiệt hại cho
deuce	n	dju:s	hai, mặt nhị
deuterium	n	dju:'tiəriəm	đơteri
devastate	v	di:'væljueit	tàn phá, phá huỷ
devastating	a	'devəsteitiɳ	tàn phá, phá huỷ
devastation	n	,devəs'teiʃn	sự tàn phá, sự phá huỷ
develop	v	di'veləp	trình bày, bày tỏ
developer	n	di'veləpə	người rửa ảnh, thuốc rửa ảnh
developing	a		đang phát triển, trên đà phát triển
development	n	di'veləpmənt	sự trình bày, sự bày tỏ
developmental	a	di,veləp'mentl	phát triển, nảy nở
deviant	n		kẻ lầm đường lạc lối
deviate	v	'di:vieit	trệch, lệch
deviation	n	,di:vi'eiʃn	sự trệch, sự lệch
device	n	di'vais	phương sách, phương kế
devil	n	'devl	ma, quỷ
devilish	a	'devliʃ	ma tà, gian tà
devious	a	'di:vjəs	xa xôi, hẻo lánh
devise	n	di'vaiz	sự để lại
devoid	a	di'vɔid	không có, trống rỗng
devote	v	di'vout	hiến dâng, dành hết cho
devoted	a	di'voutid	hiến cho, dâng cho
devotee	n	,devou'ti:	người mộ đạo, người sùng đạo
devotion	n	di'vouʃn	sự hết lòng, sự tận tâm
devotional	a	di'vouʃənl	mộ đạo, sùng đạo
devour	v	di'vauə	ăn sống nuốt tươi, cắn xé
devouring	a	di'vauəriɳ	hau háu, ngấu nghiến
devout	a	di'vaut	thành kính, mộ đạo
dew	n	dju:	sương
dewey	a		ướt sương, đẫm sương
dewy	a	'dju:i	như sương
dexter	a	'dekstə	phải, bên phải
dexterity	n	deks'teriti	sự khéo tay, sự khéo léo
dey	n		quốc trưởng An-giê-ri
dg	n		tổng giám đốc
dharma	n		pháp
dhoti	n	'douti	cái khố
diabetes	n	,daiə'bi:tiz	bệnh đái đường
diabetic	a	,daiə'betik	bệnh đái đường
diabolical	a	,daiə'bɔlik/ (diabolical) /,daiə'bɔlikəl	ma quỷ, như ma quỷ
diagnose	v	'daiəgnouz/ (diagnosticate) /,daiəg'nɔstikeit	chẩn đoán
diagnoses	n	,daiəg'nousis	phép chẩn đoán, sự chẩn đoán
diagnosis	n	,daiəg'nousis	phép chẩn đoán, sự chẩn đoán
diagnostic	a	,daiəg'nɔstik	chẩn đoán
diagonal	a	dai'ægənl	chéo
diagonally	d		theo đường chéo
diagram	n	'daiəgræm	biểu đồ
dial	n	'daiəl	đồng hồ mặt trời sun dial)
dialect	n	'daiəlekt	tiếng địa phương, phương ngôn
dialing	n		quay số, bấm số
dialog	n		hội thoại
dialogue	n	'daiəlɔg/ (duologue) /'djuəlɔg	cuộc đối thoại
dialysis	n	dai'ælisi:z	sự thẩm tách
diameter	n	dai'æmitə	đường kính
diamond	n	'daiəmənd	kim cương
diana	n	dai'ænə	nữ thần Đi-an
diaper	n	'daiəpə	vải kẻ hình thoi
diaphragm	n	'daiəfræm	màng chắn, màng ngăn
diarrhea	n		như diarrhoea
diarrhoea	n	,daiə'riə	bệnh ỉa chảy
diary	n	'daiəri	sổ nhật ký
dib	n	dæp	sự nảy lên
dibble	n	'dibə/ (dibble) /'dibl	dụng cụ đào lỗ tra hạt
dibs	n	dibz	trò chơi bằng đốt xương cừu
dice	n	dais	số nhiều của die
dicey	a		nguy hiểm
dick	n	dik	to take one's dick that thề rằng, quả qu
dickens	n	'dikinz	, ma, quỷ
dickey	n	'diki/ (dicky) /'diki	con lừa, con lừa con
dicky	n	'diki/ (dicky) /'diki	con lừa, con lừa con
dictate	n	dik'teit	số nhiều) mệnh lệnh, tiếng gọi
dictating	n		đọc để viết, viết chính tả
dictation	n	dik'teiʃn	sự đọc cho viết, sự đọc chính tả
dictator	n	dik'teitə	kẻ độc tài, người có quyền hành tuyệt đố
dictatorship	n	dik'teitəʃip	chế độ độc tài, nền chuyên chính
diction	n	'dikʃn	cách diễn tả, cách chọn lời
dictionary	n	'dikʃənəri	từ điển
diddle	v	'didl	lừa gạt, lừa đảo
dido	n	'daidou	trò chơi khăm, trò chơi ác
die	n	dai	con súc sắc
dies	n		số nhiều của die
diesel	n	'di:zəl	động cơ điêzen diesel engine, diesel mot
diet	n	'daiət	nghị viên
dietary	a	'daiətəri	chế độ ăn uống, chế độ ăn kiêng
differ	v	'difə	+ from) khác, không giống
difference	n	'difrəns	sự khác nhau, tình trạng khác nhau
different	a	'difrənt	khác, khác biệt
differential	a	,difə'renʃəl	khác nhau, phân biệt
differentiate	v	,difə'renʃieit	phân biệt
differently	d	'difrəntli	khác, khác nhau
difficult	a	'difikəlt	khó, khó khăn
difficulty	n	'difikəlti	sự khó khăn, nỗi khó khăn
diffuse	a	di'fju:s	khuếch tán
dig	n	dig	sự đào, sự bới
digest	n	'daidʤest	sách tóm tắt
digestion	n	di'dʤestʃn	sự tiêu hoá, khả năng tiêu hoá
digestive	a	di'dʤestiv	tiêu hoá
digger	n	'digə	dụng cụ đào lỗ, người đào
digging	n	'digiɳ	sự đào, sự bới
digit	n	'didʤit	ngón chân, ngón tay
digital	a	'didʤitl	ngón chân, ngón tay
digitalis	n	,didʤi'teilis	giống mao địa hoàng
dignified	a	'dignifaid	đáng, xứng
dignify	v	'dignifai	làm cho xứng, làm cho xứng đáng
dignitary	n	'dignitəri	người quyền cao, chức trọng
dignity	n	'digniti	chân giá trị
digress	v	dai'gres	lạc đề, ra ngoài đề
digs	n	digz	sự đào, sự bới
dike	n	daik/ (dyke) /daik	đê, con đê
dilapidated	a	di'læpideitid	đổ nát, xiêu vẹo
dilate	v	dai'leit	làm giãn, làm nở
dilated	a		dược giãn ra, được nở ra
dilation	n	,dailei'teiʃn/ (dilation) /dai'leiʃn	sự giãn, sự nở
dildo	n		cũng dildoe
dilemma	n	di'lemə	song đề
dilettante	n	,dili'tænti	người ham mê nghệ thuật
diligence	n	'dilidʤəns	sự siêng năng, sự chuyên cần
diligent	a	'dilidʤənt	siêng năng, chuyên cần
diligently	d		siêng năng, cần cù
dill	n	dil	cây thì là
dilly	n		người xuất sắc, vật đặc biệt
dilute	a	dai'lju:t	loãng
dim	a	dim	mờ, lờ mờ, tối mờ mờ, không rõ ràng; nhì
dime	n	daim	một hào
dimension	n	di'menʃn	chiều, kích thước
dimensional	a	di'menʃənl	thuộc chiều, thuộc kích thước
diminish	v	di'miniʃ	bớt, giảm
diminished	a	di'miniʃt	bị bớt đi, được giảm đi
diminishing	a	di'miniʃip	hạ bớt, giảm bớt
diminutive	a	di'minjutivli	giảm nhẹ nghĩa
dimmer	n		dụng cụ chỉnh độ sáng của đèn điện
dimple	n	'dimpl	lúm đồng tiền trên má
dimwit	n	'dimwit	người ngu đần, người tối dạ
din	n	din	tiếng ầm ĩ, tiếng om sòm
dinar	n	'di:nɑ:	đồng đina
dine	v	dain	ăn cơm
diner	n	'dainə	người dự bữa ăn, người dự tiệc
ding	v	diɳ	kêu vang
dinghy	n	'diɳgi/ (dinghy) /'diɳgi	xuồng nhỏ
dingle	n	'diɳgl	thung lũng nhỏ và sâu
dingo	n	'diɳgou	giống chó đingo
dingy	a	'dindʤi	tối màu, xỉn
dinky	a	'diɳki	có duyên, ưa nhìn
dinner	n	'dinə	bữa cơm
dinosaur	n		khủng long
dint	n	dint	vết đòn, vết đánh
diocese	n	'daiəsis	giáo khu
diorama	n	,daiə'rɑ:mə	tranh tầm sâu, cảnh tầm sâu
dioxide	n	dai'ɔksaid	đioxyt
dip	n	dip	sự nhúng, sự ngâm vào
diphtheria	n		bệnh bạch hầu
diploma	n	di'ploumə	văn kiện chính thức, văn thư công
diplomacy	n	di'plouməsi	thuật ngoại giao, ngành ngoại giao
diplomat	n	di'ploumətist/ (diplomat) /'dipləmæt	nhà ngoại giao
diplomatic	a	,diplə'mætik	ngoại giao
dipper	n	'dipə	người nhúng, người ngân
dippy	a	'dipi	gan, hâm hâm
dire	a	'daiə	thảm khốc, khốc liệt
direct	v	di'rekt	gửi, viết để gửi cho
directed	a		có hướng đi
direction	n	di'rekʃn	sự điều khiển, sự chỉ huy
directional	a	di'rekʃənl	điều khiển, chỉ huy
directive	a	di'rektiv	chỉ huy, chi phối
directly	d	di'rektli	thẳng, ngay
director	n	di'rektə	giám đốc, người điều khiển
directorate	n	di'rektərit	chức giám đốc
Directors	n		Ban giám đốc.
directory	a	di'rektəri	chỉ bảo, chỉ dẫn
dirk	n	də:k	dao găm
dirt	v	də:t	đâm bằng dao găm
dirty	a	'də:ti	bẩn thỉu, dơ bẩn
disability	n	,disə'biliti	sự bất tài, sự bất lực
disable	v	dis'eibl	làm cho bất lực, làm cho không đủ năng l
disabled	n		người tàn tật
disadvantage	n	,disəd'vɑ:ntidʤ	sự bất lợi, thế bất lợi
disadvantaged	a		thiệt thòi, thua thiệt
disagree	v	,disə'gri:	khác, không giống
disagreeable	a	,disə'griəbl	khó chịu, không vừa ý
disagreement	n	,disə'gri:mənt	sự khác nhau, sự không giống nhau
disappear	v	,disə'piə	biến đi, biến mất
disappearance	n	,disə'piərəns	sự biến đi, sự biến mất
disappoint	v	,disə'pɔint	không làm thoả ước vọng, không làm thoả
disappointed	a		chán nản, thất vọng
disappointing	a	,disə'pɔintiɳ	làm chán ngán, làm thất vọng
disappointment	n	,disə'pɔintmənt	sự chán ngán, sự thất vọng
disapproval	n	,disə'pru:vəl	sự không tán thành, sự phản đối
disapprove	v	'disə'pru:v	không tán thành, phản đối
disarm	v	dis'ɑ:m	lột vũ khí, tước vũ khí
disarmament	n	dis'ɑ:məmənt	sự giảm quân bị, sự giải trừ quân bị
disarming	n		làm nguôi giận
disarray	n	'disə'rei	sự lộn xộn, sự xáo trộn
disassemble	v	'disə'sembl	tháo ra, tháo rời
disaster	n	di'zɑ:stə	tai hoạ, thảm hoạ
disastrous	a	di'zɑ:strəs	tai hại, thảm khốc
disavow	v	'disə'vau	chối, không nhận
disband	v	dis'bænd	giải tán
disbelief	n	'disbi'li:f	sự không tin
disc	n	disk/ (disc) /disk	đĩa
discard	n	'diskɑ:d	sự chui bài, sự dập bài
discern	v	di'sə:n	nhận thức, thấy rõ
discernible	a	di'sə:nəbl	có thể nhận thức rõ, có thể thấy rõ
discerning	a	di'sə:niɳ	nhận thức rõ, thấy rõ
discharge	n	dis'tʃɑ:dʤ	sự dỡ hàng, sự bốc dỡ
Discharges	n		Những người bị thôi việc
disciple	n	di'saipl	môn đồ, môn đệ
disciplinary	a	'disiplinəri	kỷ luật, để đưa vào kỷ luật
discipline	n	'disiplin	kỷ luật
disciplined	a		có kỷ luật
disclose	v	dis'klouz	mở ra, vạch trần ra
disclosure	n	dis'klouʤə	sự mở ra, sự vạch trần ra
disco	n		sự khiêu vũ theo các điệu nhạc pop ghi b
discoloration	n	dis'kʌləmənt/ (discolourment) /dis'kʌləmənt/ (discoloration) /dis,kʌlə'reiʃn/ (discolouration) /dis,kʌlə'reiʃn	sự đổi màu, sự bẩn màu
discomfort	n	dis'kʌmfət	sự khó ở, sự khó chịu
disconcerting	a	,diskən'sə:tiɳ	làm rối, làm hỏng
disconnect	v	'diskə'nekt	làm rời ra, cắt rời ra
disconnected	a	'diskə'nektid	bị rời ra, bị cắt rời ra
disconnecting	n		cắt, tháo
discontent	n	'diskən'tent	sự không vừa lòng, sự không hài lòng
discontinue	v	'diskən'tinju:	ngừng đình chỉ, gián đoạn
discord	n	'diskɔ:d	sự bất hoà, mối bất hoà
discordant	a	dis'kɔ:dənt	bất hoà, trái ngược nhau
discotheque	n		nhạc thính phòng
discount	n	'diskaunt	sự bớt, sự giảm
discourage	v	dis'kʌridʤ	làm mất hết can đảm, làm chán nản
discouraged	a		chán nản, thoái chí
discouraging	a	dis'kʌridʤin	làm mất hết can đảm, làm chán nản
discourse	n	dis'kɔ:s	bài thuyết trình, bài diễn thuyết
discover	v	dis'kʌvə	khám phá ra, tìm ra
discovery	n	dis'kʌvəri	sự khám phá ra, sự tìm ra
discredit	n	dis'kredit	sự mang tai mang tiếng, sự mất uy tín
discreet	a	dis'kri:t	thận trọng, dè dặt
discreetly	d		thận trọng, kín đáo
discrepancy	n	dis'krepənsi	sự khác nhau, sự không nhất quán
discrete	a	dis'kri:t	riêng biệt, riêng rẽ
discretion	n	dis'kreʃn	sự tự do làm theo ý mình
discretionary	a	dis'kreʃnəri	được tự do làm theo ý mình, tuỳ ý mình
discriminate	v	dis'krimineit	phân biệt
discriminating	a	dis'krimineitiɳ	biết phân biệt, có óc phán đoán
discrimination	n	dis,krimi'neiʃn	sự phân biệt, sự nhận rõ điều khác nhau
discus	n	'diskəs	đĩa
discuss	v	dis'kʌs	thảo luận, bàn cãi
discussion	n	dis'kʌʃn	sự thảo luận, sự bàn cãi
disdain	n	dis'dein	sự khinh, sự khinh thị
disease	n	di'zi:z	bệnh, bệnh tật
diseased	a	di'zi:zd	mắc bệnh, đau ốm
disembark	v	'disim'bɑ:k	cho lên bờ, cho lên bộ
disembodied	a		lìa khỏi xác
disengage	v	'disin'geidʤ	làm rời ra, cởi ra
disengaged	n	'disin'geidʤd	miếng gỡ đường kiếm
disgrace	n	dis'geis	tình trạng bị ghét bỏ, tình trạng bị ruồ
disgraceful	a	dis'greisful	ô nhục, nhục nhã
disgruntled	a	dis'grʌntld	không bằng lòng, bất bình
disguise	n	dis'gaiz	sự trá hình, sự cải trang
disgust	v	dis'gʌst	làm ghê tởm, làm kinh tởm
disgusted	a		chán ghét, phẫn nộ
disgusting	a	dis'gʌstiɳ	làm ghê tởm, làm kinh tởm
disgustingly	d		ghê tởm, kinh tởm
dish	n	diʃ	đĩa
dishonest	a	dis'ɔnist	không lương thiện, bất lương
dishonesty	n	dis'ɔnisit	tính không lương thiện, tính bất lương
dishonor	n		sự danh ô
dishonorable	a		ô nhục, nhục nhã
dishonour	n	dis'ɔnə	sự mất danh dự, sự ô danh
dishonourable	a	dis'ɔnərəbl	làm ô danh, ô nhục
dishwasher	n		máy rửa bát, người rửa bát
disillusion	n	,disi'lu:ʤn/ (disillusionise) /,disi'lu:ʤənaiz/ (disillusionize) /,disi'lu:ʤənaiz	sự vỡ mộng, sự tan vỡ ảo tưởng
disinfect	v	,disin'fekt	tẩy uế
disinfectant	a	,disin'fektənt	tẩy uế
disinformation	n		thông tin được đưa ra để đánh lạc hướng
disintegrate	v	dis'intigreit	làm tan rã, làm rã ra
disintegration	n	dis,inti'greiʃn	sự làm tan rã, sự làm rã ra
disinterested	a	dis'intristid	vô tư, không vụ lợi
disk	n	disk/ (disc) /disk	đĩa
dislike	n	dis'laik	sự không ưa, sự không thích
dislocation	n	,dislə'keiʃn	sự làm trật khớp, sự trật khớp
dislodge	v	dis'lɔdʤ	đuổi ra khỏi, trục ra khỏi
disloyal	a	'dis'lɔiəl	không trung thành, không chung thuỷ
disloyalty	n	'dis'lɔiəlti	sự không trung thành, sự không chung thu
dismal	a	'dizməl	buồn thảm, tối tăm
dismantle	v	dis'mæntl	dỡ hết vật che đậy, lột bỏ vật phủ ngoài
dismay	n	dis'mei	sự mất tinh thần, sự mất hết can đảm
dismember	v	dis'membə	chặt chân tay
dismemberment	n	dis'membəmənt	sự chặt chân tay
dismiss	v	dis'mis	giải tán
dismissal	n	dis'misəl	sự giải tán
dismissive	a		thô bạo, tùy tiện
dismount	v	'dis'maunt	xuống
disobedience	n	,disə'bi:djəns	sự không vâng lời, sự không tuân lệnh
disobedient	a	,disə'bi:djənt	không vâng lời, không tuân lệnh
disobey	v	'disə'bei	không vâng lời, không tuân lệnh
disorder	n	dis'ɔ:də	sự mất trật tự, sự bừa bãi
disorderly	a	dis'ɔ:dəli	bừa bãi, lộn xộn
disorganized	a		thiếu tổ chức
disorientation	n	dis,ɔ:rien'teiʃn	sự làm mất phương hướng, sự mất phương h
disown	v	dis'oun	không nhận, không công nhận
disparaging	a	dis'pæridʤiɳ	làm mất uy tín, làm mất thể diện
disparity	n	dis'pæriti	sự chênh lệch, sự không bằng nhau
dispatch	n	dis'pætʃ/ (despatch) /dis'pætʃ	sự gửi đi, sự sai phái đi
dispatcher	n	dis'pætʃə	người gửi đi
dispel	v	dis'pel	xua đuổi đi, xua tan
dispensary	n	dis'pensəri	trạm phát thuốc
dispensation	n	,dispen'seiʃn	sự phân phát, sự phân phối
dispense	v	dis'pens	phân phát, phân phối
dispenser	n	dis'pensə	nhà bào chế, người pha chế thuốc
dispersal	n	dis'pə:səl	sự giải tán, sự phân tán
disperse	v	dis'pə:s	giải tán, phân tán
displace	v	dis'pitiəs	đổi chỗ, dời chỗ
displacement	n	dis'pleismənt	sự đổi chỗ, sự dời chỗ
display	n	dis'plei	sự bày ra, sự phô bày
displease	v	dis'pli:z	làm không bằng lòng, làm không hài lòng
displeased	a		bực mình, khó chịu
displeasure	n	dis'pleʤə	sự không hài lòng, sự không bằng lòng
disposable	a	dis'pouzəbl	có thể bỏ đi, có thể bán tống đi
disposal	n	dis'pouzəl	sự sắp đặt, sự sắp xếp
dispose	v	dis'pouz	sắp đặt, sắp xếp
disposed	a		sẵn sàng
disposition	n	,dispə'ziʃn	sự sắp xếp, sự sắp đặt
dispossessed	n		người bị tước quyền sở hữu, người bị tru
disproportionate	a	'disprə'pɔ:ʃnd/ (disproportionate) /,disprə'pɔ:ʃnit	thiếu cân đối, không cân đối
disprove	v	'dis'pru:v	bác bỏ, chứng minh là sai
dispute	n	dis'pju:t	cuộc bàn cãi, cuộc tranh luận
disqualify	v	dis'kwɔlifai	làm cho không đủ tư cách
disregard	n	'disri'gɑ:d	sự không để ý, sự không đếm xỉa đến
disreputable	a	dis'repjutəbl	làm mang tai tiếng, làm ô danh
disrespect	n		sự thiếu tôn kính, sự bất kính
disrespectful	a		thiếu tôn trọng, bất kính
disrobe	v	dis'roub	cởi áo dài cho, cởi quần dài cho
disrupt	v	dis'rʌpt	đập gãy, đập vỗ
disruption	n	dis'rʌpʃn	sự đập gãy, sự đập vỗ
disruptive	a	dis'rʌptiv	đập gãy, đập vỗ
dissatisfaction	n	'dis,sætis'fækʃn	sự không bằng lòng, sự không hài lòng
dissatisfied	a	'dis'sætisfaid	không bằng lòng, không hài lòng
dissect	v	di'sekt	cắt ra từng mảnh, chặt ra từng khúc
dissected	a		bị cắt ra
dissection	n	di'sekʃn	sự cắt ra từng mảnh, sự chặt ra từng khú
dissension	n	di'senʃn	mối bất đồng, mối chia rẽ
dissent	n	di'sent	sự bất đồng quan điểm, sự bất đồng ý kiế
dissertation	n	,disə:'teiʃn	sự nghị luận, sự bàn luận
disservice	n	'dis'sə:vis	sự làm hại, sự báo hại
dissident	a	'disidənt	bất đồng, bất đồng quan điểm
dissimilar	a	'di'similə	không giống, khác
dissipate	v	'disipeit	xua tan, làm tiêu tan
dissipated	a	'disipeitid	bị xua tan, bị tiêu tan
dissociative	a	di'souʃiətiv	phân ra, tách ra
dissolution	n	,disə'lu:ʃn	sự rã ra, sự tan rã
dissolve	v	di'zɔlv	rã ra, tan rã
dissonance	n	'disənəns	sự nghịch tai, tính không hoà tan
dissuade	v	di'sweid	khuyên can, khuyên ngăn
distal	a	'sistəl	ở xa điểm giữa, ngoại biên
distance	n	'distəns	khoảng cách, tầm xa
distant	a	'distənt	xa, cách, xa cách
distantly	d		lạnh nhạt, hững hờ
distaste	n	'dis'teist	sự không thích, sự không ưa
distasteful	a	dis'teistful	khó chịu, đáng ghét
distillery	n	dis'tiləri	nhà máy cất
distinct	a	dis'tiɳkt	riêng, riêng biệt
distinction	n	dis'tiɳkʃn	sự phân biệt, điều phân biệt
distinctive	a	dis'tiɳktiv	đặc biệt, để phân biệt
distinctly	d	dis'tiɳktli	riêng biệt
distinguish	v	dis'tiɳgwiʃ	phân biệt
distinguished	a	dis'tiɳgwiʃt	đặc biệt, khác biệt
distort	v	dis'tɔ:t	vặn vẹo, bóp méo
distortion	n	dis'tɔ:ʃn	sự vặn vẹo, sự bóp méo
Distortions	n		Biến dạng
distract	v	dis'trækt	làm sao lãng, làm lãng đi
distracted	a	dis'træktid	điên cuồng, mất trí
distraction	n	dis'trækʃn	sự làm sao lãng, sự làm lãng đi
distraught	a	dis'trɔ:t	điên cuồng, mất trí
distress	n	dis'tres	nỗi đau buồn, nỗi đau khổ
distressed	a		đau buồn
distressing	a	dis'tresiɳ	làm đau buồn, làm đau khổ
distribute	v	dis'tribju:t	phân bổ, phân phối
distributed	a		được phân bổ theo một kiểu nào đó
distributing	a		để phân phối
distribution	n	,distri'bju:ʃn	sự phân bổ, sự phân phối
distributor	n	dis'tribjutə	người phân phối, người phân phát
district	n	'distrikt	địa hạt, khu vực
distrust	n	dis'trʌst	sự không tin, sự không tin cậy
distrustful	a	dis'trʌstful	không tin, không tin cậy
disturb	v	dis'tə:b	làm mất yên tĩnh, làm náo động
disturbance	n	dis'tə:bəns	sự làm mất yên tĩnh, sự làm náo động
disturbed	a		bối rối, lúng túng
disused	a		bị vứt bỏ
ditch	n	ditʃ	hào, rãnh
ditching	n	'ditʃiɳ	việc đào hào, việc đào mương
ditto	a	'ditou	như trên, cùng một thứ
ditty	n	'diti	bài hát ngắn
diva	n	'di:və	nữ danh ca
dive	n	daiv	sự nhảy lao đầu xuống, sự lặn
diver	n	'daivə	người nhảy lao đầu xuống nước, người lặn
divers	a	'daivə:z	nhiều, linh tinh
diverse	a	dai'və:s	gồm nhiều loại khác nhau, linh tinh
diversified	a		đa dạng hoá, nhiều mặt
diversify	v	dai'və:sifai	làm cho thành nhiều dạng, làm cho thành
diversion	n	dai'və:ʃn	sự làm trệch đi, sự trệch đi
diversionary	a		có tính cách nghi binh, vu hồi
diversity	n	dai'və:siti	tính nhiều dạng, tính nhiều vẻ
divert	v	dai'və:t	làm trệch đi, làm trệch hướng
diverting	a	dai'və:tiɳ	giải trí, tiêu khiển
dives	n	'daivi:z	phú ông
divide	n	di'vaid	đường chia nước
divided	a		phân chia
dividend	n	'dividend	số bị chia, cái bị chia
divination	a	,divi'neiʃn	sự đoán, sự tiên đoán
divine	a	di'vain	thần thanh, thiêng liêng
divinely	d		tuyệt diệu, tuyệt trần
diving	n		việc lặn dưới nước
divinity	n	di'viniti	tính thần thánh
division	n	di'viʤn	sự chia, sự phân chia
divisional	a	di'viʤənl	chia, phân chia
divisive	a	di'vaiziv	gây chia rẽ, làm ly gián
divorce	n	di'vɔ:s	sự ly dị
divorced	a		đã ly dị
divorcee	n	di,vɔ:'si:	người ly dị vợ, người ly dị chồng
divulge	v	dai'vʌldʤ	để lộ ra, tiết lộ
divvy	n	'divi	tiền lãi cổ phần
dixie	n	'diksi/ (dixy) /'diksi	nồi lớn
dixieland	n		nhạc jazz nhịp đôi
diy	n		tự tay mình làm
dizziness	n	'dizinis	sự hoa mắt, sự choáng váng
dizzy	a	'dizi	hoa mắt, choáng váng
dj	n		áo vét đi ăn tối
dna	n		cấu tử cơ bản của tế bào di truyền
do	v	du:, du	làm, thực hiện
doable	a	'du:əbl	có thể làm được
dobbin	n	dɔbin	ngựa kéo xe, ngựa cày
doc	n	dɔk	thầy thuốc
docile	a	'dousail	dễ bảo, dễ sai khiến
dock	n	dɔk	giống cây chút chít
docker	n		công nhân bốc xếp ở bến tàu
docket	n	'dɔkit	sổ ghi án
docking	n		việc cho tàu vào cảng
doctor	n	'dɔktə	bác sĩ y khoa
doctoral	a	'dɔktərəl	tiến sĩ
doctorate	n	'dɔktərit	học vị tiến sĩ
doctrine	n	'dɔktrin	học thuyết chủ nghĩa
document	n	'dɔkjumənt	văn kiện, tài liệu
documentary	a	'dɔkju'mentəri	tài liệu, tư liệu
documentation	n	,dɔkjumen'teiʃn	sự chứng minh bằng tài liệu, sự dẫn chứn
dodge	n	dɔdʤ	động tác chạy lắt léo, động tác di chuyể
dodger	n	'dɔdʤə	người chạy lắt léo, người né tránh
dodgy	a	'dɔdʤi	tinh ranh, láu cá
dodo	n	'doudou	chim cưu
doe	n	dou	hươu cái, hoãng cái
doer	n	'du:ə	người làm, người thực hiện
does	n		làm, thực hiện
dog	n	dɔg	chó
doge	n	doudʤ	tổng trấn
dogfight	n		cuộc chó cắn nhau
dogged	a	'dɔgid	gan góc, gan lì
doggie	n	'dɔgi/ (doggie) /'dɔgi	chó con
doggone	i	'dɔg'gɔn	chết tiệt!, quỷ tha ma bắt đi! doggoned)
doggy	n	'dɔgi/ (doggie) /'dɔgi	chó con
dogma	n	'dɔgmə	giáo điều, giáo lý
doh	n		nốt Đô
doily	n	'dɔili	khăn lót
doing	n	'du:iɳ	sự làm
dojo	n		trường dạy võ tự vệ
dolce	a		êm ái
dole	n	doul	nỗi đau buồn, nỗi buồn khổ
doll	n	dɔl	con búp bê & )
dollar	n	'dɔlə	đồng đô la
dollop	n	'dɔləp	khúc to, cục to
dolly	n	'dɔli	bé búp bê
dolphin	n	'dɔlfin	cá heo mỏ
dolt	n	doult	người ngu đần, người đần độn
domain	n	də'mein	đất đai tài sản, dinh cơ
dome	n	doum	vòm, mái vòm
domestic	a	də'mestik	gia đình, việc nhà
domicile	n	'dɔmisail	nhà ở, nơi ở
dominance	n	'dɔminəns	thế hơn, thế trội hơn
dominant	a	'dɔminənt	át, trội, có ưu thế hơn; có ảnh hưởng lớ
dominate	v	'dɔmineit	át hẳn, trội hơn
domination	n	,dɔmi'neiʃn	sự thống trị
domineering	a	,dɔmi'niəriɳ	độc đoán, hống hách
dominican	a	də'minikən	thánh Đô-mi-ních, dòng Đô-mi-ních
dominion	n	də'minjən	quyền, quyền thế
domino	n	'dɔminou	áo đôminô
dominus	n		số nhiều domini
don	n	dɔn	Đông
dona	n	'dounə/ (donah) /'dounə	đàn bà, ả
donate	v	dou'neit	tặng, cho
donation	n	dou'neiʃn	sự tặng, sự cho
done	a	dʌn	xong, hoàn thành
dong	v		nện, phang
donkey	n	'dɔɳki	con lừa
donna	n	'dɔnə	phụ nữ quý tộc
donor	n	'dounə	người cho, người tặng
donut	n		bánh rán
doodle	n	'du:dl	chữ viết nguệch ngoạc, bức vẽ nguệch ngo
doom	n	du:m	số mệnh, số phận
doomed	a		bị kết tội, phải chịu số phận bi đát
doomsday	n	'du:mzdei	ngày phán quyết cuối cùng, ngày tận thế
door	n	dɔ:	cửa, cửa ra vào
doorbell	n	'dɔ:bel	chuồng cửa
doorknob	n		quả đấm cửa
doorman	n	'dɔ:,ki:pə/ (doorman) /'dɔ:mən/ (door's_man) /'dɔ:zmən	người gác cửa, người gác cổng
doormat	n	'dɔ:mæt	thảm chùi chân
doornail	n	'dɔ:neil	đinh cửa
doorstep	n	'dɔ:step	ngưỡng cửa
doorway	n	'dɔ:wei	ô cửa
dope	n	doup	chất đặc quánh
dopey	a	'doupi/ (dopey) /'doupi	mơ mơ màng màng, tê mê
doping	n		sự dùng chất kích thích trong các cuộc t
doppelganger	n		con ma của một người đang sống
dor	n	dɔ:/ (dor-beetle) /'dɔ:,bi:tl/ (dor-fly) /'dɔ:flai	beetle)
dorado	n	də'rɑ:dou	cá nục heo
dorian	n		người Đorian
dorm	n		phòng ngủ tập thể
dormant	a	'dɔ:mənt	nằm ngủ, nằm im lìm
dormitory	n	'dɔ:mitri/ (dorms) /dɔ:mz	phòng ngủ
dorms	n	dɔ:mz	, , dormitory
dorsal	a	'dɔ:səl	lưng, ở lưng
dory	n	'dɔ:ri	cá dây gương, cá dây Nhật-bản John Dory)
dos	n		hệ điều hành MS-DOS
dosage	n	'dousidʤ	sự cho liều lượng
dose	n	dous	liều lượng, liều thuốc
doss	n	dɔs	giường
dossier	n	'dɔsiei	hồ sơ
dot	n	dɔt	của hồi môn
dote	v	dout/ (doat) /dout	hoá lẫn, hoá lẩm cẩm
dotted	a		có nhiều chấm
dotty	a	'dɔti	có chấm, lấm chấm
double	a	'dʌbl	đôi, hai
doubles	n		trận đánh đôi
doubling	n	'dʌbliɳ	sự gấp đôi, sự tăng đôi
doubly	d	'dʌbli	gấp đôi, gấp hai
doubt	n	daut	sự nghi ngờ, sự ngờ vực
doubtful	a	'dautful	nghi ngờ, ngờ vực
doubtless	d	'dautlis	chắc chắn không còn nghi ngờ gì nữa, khô
douche	n	du:ʃ	vòi tắm hương sen, sự tắm bằng vòi hương
dough	n	dou	bột nhào
doughboy	n	'doubɔi	màn thầu, bánh mì hấp
doughnut	n	'dounʌt	bánh rán
dour	a	'duə	nghiêm khắc, khắc khổ
douse	v	daus	hạ
dove	n	dʌv	chim bồ câu
dow	n	dau/ (dow) /dau	thuyền buồm A-rập
dowager	n	'dauədʤə	quả phụ thừa kế
dowdy	a	'daudi	tồi tàn
down	d	daun	xuống
downer	n		thuốc giảm đau, thuốc trấn thống
downfall	n	'daunfɔ:l	sự trút xuống, sự đổ xuống
downhill	a	'daun'hil	dốc xuống
download	n		nạp xuống, viễn nạp
downpour	n	'daunpɔ:	trận mưa như trút nước xuống
downright	a	'daunrait	thẳng thắn, thẳng thừng
downriver	d		về phía cửa sông
downs	n		the down đồi cỏ thấp
downstairs	a	'daun'steəz	ở dưới nhàn, ở tầng dưới
downstream	d	'daun'stri:m	xuôi dòng
downtime	n	'dauntaim	thời gian chết
downtown	n	'dauntaun	khu buôn bán kinh doanh
downtrodden	a	'daun,trɔdn	bị chà đạp, bị áp bức
downturn	n		sự suy sụp )
downward	a	'daunwəd	xuống, đi xuống
downwards	d	'daunwədz	xuống, đi xuống
downwind	a		theo hướng gió thổi
downy	a	'dauni	vùng đồi, giống vùng đồi
dowry	n	'dauəri	của hồi môn
doze	n	douz	giấc ngủ ngắn lơ mơ
dozen	n	'dʌzn	tá
dozer	n	'douzə	, của bulldozer
dozy	a	'douzi	ngủ gà ngủ gật, ngủ lơ mơ
drab	a	dræb	nâu xám
draco	n		thằn lằn bay
draconian	a	drei'kounjən/ (Draconic) /drə'kɔnik	hà khắc, khắc nghiệt
draft	n	dræf	cặn
drafting	n		môn vẽ kỹ thuật, kỹ nghệ họa
drag	n	dræg	cái bừa lớn, cái bừa nặng
dragon	n	'drægən	con rồng
dragonfly	n		con chuồn chuồn
dragoon	n	drə'gu:n/ (dragon) /drə'gu:n	kỵ binh
drain	n	drein	ống dẫn, cống
drainage	n	'dreinidʤ	sự rút nước, sự tháo nước
drainpipe	n		ống thoat nước
drake	n	dreik	phù du mồi câu
dram	n	dræm	drachm
drama	n	'drɑ:mə	kịch, tuồng
dramatic	a	drə'mætik	kịch, như kịch
dramatically	d		đột ngột
dramatics	n	drə'mætiks	nghệ thuật kịch, nghệ thuật tuồng
drank	n	driɳk	đồ uống, thức uống
drape	n	dreip	màn, rèm
draper	n	'dreipə	người bán vải, người bán đồ vải
drastic	a	'dræstik	tác động mạnh mẽ, quyết liệt
drastically	d		mạnh mẽ, quyết liệt
drat	v	dræt	uộc khưới chết tiệt
draught	n	drɑ:ft	sự kéo
draw	n	drɔ:	sự kéo, sự cố gắng
drawback	n	'drɔ:bæk	điều trở ngại, mặt hạn chế
drawbridge	n	'drɔ:bridʤ	cầu sắt
drawer	n	'drɔ:ə	người kéo, người nhổ
drawers	n	drɔ:z	quần đùi a pair of drawers)
drawing	n	'drɔ:iɳ	sự kéo, sự lấy ra
drawn	n	drɔ:	sự kéo, sự cố gắng
dread	n	dred	sự kinh sợ, sự kinh hãi
dreadful	a	'dredful	dễ sợ, khiếp
dreadfully	d	'dredfuli	kinh sợ, khiếp sợ
dreadlocks	n		tóc cuốn lọn dài
dreadnought	n	'drednɔ:t	vải dày, áo khoác bằng vải dày
dream	n	dri:m	giấc mơ, giấc mộng
dreamboat	n		người khác giới hết sức hấp dẫn
dreamer	n	'dri:mə	người mơ mộng vẩn vơ, người mơ tưởng hão
dreamland	n		xứ mơ, cõi mơ mộng
dreamt	n	dri:m	giấc mơ, giấc mộng
dreamy	a	'dri:mi	hay mơ màng, hay mơ mộng vẩn vơ
dreary	a	'driəri/ (drear) /driə	tồi tàn, ảm đạm
dredge	n	dredʤ	lưới vét
dregs	n		cặn
drench	n	drentʃ	liều thuốc
dresden	n		đồ sứ làm gần Đre-xđen màu sắc đẹp
dress	n	dres	quần áo
dresser	n	'dresə	chạn bát đĩa
dressing	n	'dresiɳ	sự ăn mặc, cách ăn mặc
dressmaker	n	'dres,meikə	thợ may áo đàn bà
dressy	a	'dresi	thích diện, diện sang
drew	n	drɔ:	sự kéo, sự cố gắng
dribble	n	'dribl	dòng chảy nhỏ giọt
dried	a		khô, sấy khô
drier	n	'draiə/ (drier) /'draiə	người phơi khô
drift	n	drift	sự trôi giạt, tình trạng bị lôi cuốn đi
drifter	n	'driftə	thuyền đánh lưới trôi, người đánh lưới t
driftwood	n		gỗ trôi giạt, củi rều
drill	n	dril	mũi khoan, máy khoan
drilling	n		việc gieo mạ theo hàng
drink	n	driɳk	đồ uống, thức uống
drinker	n	'driɳkə	người uống
drinking	n		sự uống rượu
drinks	a		liên quan đến rượu
drip	n	drip	sự chảy nhỏ giọt, sự để nhỏ giọt
dripping	n	'dripiɳ	sự chảy nhỏ giọt, sự để chảy nhỏ giọt
drive	n	draiv	cuộc đi xe, cuộc đi chơi bằng xe
drivel	n	'drivl	nước dãi, mũi dãi
driven	n	draiv	cuộc đi xe, cuộc đi chơi bằng xe
driver	n	'draivə	người lái, người đánh xe
driveway	n	'draivwei	đường lái xe vào nhà
drizzle	n	'drizl	mưa phùn, mưa bụi
droid	n		người máy = humanlike robot
droll	a	droul	khôi hài, buồn cười
drone	n	droun	ong mật đực
drool	n	dru:l	nước dãi, mũi dãi
droop	n	dru:p	dáng gục xuống, dáng cuối xuống
drooping	a	'dru:piɳ	cúi xuống, rũ xuống
droopy	n		ủ rũ
drop	n	drɔp	giọt
dropout	n		chữ ngoài
dropouts	n		những ký tự bị bỏ rơi
droppings	n	'drɔpiɳz	cái rơi nhỏ giọt
drought	n	draut/ (drouth) /drauθ	hạn hán
drove	n	drouv	đàn
drown	v	draun	chết đuối
drowsy	a	'drauzi	ngủ lơ mơ, ngủ gà ngủ gật
drudgery	n	'drʌdʤəri	công việc vất vả cực nhọc, lao dịch
drug	n	drʌg	thuốc, dược phẩm
druggist	n	'drʌgist	người bán thuốc, người bán dược phẩm
drugstore	n	'drʌgstɔ:	hiệu thuốc, cửa hàng dược phẩm
druid	n		tu sự của một tôn giáo cổ ở Xentơ
drum	n	drʌm	cái trống
drumbeat	n	'drʌmbi:t	tiếng trống
drummer	n	'drʌmə	người đánh trống
drumming	n		tiếng lộp độp đều đều
drumstick	n	'drʌmstik	dùi trống
drunk	a	drʌɳk	say rượu
drunkard	n	'drʌɳkəd	người say rượu
drunken	a	'drʌɳkən	say rượu
drunkenly	d	'drʌɳkənli	say rượu
drunkenness	n	'drʌɳkənnis	sự say rượu
dry	a	drai	khô, cạn
dryer	n	'draiə/ (drier) /'draiə	người phơi khô
drying	a		làm thành khô, được dùng khô
dual	a	'dju:əl	hai, lưỡng
duality	n	dju:'æliti	tính hai mặt
dub	n	dʌb	vũng sâu
dubbing	n	'dʌbiɳ	sự phong tước hiệp sĩ
dubious	a	'dju:bjəs	lờ mờ, mơ hồ
duchess	n	'dʌtʃis	vợ công tước, vợ goá của công tước
duchy	n	'dʌtʃi	đất công tước
duck	n	dʌk	con vịt, vịt cái
ducking	n	'dʌkiɳ	sự săn vịt trời
duckling	n	'dʌkliɳ	vịt con
ducky	a	'dʌki	xinh xẻo, kháu
duct	n	'dʌki	ống, ống dẫn
dud	n	dʌd	bù nhìn, người rơm dud man)
dude	n	dju:d	công tử bột, anh chàng ăn diện
due	n	dju:	quyền được hưởng, cái được hưởng
duel	n	'dju:əl	cuộc đọ kiếm tay đôi, cuộc đọ súng tay đ
duet	n		bản nhạc cho bộ đôi, bản đuyê
duff	n	dʌf	bột nhào
duffel	n	'dʌfəl/ (duffle) /'dʌfəl	vải len thô
duffer	n	'dʌfə	người bán đồ tập tàng làm giả như mới, n
duffle	n	'dʌfəl/ (duffle) /'dʌfəl	vải len thô
dug	n	dʌg	vú, đầu vú, núm vú
dugout	n		thuyền độc mộc
duke	n	dju:k	công tước
dull	a	dʌl	chậm hiểu, tối dạ
duly	d	'dʌli	đúng dắn, thích đáng
duma	n	'du:mə	viện Đu-ma
dumb	a	dʌm	câm, không nói
dumbbell	n		quả tạ
dummy	n	'dʌmi	người nộm, người rơm
dump	n	'dʌmi	vật ngắn bè bè, người lùn bè bè
dumping	n	'dʌmpiɳ	sự đổ thành đống, sự vứt bỏ
dumpling	n	'dʌmpliɳ	bánh bao, bánh hấp
dumps	n	dʌmps	sự buồn nản, sự buồn chán
dumpy	a	'dʌmpi	buồn, buồn bã
dun	a	dʌn	nâu xám
dunce	n	dʌns	người tối dạ, người ngu độn
dune	n	dju:n	cồn cát, đụn cát
dung	n	dʌɳ	phân thú vật
dungeon	n	'dʌndʤən	donjon
dunk	v	dʌɳk	nhúng
duo	n	'dju:ou	bộ đôi
dupe	n	dju:p	người bị bịp
duper	n	'dju:pə	kẻ bịp, kẻ lừa bịp
duplex	a	'dju:pleks	hai, kép đôi
duplicate	n	'dju:plikit	bản sao
duplicated	n		lặp lại
duplicity	n	dju:'plisiti	trò hai mắt, trò hai mang
durable	a	'djuərəbl	bền, lâu bền
duration	n	djuə'reiʃn	thời gian, khoảng thời gian
duress	n	djuə'res/ (duresse) /djuə'res	sự câu thúc, sự cầm tù
durian	n	'duəriən	quả sầu riêng
during	n	'djuəriɳ	trải qua, trong lúc
durst	n	deə	sự dám làm
dusk	n	dʌsk	bóng tối
dusky	a	'dʌski	tối, mờ tối
dust	n	dʌst	bụi
dustbin	n	'dʌstbin	thùng rác
duster	n	'dʌstə	khăn lau bụi
dusting	n	'dʌstiɳ	sự quét bụi, sự phủi bụi
dustpan	n	'dʌstmən	cái hót rác
dusty	a	'dʌsti	bụi rậm, đầy bụi
dutch	a	dʌtʃ	Hà-lan
dutchman	n	'dʌtʃmən	người Hà-Lan
dutiful	a	'dju:tiful/ (duteous) /'dju:tjəs	biết vâng lời, biết nghe lời
duty	n	'dju:ti	sự tôn kính, lòng kính trọng
duvet	n	'dju:vei	chăn lông vịt
dwarf	a	dwɔ:f	lùn, lùn tịt
dwell	v	dwel	+ in, at
dweller	n	'dwelə	người ở
dwelling	n	'dweliɳ	sự ở, sự ngụ ở
dyad	n	'daiæd	số 2
dye	n	dai	thuốc nhuộm
dyeing	n	'daiiɳ	sự nhuộm
dyer	n	'daiə	thợ nhuộm
dying	n	'daiiɳ	sự chết
dyke	n	daik/ (dyke) /daik	đê, con đê
dynamic	a	dai'næmik	động lực
dynamics	n	dai'næmiks	động lực học
dynamite	n	'dainəmait	đinamit
dynamo	n	'dainəmou	đinamô, máy phát điện
dynasty	n	'dinəsti	triều đại, triều vua
dysentery	n	'disntri	bệnh lỵ
dysfunction	n		cũng disfunction
dyslexia	n		sự đọc khó
dyslexic	a		mắc chứng khó đọc
e	n	'iədrɔps	thuốc nhỏ tai
ea	n		mỗi
each	a	i:tʃ	mỗi
eachother	n		đt
eager	a	'i:gə	ham, háo hức
eagerly	d		hăm hở, hăng hái
eagerness	n	'i:gənis	sự ham, sự háo hức
eagle	n	'i:gl	chim đại bàng
ear	n	iə	tai
eardrum	n		màng nhự
earful	n		sự quở mắng, sự rầy la
earl	n	ə:l	bá tước count)
earlobe	n		dái tai
early	a	'ə:li	sớm, ban đầu
earn	v	ə:n	kiếm được, giành được
earner	n		xem earn
earnest	a	'ə:nist	đứng đắn, nghiêm chỉnh
earnestly	d		nghiêm túc, nghiêm chỉnh
Earning	n		Thu nhập.
earnings	n	'ə:niɳz	tiền kiếm được, tiền lương
earphones	n		ống nghe
earpiece	n		vành tai, ống nghe
earplugs	n		cái nút tai
earring	n		khuyên tai
earshot	n	'iəriɳ	tầm nghe
earth	n	ə:θ	đất, đất liền
earthling	n	'ə:θliɳ	con người
earthly	a	'ə:θli	quả đất
earthquake	n	'ə:θkweik	sự động đất
earthworm	n		giun đất
earthy	a	'ə:θi	như đất, bằng đất
earwig	n	'iəwig	con xâu tai
ease	n	i:z	sự thanh thản, sự thoải mái
easel	n	'i:zl	giá vẽ, giá bảng đen
easily	d	'i:zili/ (easy) /'i:zi	thoải mái, thanh thản
easing	n	'i:ziɳ	sự làm bớt đau, sự làm giảm đau
east	n	i:st	hướng đông, phương đông
eastbound	a		về hướng đông
easter	n	'i:stə	lễ Phục sinh
eastern	a	'i:stən	đông
eastward	n	'i:stwəd	hướng đông
easy	a	'i:zi	thoải mái, thanh thản
easygoing	a		dễ tính, vô tâm
eat	v	i:t	ăn; ăn cơm
eaten	v	i:t	ăn; ăn cơm
eater	n	'i:tə	người ăn
eatery	n	'i:təri	eating-house
eating	n	'i:tiɳ	sự ăn
eats	n	i:ts	thức ăn, đồ ăn
eaves	n	i:vz	mái chìa
eavesdrop	v	'i:vzdrɔp	nghe trộm
ebb	n	eb	triều xuống ebb-tide)
ebony	n	'ebəni	gỗ mun
ec	n		khu trung tâm phía đông
eccentric	n	ik'sentrik	người lập dị, người kỳ cục
ecclesiastical	n	i,kli:zi'ætik/ (ecclesiastical) /i,kli:zi'ætik	giáo hội, thầy tu
ecg	n		điện tâm đồ
echelon	n	'eʃəlɔn	sự dàn quân theo hình bậc thang
echidna	n	e'kidnə	thú lông nhím
echo	n	'ekou	tiếng dội, tiếng vang
eclectic	a	ek'lektik	chiết trung
eclipse	n	i'klips	sự che khuất, thiên thực
ecological	a	,ekə'lɔdʤik/ (ecological) /,ekə'lɔdʤikəl	sinh thái học
ecology	n	i'kɔlədʤi/ (oecology) /i:'kɔlədʤi	sinh thái học
economic	a	,i:kə'nɔmik	kinh tế
economical	a	,i:kə'nɔmikəl	tiết kiệm
economically	d		về phương diện kinh tế, về mặt kinh tế
economics	n	,i:kə'nɔmiks	khoa kinh tế chính trị
economist	n	i:'kɔnəmist	nhà kinh tế học
economy	n	i:'kɔnəmi	sự quản lý kinh tế, nền kinh tế
ecosystem	n		hệ sinh thái
ecstasy	n	'ekstəsi/ (extasy) /'ekstəsi	trạng thái mê ly
ecstatic	a	eks'tætik	ở trạng thái mê ly, làm mê ly
ect	n	it'setrə/ (etcetera) /it'setrə	vân vân etc)
ectoplasm	n	'ektouplæzm	ngoại chất
eczema	n	'eksimə	Eczêma chàm
eddy	n	'edi	xoáy nước
edelweiss	n	'eidlvais	cây nhung tuyết
edema	n		chứng phù
eden	n	'i:dn	thiên đường, nơi cực lạc
edge	n	edʤ	lưỡi, cạnh sắc
edged	a	edʤ	sắc
edging	n	'edʤiɳ	sự viền, sự làm bờ
edgy	a	'edʤi	sắc
edi	n		Một tiêu chuẩn dùng cho việc trao đổi bằ
edible	a	'edibl	có thể ăn được
edict	n	'i:dikt	chỉ dụ, sắc lệnh
edifice	n	'edifis	công trình xây dựng lớn, )
edit	v	'edit	thu nhập và diễn giải
edition	n	i'diʃn	loại sách in ra loại sách xuất bản
editor	n	'editə	người thu thập và xuất bản
editorial	a	,edi'tɔ:riəl	công tác thu thập và xuất bản
educate	v	'edju:keit	giáo dục, cho ăn học
educated	a		có giáo dục, có học
education	n	,edju:'keiʃn	sự giáo dục, sự cho ăn học
educational	a	,edju:'keiʃənl	thuộc ngành giáo dục
educator	n	'edju:keitə	thầy dạy
edwardian	a	ed'wɔ:djən	thuộc triều đại các vua Ê-đu-a, thuộc tr
eeg	n		điện não đồ
eel	n	i:l	con cá chình, con lươn & )
eerie	a	'iəri/ (eery) /'iəri	sợ sệt vì mê tín
eerily	d		kỳ lạ, kỳ quái
effect	n	i'fekt	kết quả
effective	a	'ifektiv	có kết quả
effectively	d	i'fektivli	có kết quả
effectiveness	n	i'fektivnis	sự có hiệu lực
effeminate	a	i'feminit	yếu ớt, ẻo lả
effendi	n		số nhiều effendis
efficacy	n	,efi'keiʃəsnis/ (efficacy) /'efikəsi	tính có hiệu quả, hiệu lực
efficiency	n	i'fiʃəni	hiệu lực, hiệu quả
efficient	a	i'fiʃənt	có hiệu lực, có hiệu quả
efficiently	d		có hiệu quả, hiệu nghiệm
effigy	n	'efidʤi	hình, hình nổi
effort	n	'efət	sự cố gắng, sự ráng sức
effortless	a	'efətlis	không cố gắng, thụ động
effortlessly	d		dễ dàng
effusion	n	i'fju:ʤn	sự tuôn ra, sự trào ra
egad	a	i'gæd	bình quân chủ nghĩa
egg	n	eg	trứng
egghead	n		nhà trí thức xa rời thực tế
eggshell	n		vỏ trứng
eggy	n		xem egg
ego	n	'egou	cái tôi
egocentric	a	,egou'sentrik	cho mình là trọng tâm
egoist	n	'egouist	người ích kỷ, người cho mình là trên hết
egomaniac	n		người cực kỳ ích kỷ
egotistical	a	,egou'tistik/ (egotistical) /,egou'tistikəl	thuyết ta là nhất, thuyết ta là trên hết
egregious	a	i'gri:dʤəs	quá xá, đại
egress	n	'i:gres	sự ra
egyptian	a	i'dʤipʃn	Ai-cập
eh	i	ei	ê!, này!; ồ! nhỉ!
eight	a	eit	tám
eighteen	a	'ei'ti:	mười tám
eighteenth	a		thứ mười tám
eighth	a	eitθ	thứ tám
eighty	a	'eiti	tám mươi
either	a	'aiðə,(Mỹ)'i:ðə	mỗi, một
ejaculate	v	i'dʤækjuleit	thốt ra, văng ra
ejaculation	n	i'dʤækjuleiʃn	sự thốt ra, sự văng ra
eject	v	'i:dʤekt	tống ra, làm vọt ra
ejection	n	i:'dʤekʃn	sự tống ra, sự làm vọt ra
ejector	n	i:'dʤektə	người tống ra, người đuổi ra
el	n	el	ell
elaborate	a	i'læbərit	phức tạp
elastic	a	i'læstik	co giãn & ), đàn hồi
elasticity	n	,elæs'tisiti	tính co giãn & ), tính đàn hồi
elated	a	i'leitid	phấn chấn, phấn khởi
elation	n	i'leiʃn	sự phấn chấn, sự phấn khởi
elbow	n	elbou	khuỷu tay, khuỷu tay áo
elder	a	'eldə	nhiều tuổi hơn
elderly	a	'eldəli	sắp già
eldest	a	'eldist	cả , nhiều tuổi nhất
eldorado	n		xứ Eldorado - vùng đất tưởng tượng giàu
elect	a	i'lekt	chọn lọc
election	n	i'lekʃn	sự chọn
elective	a	i'lektiv	do chọn lọc bằng bầu cử
electoral	a	i'lektərəl	sự bầu cử, cử tri
electorate	n	i'lektərit	toàn bộ cử tri
electric	a	i'lektrik	điện, có điện
electrical	a	i'lektrikəl	điện
electrician	n	ilek'triʃn	thợ lắp điện, thợ điện
electricity	n	ilek'trisiti	điện, điện lực
electrocute	v	i'lektrəkju:t	xử tử bằng điện
electrocution	n	i,lektrə'kju:ʃn	sự xử tử bằng điện
electrode	n	i'lektroud	cực, cực điện
electromagnetic	a	i'lektroumæg'neik	điện tử
electromagnetism	n	i'lektrou'mægnitizm	hiện tượng điện tử
electron	n	i'lektrɔn	Electron, điện tử
electronic	a	ilek'trɔnik	điện tử
electronics	n	ilek'trɔniks	điện tử học
electroshock	n	i,lektrous'ʃɔk	sốc điện
elegance	n	'eligəns	tính thanh lịch, tính tao nhã
elegant	a	'eligənt	thanh lịch, tao nhã
elegantly	d		thanh lịch, tao nhã
element	n	'elimənt	yếu tố
elemental	a	,eli'mentl	bốn nguyên tố, sức mạnh thiên nhiên
elementary	n	,eli'mentəri	cơ bản, sơ yếu
elephant	n	'elifənt	con voi
elevate	v	'eliveit	nâng lên, đưa lên
elevated	a	'eliveitid	cao, cao cả
elevating	n		nâng cao
elevation	n	,eli'veiʃn	sự nâng lên, sự đưa lên
elevator	n	'eliveitə	máy nâng, máy trục
eleven	a	i'levn	mười một
eleventh	a	i'levnθ	thứ mười một
elf	n	elf	yêu tinh
elicit	v	i'lisit	khêu ra, gợi ra
eligibility	n	,elidʤə'biliti	tính đủ tư cách, tính thích hợp
eligible	a	i'liminəbl	đủ tư cách, thích hợp
eliminate	v	i'limineit	loại ra, loại trừ
elimination	n	i,limi'neiʃn	sự loại ra, sự loại trừ
elite	n		Một kiểu chữ, in được 12 ký tự trong mỗi
elixir	n	i'liksə	thuốc luyện đan
elizabethan	a	i,lizə'bi:θən	triều nữ hoàng Ê-li-gia-bét I
elk	n	elk	nai anxet, nai sừng tấm
ell	n	el	En
elliptical	a	i'liptikəl	elliptic
elm	n	elm	cây đu
elope	v	i'loup	trốn đi theo trai
eloquence	n	'eləkwəns	tài hùng biện
eloquent	a	'eləkwənt	hùng biện, hùng hồn
eloquently	d		hùng biện, hùng hồn
else	d	els	khác, nữa
elsewhere	d	'els'weə	ở một nơi nào khác
elude	v	i'lu:d	tránh, né
elusive	a	i'lu:siv/ (elusory) /i'lu:səri	hay lảng tránh, có tính chất lảng tránh
elves	n	elf	yêu tinh
elysium	n	i'liziəm	thiên đường, chốn thiên đường
em	n	em	M, m
EMA	n		Xem EUROPEAN MONETARY AGREEMENT
emaciated	a	i'meiʃietid	gầy mòn, hốc hác
email	n		thư điện tử
emancipation	n	i,mænsi'peiʃn	sự giải phóng
emasculated	a	i'mæskjuleitid	emasculate
embankment	n	em'bæɳkmənt	đê; đường đắp cao
embargo	n	em'bɑ:gou	lệnh cấm vận
embark	v	em'bɑ:k	cho lên tàu imbark)
embarking	n		xem embarkment
embarrass	v	im'bærəs	làm lúng túng, làm ngượng nghịu
embarrassed	a	im'bærəst	lúng túng, bối rối
embarrassing	a	im'bærəsiɳ	làm lúng túng
embarrassment	n		sự lúng túng, sự ngượng ngịu
embassy	n	'embəsi	chức đại sứ, hàm đại sứ
embedded	n		được nhúng
embellish	v	im'beliʃ	làm đẹp, trang điểm
ember	n	'embə	than hồng & ), đám tro tàn còn lẫn những
embezzlement	n	im'bezlmənt	sự biển thủ, sự tham ô
embezzler	n		người biển thủ, người thụt két
emblem	n	'embləm	cái tượng trưng, cái biểu tượng
embodiment	n	im'bɔdimənt	hiện thân
embody	v	im'bɔdi	là hiện thân của
embolism	n	'embəlizm	sự tắc mạch
embrace	n	im'breis	sự ôm, cái ôm
embroider	v	im'brɔidə/ (broider) /'brɔidə	thêu
embroidery	n	im'brɔidəri/ (broidery) /'brɔidəri	việc thêu
embryo	n	'embriou	phôi
embryonic	n	,embri'ɔnik	phôi, giống phôi
emcee	n		người chủ trì
emerald	n	'emərəld	ngọc lục bảo
emerge	v	i'mə:dʤ	nổi lên, hiện ra
emergence	n	i'mə:dʤəns	sự nổi lên, sự hiện ra
emergency	n	i'mə:dʤensi	tình trạng khẩn cấp
emergent	a	i'mə:dʤənt	nổi lên, lồi ra
emery	n	'eməri	bột mài
emf	n		sức điện động
emigrate	v	ei'mə:t	di cư
emigration	n	,emi'greiʃn	sự di cư
eminence	n	'eminəns	mô đất
eminent	a	'eminənt	nổi tiếng, xuất sắc
emir	n	e'miə	thủ hiến, hoàng thân
emissary	n	'emisəri	phái viên, phái viên mật
emission	n	i'miʃn	sự phát ra, sự bốc ra
emit	a	i'mit	phát ra, bốc ra
emitter	n		cực phát, vùng phát
emmet	n	'emit	con kiến
emotion	n	i'mouʃn	sự cảm động, sự xúc động
emotional	a	'imouʃənl	cảm động, xúc động
emotionless	a		dửng dưng, không hề xúc động
empathetic	a		có sự đồng cảm, thông cảm
empathy	n	'empəθi	sự thấu cảm
emperor	n	'empərə	hoàng đế
emphasis	n	'emfəsis	sự nhấn mạnh, sự nhấn giọng
emphasise	v	'emfəsaiz/ (emphasize) /'emfəsaiz	nhấn mạnh
emphasize	v		nhấn mạnh
emphatic	a	im'fætik	nhấn mạnh, nhấn giọng
emphatically	d	im'fætikəli	nhấn mạnh
emphysema	n	,emfi'si:mə	khí thũng
empire	n	'empaiə	đế quốc, chế chế
empirical	a	em'pirikəl	theo lối kinh nghiệm, kinh nghiệm chủ ng
employ	n	im'plɔi	sự dùng
employee	n	ɔm'plɔiei/ (employee) /,emplɔi'i:	người làm, người làm công
employer	n	im'plɔiə	chủ
employment	n	im'plɔimənt	sự dùng, sự thuê làm
emporium	n	em'pɔ:riəm	nơi buôn bán, chợ
empower	v	im'pauə	cho quyền, trao quyền
empowerment	n		xem empower
empress	n	'empris	hoàng hậu
emptiness	n	'emptinis	tình trạng rỗng không
empty	a	'empti	trống, rỗng
emptying	n	'emptiiɳ	sự dốc sạch, sự vét sạch
EMS	n		Xem EUROPEAN MONETARY SYSTEM
emu	n	'i:mju:/ (emeu) /'i:mju:	đà điểu sa mạc Uc, chim êmu
emulate	v	'emjuleit	thi đua với
en	n	en	N, n
enable	v	i'neibl	làm cho có thể, làm cho có khả năng
enabling	n		khả dụng, khai thông mạch
enact	v	i'nækt	ban hành
enamel	n	i'næməl	men, lớp men
encampment	n	in'kæmpmənt	sự cắm trại
encephalitis	n	,enkefə'laitis	viêm não
enchant	v	in'tʃɑ:nt	bỏ bùa mê & )
enchanting	a	in'tʃɑ:ntiɳ	bỏ bùa mê
enchantment	n	in'tʃɑ:ntmənt	sự bỏ bùa mê, trạng thái bị bỏ bùa mê
enchantress	n	en'tʃɑ:ntris	người đàn bà bỏ bùa mê, bà phù thuỷ
encircle	v	in'sə:kl	vây quanh, bao quanh
enclose	v	in'klouz/ (inclose) /in'klouz	vây quanh, rào quanh
enclosure	n	in'klouʤə/ (inclosure) /in'klouʤə	sự rào lại
encore	i	ɔɳ'kɔ:	nữa!, hát lại!
encounter	n	in'kauntə	sự gặp gỡ, sự bắt gặp
encourage	v	in'kʌridʤ	làm can đảm, làm mạnh dạn
encouragement	n	in'kʌridʤmənt	sự làm can đảm, sự làm mạnh dạn
encouraging	a	in'kʌridʤiɳ	làm can đảm, làm mạnh dạn
encryption	n		sự mật mã hóa
encyclopaedia	n	en,saiklou'pi:djə/ (encyclopaedia) /en,saiklou'pi:djə	bộ sách bách khoa
encyclopedia	n	en,saiklou'pi:djə/ (encyclopaedia) /en,saiklou'pi:djə	bộ sách bách khoa
end	n	end	giới hạn
endanger	v		gây nguy hiểm
endangerment	n		xem endanger
endearment	n	in'diəmənt	sự làm cho được mến, sự làm cho được quý
endeavor	n	in'devə	endeavour
endeavour	n	in'devə	sự cố gắng, sự nỗ lực
endemic	a	en'demik	đặc hữu
ending	n	'endiɳ	sự kết thúc, sự chấm dứt
endless	a	'endlis	vô tận, vĩnh viễn
endlessly	d		không ngừng, liên tu bất tận
endorse	v	in'dɔ:s/ (indorse) /in'dɔ:s	chứng thực đằng sau, viết đằng sau
endorsement	n	in'dɔ:smənt/ (indorsation) /,indɔ:'seiʃn/ (indorsement) /in'dɔ:smənt	sự chứng thực đằng sau, lời viết đằng sa
endowment	n	in'daumənt	sự cúng vốn cho, vốn cúng cho
endurance	n	in'djuərəns	sự chịu đựng
endure	v	in'djuə	chịu đựng, cam chịu
enduring	a	in'djuəriɳ	lâu dài, vĩnh viễn
enema	n	'enimə	sự thụt
enemy	n	'enimi	kẻ thù, kẻ địch
energetic	a	,enə'dʤetik	mạnh mẽ, mãnh liệt
energize	v	'enədʤaiz/ (energize) /'enədʤaiz	làm mạnh mẽ, làm mãnh liệt
energized	n		năng lượng hóa
energy	n	'enədʤi	nghị lực, sinh lực
enforce	v	in'fɔ:s	làm cho có hiệu lực, làm cho có sức mạnh
enforcement	n	in'fɔ:smənt	sự thúc ép, sự ép buộc
enforcer	n		xem enforce
eng	n		Peter, cử nhân khoa học
engage	v	in'geidʤ	hẹn, hứa hẹn
engaged	a	in'geidʤd	đã đính ước, đã hứa hôn
engagement	n	in'geidʤmənt	sự hứa hẹn, sự ước hẹn
Engagements	n		Tuyển dụng .
engaging	a	in'geidʤiɳ	lôi kéo, hấp dẫn
engine	n	'endʤin	máy động cơ
engineer	n	,endʤi'niə	kỹ sư, công trình sư
engineering	n	,endʤi'niəriɳ	kỹ thuật kỹ sư, kỹ thuật công trình sư
english	a	'iɳgliʃ	Anh
englishman	n	'iɳgliʃmən	người Anh
engrave	v	in'greiv	khắc, trổ
engraving	n	in'greiviɳ	sự khắc, sự trổ
engulf	v	in'gʌlf	nhận chìm, nhận sâu
enhance	v	in'hɑ:ns	làm tăng, nâng cao
enhancement	n	in'hɑ:nsmənt	sự làm tăng, sự nâng cao
enigma	n	i'nigmə	điều bí ẩn
enigmatic	a	,enig'mætik/ (enigmatical) /,enig'mætik	bí ẩn, khó hiểu
enjoy	v	in'dʤɔi	thích thú, khoái
enjoyable	a	in'dʤɔiəbl	thú vị, thích thú
enjoyment	n	in'dʤɔimənt	sự thích thú, sự khoái trá
enlarge	v	in'lɑ:dʤ	mở rộng, tăng lên
enlarged	a		mở rộng
enlargement	n	in'lɑ:dʤmənt	sự mở rộng, sự tăng lên
enlighten	v	in'laitn	làm sáng tỏ, mở mắt cho
enlightened	a	in'laitnd	được làm sáng tỏ, được mở mắt
enlightenment	n	in'laitnmənt	sự làm sáng tỏ, sự mở mắt
enlist	v	in'list	tuyển
enlistment	n	in'listmənt	sự tuyển quân, sự tòng quân
enmity	n	'enmiti	sự thù hằn
enormity	n	i'nɔ:miti	sự tàn ác dã man, tính tàn ác
enormous	a		to lớn, khổng lồ
enormously	d		to lớn, khổng lồ
enough	a	i'nʌf	đủ, đủ dùng
enquire	v	in'kwaiə/ (enquire) /in'kwaiə	+ into) điều tra, thẩm tra
enquiry	n	in'kwaiəri	sự điều tra, sự thẩm tra
enraged	a		nổi giận, nổi khùng
enrich	v	in'ritʃ	làm giàu, làm giàu thêm
enrichment	n	in'ritʃmənt	sự làm giàu, sự làm giàu thêm
enroll	v	in'roul/ (enroll) /in'roul	tuyển
enrollment	n		như enrolment
ensemble	n	Ỵ:n'sỴ:mbl	toàn bộ, ấn tượng chung
ensign	n	'ensain	phù hiệu
enslave	v	in'sleiv	biến thành nô lệ, bắt làm nô lệ
enslavement	n	in'sleivmənt	sự nô dịch hoá, tình trạng bị nô dịch
ensue	v	in'sju:	xảy ra sau đó
ensuing	a		kế tiếp theo
ensure	v	in'ʃuə	bảo đảm
ent	n		tai mũi họng
entail	n	in'teil	chế độ kế thừa theo thứ tự, tài sản kế t
entanglement	n	in'tæɳglmənt	sự làm vướng mắc, sự làm mắc bẫy
enter	v	'entə	đi vào
enterprise	n	'entəpraiz	việc làm khó khăn, việc làm táo bạo
enterprising	a	'entəpraiziɳ	dám làm
entertain	v	,entə'tein	tiếp đãi, chiêu đãi
entertainer	n	,entə'teinə	người tiếp đãi, người chiêu đãi
entertaining	a	,entə'teiniɳ	giải trí, vui thú
entertainment	n	,entə'teinmənt	sự tiếp đãi, sự chiêu đãi
enthusiasm	n	in'θju:ziæzm	sự hăng hái, sự nhiệt tình
enthusiast	n	in'θju:ziæst	người hăng hái, người có nhiệt tình
enthusiastic	a	in'θju:zi'æstik	hăng hái, nhiệt tình
enthusiastically	d		phấn khởi, hăng hái
entice	v	in'tais	dụ dỗ, cám dỗ
enticing	a		hấp dẫn, lôi cuốn
entire	a	in'taiə	toàn bộ, toàn thể
entirely	d	in'taiəli	toàn bộ, toàn vẹn
entirety	n	in'taiəti	trạng thái nguyên, trạng thái toàn vẹn
entitlement	n		quyền, sự được phép làm
entity	n	'entiti	thực thể
entomologist	n	,entə'mɔlədʤist	nhà nghiên cứu sâu bọ
entourage	n	,ɔntu'rɑ:ʤ	vùng lân cận, vùng xung quanh
entrails	n	'entreilz	ruột
entrance	n	'entrəns	sự đi vào
entrap	v	in'træp	đánh bẫy
entrapment	n		xem entrap
entreat	v	in'tri:t	khẩn nài, khẩn khoản
entrepreneur	n	,ɔntrəprə'nə:	người phụ trách hãng buôn
entrepreneurial	a		nghề thầu khoán
entropy	n	'entrəpi	entrôpi
entrust	v	in'trʌst	giao, giao phó cho
entry	n	'entri	sự đi vào
envelope	n	'enviloup	bao, bọc bì
enviable	a	'enviəbl	gây thèm muốn, gây ghen tị
envious	a	'enviəs	thèm muốn, ghen tị
environment	n	in'vaiərənmənt	môi trường, hoàn cảnh
environmental	a		thuộc về môi trường
environmentalist	n		người quan tâm bảo vệ môi trường, nhà mô
environmentally	d		về phương diện môi trường
envision	v	in'viʤn	nhìn thấy như trong ảo ảnh
envoy	n	in'viʤn	phái viên, đại diện
envy	n	'envɔi	sự thèm muốn, sự ghen tị
enzyme	n	'enzaim	, Enzim
ep	n		dựa hát chơi lâu
ephemeral	a	i'femərəl/ (ephemerous) /i'femərəs	phù du, sớm chết
epic	n	'epik	thiên anh hùng ca, thiên sử thi
epicenter	n		chấn tâm
epidemic	a	,epi'demik	dịch
epidural	a		gây tê ngoài màng cứng
epilepsy	n	'epilepsi	động kinh
epileptic	a	,epi'leptik	động kinh
epilogue	n	'epilɔg	phần kết, lời bạt
epinephrine	n		cũng epinephrin
epiphany	n	i'pifəni	sự hiện ra
episode	n	,episoud	phần giữa
epitaph	n	'epitɑ:f	mộ chi
epitome	n	i'pitəmi	bản tóm tắt, bản cô lại
epoch	n	'i:pɔk	sự bắt đầu của một kỷ nguyên
epoxy	a		epoxi, cầu oxy
eps	n		tệp EPS
epsilon	n	ep'sailən	Epxilon
equal	a	'i:kwəl	ngang, bằng
equality	n	i:kwɔliti	tính bằng, tính ngang bằng
equally	d	'i:kwəli	bằng nhau, ngang nhau
equate	v	i'kweit	làm cân bằng, san bằng
equation	n	i'kweiʃn	sự làm cân bằng
equator	n	i'kweitə	xích đạo
equatorial	a	,ekwə'tɔ:riəl	xích đạo, gần xích đạo
equestrian	a	i,kwestriən	sự cưỡi ngựa
equilibrium	n	,i:kwi'libriəm	sự thăng bằng
equine	a	i'kweiʃn	ngựa, như ngựa
equinox	n	'i:kwinɔks	điểm phân
equip	v	i'kwip	trang bị
equipment	n	i'kwipmənt	sự trang bị
equitable	a	'ekwitəbl	công bằng, vô tư
equity	n	'ekwiti	tính công bằng, tính vô tư
equivalent	a	i'kwivələnt	tương đương
er	i	ə:	A à! ờ ờ!
era	n	'iərə	thời đại, kỷ nguyên
eradicate	v	i'rædikeit	nhổ rễ
eradication	n	i,rædi'keiʃn	sự nhổ rễ
erase	v	i'reiz	xoá, xoá bỏ
erased	n		bị xoá, bị khử
eraser	n		người xoá, người xoá bỏ
ere	p	eə	, trước
erect	a	i'rekt	thẳng, đứng thẳng
erectile	a	i'rektail	cương
erection	n	i'rekʃn	sự đứng thẳng, sự dựng đứng
ergo	d	'ə:gou	) do đó, vậy thì
erica	n		cây thạch nam
erin	n		Airơlân
ERM	n		Xem EXCHANGE RATE MECHANISM.
ermine	n	'ə:min	chồn ecmin
ernie	n	ə:ni	của electronic random number indicator e
erode	v	i'roud	xói mòn, ăn mòn
eroded	a	i'roudid	bị xói mòn, bị ăn mòn
erogenous	a		nhạy kích thích tình dục
eros	n	'erɔs	thần ái tình
erosion	n	i'rouʤn	sự xói mòn, sự ăn mòn
erotic	a	i'rɔtik	tình ái, tình dục
erotica	n	i'rɔtikə	văn học về tình
eroticism	n	e'rɔtisizm	tư tưởng dâm dục, tính đa dâm
err	v	ə:	lầm lỗi, sai lầm
errand	n	'erənd	việc vắt
errant	a	'erənt	lang thang, giang hồ
erratic	a	i'rætik	thất thường, được chăng hay chớ
erratically	d	i'rætikəli	thất thường, được chăng hay chớ
erroneous	a	i'rounjəs	sai lầm, sai sót
error	n	'erə	sự sai lầm, sự sai sót
erudite	a	'eru:dait	học rộng, uyên bác
erupt	v	i'rʌpt	phun
eruption	n	i'rʌpʃn	sự phun
esa	n		Cơ quan không gian Âu châu
escalade	n	,eskə'leid	sự leo bằng thang
escalate	v	,eskəleit	leo thang chiến tranh
escalation	n	,eskə'leiʃn	sự leo thang
escalator	n	'eskəleitə	cầu thang tự động
Escalators	n		Điều khoản di động giá.
escapade	n	,eskə'peid	sự lẫn trốn kiềm chế, sự tự do phóng tún
escape	n	is'keip	sự trốn thoát, phương tiện để trốn thoát
escapee	n	,eskə'pi:	người trốn thoát
escargot	n		ốc sên
escort	n	'eskɔ:k - is'kɔ:t	is'kɔ:t/
escrow	n	es'krou	bản giao kèo do người thứ ba gữ
eskimo	n	'eskimou	người Et-ki-mô
esophagus	n	i:'sɔfəgəs/ (esophagus) /i:'sɔfəgəs	thực quản
esoteric	a	,esou'terik/ (esoterical) /,esou'terikəl	bí truyền, bí mật
esp	n		Anh ngữ chuyên ngành
especially	d	is'peʃəli	đặc biệt là, nhất là
espionage	n		hoạt động tình báo, hoạt động gián điệp
espresso	n	es'presou	máy pha cà phê hơi
esquire	n	is'kwaiə	ông, ngài
essay	n	'esei	sự làm thử, sự làm cố gắng
essence	n	'esns	tính chất & )
essential	a	i'senʃəl	bản chất, thực chất
essentially	d		về bản chất, về cơ bản
est	n		giờ chuẩn ở miền Đông
establish	v	is'tæbliʃ	lập, thành lập
established	a	is'tæbliʃt	đã thành lập, đã thiết lập
establishment	n	is'tæbliʃmənt	sự thành lập, sự thiết lập
estate	n	is'teit	tài sản, di sản
esteem	n	is'ti:m	sự kính mến, sự quý trọng
ester	n	'estə	Este
estimate	n	'estimit - 'estimeit	'estimeit/
estimated	n		được ước lượng
estimation	n	,esti'meiʃn	sự đánh giá, sự ước lượng
estuary	n	'estjuəri	cửa sông
eta	n	'i:tə	Eta
etc	n		nhiều hơn nữa, vân vân
etcetera	n	it'setrə/ (etcetera) /it'setrə	vân vân etc)
etch	v	etʃ	khắc axit
eternal	a	i:'tə:nl	tồn tại, đời đời
eternally	d	i:'tə:nəli	đời đời, vĩnh viễn
eternity	n	i:'tə:niti	tính vĩnh viễn, tính bất diệt
ethanol	n		ethanol
ether	n	'i:θə	bầu trời trong sáng, chín tầng mây
ethereal	a	i:'θiəriəl/ (etherial) /etherial	cao tít tầng mây, trên thinh không
ethic	a	'eθik/ (ethical) /'eθikəl	đạo đức, luân thường đạo lý
ethical	a	'eθik/ (ethical) /'eθikəl	đạo đức, luân thường đạo lý
ethically	d	'eθikəli	có đạo đức, theo đúng luân thường đạo lý
ethics	n	'eθiks	đạo đức, luân thường đạo lý
ethiopian	a	,i:θi'oupjən	Ê-ti-ô-pi
ethnic	a	'eθnik/ (ethnical) /'eθnikəl	thuộc dân tộc, thuộc tộc người
ethnicity	n		tính cách sắc tộc
ethos	n	'i:θɔs	đặc tính, nét đặc biệt
etiquette	n	,eti'ket	phép xã giao
eucalyptus	n	,ju:kə'liptəs	cây khuynh diệp, cây bạch đàn
euclid	n	'ju:klid	nhà toán học O-clit
eugenia	n		cây vối
eugenics	n	ju:'dʤeniks	thuyết ưu sinh
eulogy	n	'ju:lədʤi	bài tán dương, bài ca tụng
eunuch	n	'ju:nək	quan hoạn
euphemism	n	ju:'fimizm	lối nói trại, lời nói trại
euphoria	n	ju:'fɔ:biə/ (euphory) /'ju:fəri	trạng thái phởn phơ
euphoric	a	ju:'fɔrik	phởn phơ
eurasian	a	juə'reiʤjən	Âu A
eureka	i	juə'ri:kə	thấy rồi!, tìm ra rồi!
euro	n		số nhiều euros
europe	n		châu Âu
european	a	,juərə'pi:ən	Châu âu, ở Châu âu
eurovision	n	,juərou'viʤn	truyền hình cho toàn Châu âu
euthanasia	n	,ju:θə'neizjə	sự chết không đau đớn
evacuate	v	i'vækjueit	rút khỏi
evacuation	n	i,vækju'eiʃn	sự rút khỏi
evade	v	i'veid	tránh, tránh khỏi
evaluate	v	i'væljueit	ước lượng
evaluation	n	i,vælju'eiʃn	sự ước lượng
evangelical	a	,i:væn'dʤelik/ (evangelical) /,i:væn'dʤelikəl	Phúc âm
evaporate	v	i'væpəreit	làm bay hơi
evaporation	n	i,væpə'reiʃn	sự làm bay hơi, sự bay hơi
evasion	n	i'veiʤn	sự tránh, sự lảng tránh
evasive	a	i'veisiv	lảng tránh, lẩn tránh
eve	n	i:v	Ê-va
even	n	'i:vən	chiều, chiều hôm
evening	n	i':vniɳ	buổi chiều, buổi tối
evenly	d	'i:vənli	bằng phẳng
event	n	i'vent	sự việc, sự kiện
eventful	a	i'ventful	có nhiều sự kiện quan trọng
eventual	a	i'ventjuəl	ngộ xảy ra, có thể xảy ra
eventuality	n	i,ventju'æliti	sự việc có thể xảy ra, kết quả có thể xả
eventually	d	i'ventjuəli	cuối cùng
ever	d	'evə	bao giờ, từ trước đến giờ
evergreen	n	'evəgri:n	cây thương xanh
everlasting	a	,evə'lɑ:stiɳ	vĩnh viễn, mãi mãi
evermore	d	,evə'mɔ:	mãi mãi, đời đời
evert	v	i'və:t	lộn ra, lộn trong ra ngoài
every	a	'evri	mỗi, mọi
everybody	n	'evribɔdi/ (everyone) /'evriwʌn	mọi người, tất cả mọi người
everyday	a	'evridei	hằng ngày, dùng hằng ngày
everyman	n	'evrimæn	người thường dân
everyone	n	'evribɔdi/ (everyone) /'evriwʌn	mọi người, tất cả mọi người
everything	n	'evriθiɳ	mọi vật, tất cả
everywhere	d	'evriweə	ở mọi nơi, khắp nơi
evict	v	i:'vikt	đuổi
eviction	n	i:'vikʃn	sự đuổi
evidence	n	'evidəns	tính hiển nhiên, tính rõ ràng
evident	a	'evidənt	hiển nhiên, rõ rệt
evidently	d		hiển nhiên, rõ ràng
evil	a	'i:vl	xấu, ác
evilly	d		có hiểm ý, có ác ý
evocative	a	i'vɔkətiv	để gọi lên, để gợi lên
evoke	v	i'vouk	gọi lên, gợi lên
evolution	n	,i:və'lu:ʃn	sự tiến triển
evolutionary	a	,i:və'lu:ʃnəri	sự tiến triển
evolve	v	i'vɔlv	mở ra & )
ewe	n	'ju:ə	cừu cái
ex	n	eks	từ, bán từ, bán tại
exact	a	ig'zækt	chính xác, đúng
exacting	a	ig'zæktiɳ	đòi hỏi nhiều, hay đòi hỏi quá quắt
exactly	d	ig'zæktli	chính xác, đúng đắn
exaggerate	v	ig'zædʤəreit	thổi phồng, phóng đại
exaggerated	a		phóng đại, cường điệu
exaggeration	n	ig,zædʤə'reiʃn	sự thổi phồng, sự phóng đại
exalted	a		phấn khởi, cao hứng
exam	n	ig'zæm	của examination
examination	n	ig,zæmi'neiʃn/ (examen) /eg'zeimen	sự khám xét kỹ, sự xem xét kỹ
examine	v	ig'zæmin	khám xét, xem xét
examiner	n	ig'zæminə	examinant
example	n	ig'zɑ:mpl	thí dụ, ví dụ
exasperating	a	ig'zɑ:spəreitiɳ	làm bực tức, làm cáu tiết
excavate	v	'ekskəveit	đào
excavation	n	,ekskə'veiʃn	sự đào, hố đào
excavator	n	'ekskəveitə	người đào, người khai quật
exceed	v	ik'si:d	trội hơn
exceeding	a	ik'si:diɳ	vượt bực, trội
exceedingly	d		quá chừng, cực kỳ
excel	v	ik'sel	hơn, trội hơn
excellence	n	'eksələns	sự trội hơn, sự xuất sắc
excellency	n	'eksələnsi	ngài
excellent	a	'eksələnt	hơn hẳn, trội hơn
excellently	d		xuất sắc, tuyệt vời
excelsior	i	ek'selsiɔ:	vươn lên mãi!, lên cao mãi!
except	v	ik'sept	trừ ra, loại ra
excepting	p	ik'septiɳ	trừ, không kể
exception	n	ik'sepʃn	sự trừ ra, sự loại ra
exceptional	a	ik'sepʃənl	khác thường, đặc biệt
exceptionally	d		cá biệt, khác thường
excess	n	ik'ses	sự vượt quá giới hạn, sự quá mức
excessive	a	ik'sesiv	quá mức, thừa
excessively	d		quá chừng, quá đáng
exchange	n	iks'tʃeindʤ	sự đổi, sự đổi chác
exchequer	n	iks'tʃekə	Bộ Tài chính Anh
excise	n	ek'saiz	thuế hàng hoá, thuế môn bài
excitable	a		dễ bị kích thích, dễ bị kích động
excite	v	ik'sait	kích thích & ), kích động
excited	a	ik'saitid	bị kích thích, bị kích động
excitedly	d		xúc động
excitement	n	ik'saitmənt	sự kích thích, sự kích động
exciting	a	ik'saitiɳ	kích thích, kích động
exclaim	v	iks'kleim	kêu lên, la lên
exclamation	n	,eksklə'meiʃn	sự kêu lên, sự la lên
exclude	v	iks'klu:d	không cho vào, không cho hưởng
excluded	n		bị loại trừ
exclusion	n	iks'klu:ʤn	sự không cho vào, sự không cho hưởng
exclusive	a	iks'klu:siv	loại trừ
exclusivity	n		tính loại trừ
excommunication	v	'ekskə,mju:ni'keiʃn	sự rút phép thông công
excrement	n	'ekskrimənt	cứt, phân
excruciating	a		hết sức đau khổ
excursion	n	iks'kə:ʃn	cuộc đi chơi, cuộc đi chơi tập thể với g
excuse	n	iks'kju:z	lời xin lỗi, lý do để xin lỗi
execute	v	'eksikju:t	thực hiện, thi hành
execution	n	,eksi'kju:ʃn	sự thực hiện, sự thi hành
executioner	n	,eksi'kju:ʃnə	đao phủ, người hành hình
executive	a	ig'zekjutiv	sự thực hiện, sự thi hành
executor	n	ig'zekjutə	người thực hiện, người thi hành
exemplary	a	ig'zempləri	gương mẫu, mẫu mực
exempt	a	ig'zempt	được miễn
exemption	n	ig'zempʃn	sự miễn
exercise	n	'eksəsaiz	sự thi hành, sự thực hiện
exert	v	ig'zə:t	dùng, sử dụng
exertion	n	ig'zə:ʃn	sự dùng, sự sử dụng
exes	n	'eksiz	các món tiêu pha, tiền phí tổn
exhale	v	eks'heil	bốc lên, toả ra
exhaust	n	ig'zɔ:st	sự rút khí, sự thoát khí
exhausted	a	ig'zɔ:stid	đã rút hết không khí
exhausting	a	ig'zɔ:stiɳ	làm kiệt sức, làm mệt lử
exhaustion	n	ig'zɔ:stʃn	sự hút, sự hút hết
exhaustive	a	ig'zɔ:stiv	hết mọi khía cạnh, hết mọi mặt
exhibit	n	ig'zibit	vật trưng bày, vật triển lãm
exhibition	n	,eksi'biʃn	cuộc triển lãm cuộc trưng bày
exhibitionist	n	,eksi'biʃnist	người thích phô trương
exhilarating	a	ig'zilərənt	làm vui vẻ, làm hồ hởi
exhilaration	n	ig,zilə'reiʃn	niềm vui vẻ, niềm hồ hởi
exhumation	n	,ekshju:'meiʃn	sự đào lên, sự khai quật & )
exhume	v	eks'hju:m	đào lên, khai quật & )
exile	n	'eksail	sự đày ải, sự đi đày
exist	v	ig'zist	tồn tại, sống
existence	n	ig'zistəns	sự tồn tại, sự sống
existential	a	,egzis'tenʃəl	sự tồn tại, sự sống
existing	a		hiện tại, hiện tồn
exit	n	'eksit	sự đi vào
exodus	n	'eksədəs	sự rời đi, sự ra đi
exonerate	v	ig'zɔnəreit	miễn cho
exorbitant	a	ig'zɔ:bitənt	quá cao, cắt cổ
exorcise	n		yểm trừ, xua đuổi
exorcism	n	'eksɔ:sizm	lời phù phép, câu thần chú
exorcist	n	'eksɔ:sist	thầy phù thuỷ, người đuổi tà ma
exoskeleton	n	,eksou'skelitn	bộ xương ngoài
exotic	a	eg'zɔtik	ở nước ngoài đưa vào, ngoại lai
expand	v	iks'pænd	mở rộng, trải ra
expanded	n		khuếch đại
expanse	n	iks'pæns	dải, dải rộng
expansion	n	iks'pænʃn	sự mở rộng, sự bành trướng
expansive	a	iks'pænsiv	có thể mở rộng, có thể bành trướng
expect	v	iks'pekt	mong chờ, chờ đợi
expectancy	n	iks'pektəns/ (expectancy) /iks'pektənsi	tình trạng mong chờ, tình trạng ngóng ch
expectant	a	iks'pektənt	có tính chất mong đợi, có tính chất chờ
expectation	n	,ekspek'teiʃn	sự mong chờ, sự chờ đợi
Expectations	n		Kỳ vọng, dự tính.
expected	n		được chờ đợi hy vọng
expedient	a	iks'pi:djənt	có lợi, thiết thực
expedite	v	'ekspidait	xúc tiến
expedition	n	,ekspi'diʃn	cuộc viễn chinh, đội viễn chinh
expeditionary	a	,ekspi'diʃnəri	viễn chinh
expel	v	iks'pel	trục xuất, đuổi
expend	v	iks'pend	tiêu, tiêu dùng
expendable	a	iks'pendəbl	có thể tiêu được
expenditure	n	iks'penditʃə	sự tiêu dùng
expense	n	iks'pens	sự tiêu, phí tổn
expensive	a	iks'pensiv	đắt tiền
experience	n	iks'piəriəns	kinh nghiệm
experienced	a	iks'piəriənst	có kinh nghiệm, giàu kinh nghiệm
experiment	n	iks'periment - iks'periment	iks'periment/
experimental	a	eks,peri'mentl	dựa trên thí nghiệm
experimentation	n	eks,perimen'təli	sự thí nghiệm, sự thử
expert	a	'ekspə:t	chuyên môn, thành thạo
expertise	n	,ekspə'ti:z	sự thành thạo, sự tinh thông
expertly	d		thông thạo, thành thạo
expiration	n	,ekspaiə'reiʃn	sự thở ra
expire	v	iks'paiə	thở ra
expiry	n	expiry	sự mãn hạn, sự kết thúc
explain	v	iks'plein	giảng, giảng giải
explanation	n	,eksplə'neiʃn	sự giảng, sự giảng giải
explicit	a	iks'plisit	rõ ràng, dứt khoát
explicitly	d		rõ ràng, dứt khoát
explode	v	iks'ploud	làm nổ
exploded	a	iks'ploudid	đã nổ
exploit	n	'eksplɔit	kỳ công, thành tích chói lọi[iks'plɔit]
exploitation	n	iks'plɔitidʤ/ (exploitation) /,eksplɔi'teiʃn	sự khai thác, sự khai khẩn
exploration	n	,eksplɔ:'reiʃn	sự thăm dò, sự thám hiểm
exploratory	a	eks'plɔ:rətiv/ (exploratory) /eks'plɔ:rətəri	để thăm dò, để thám hiểm
explore	v	iks'plɔ:	thăm dò, thám hiểm
explorer	n	iks'plɔ:rə	người thăm dò, người thám hiểm
exploring	n		sự thăm dò, sự thám hiểm
explosion	n	iks'plouʤn	sự nổ, sự nổ bùng
explosive	a	iks'plousiv	nổ; gây nổ, dễ nổ, dễ bùng nổ & )
expo	n		cuộc triển lãm
exponential	a	,ekspou'nenʃəl	số mũ, theo luật số mũ
exponentially	d		theo hàm mũ
export	n	'ekspɔ:t	hàng xuất khẩu, khối lượng hàng xuất khẩ
expose	v	iks'pouz	phơi ra
exposition	n	,ekspə'ziʃn	sự phơi
exposure	n	iks'pouʤə	sự phơi
express	n	iks'pres	người đưa thư hoả tốc, công văn hoả tốc
expression	n	iks'preʃn	sự vắt, sự ép
expressive	a	iks'presiv	có ý nghĩa
expressly	d	iks'presli	riêng để, chỉ để
expressway	n		như motorway
expulsion	n	iks'pʌlʃn	sự đuổi, sự tống ra
exquisite	a	'ekskwizit	thanh, thanh tú
exquisitely	d		sắc sảo, thanh tú
exsanguination	n	ek,sæɳgwi'neiʃn	sự hút hết máu, sự kiệt máu
extend	v	iks'tend	duỗi thẳng, đưa ra
extended	a		mở rộng
extension	n	iks'tenʃn	sự duỗi thẳng ra, sự đưa ra
extensive	a	iks'tensiv	rộng, rộng rãi
extensively	d		rộng rãi, bao quát
extent	n	iks'tent	khoảng rộng
exterior	a	eks'tiəriə	ngoài, ở ngoài
exterminate	v	eks'tə:mineit	triệt, tiêu diệt
extermination	n	eks,tə:mi'neiʃn	sự triệt, sự tiêu diệt
exterminator	n	eks'tə:mineitə	người triệt, người tiêu diệt
external	a	eks'tə:nl	ở ngoài, bên ngoài
externally	d		theo bên ngoài, theo bề ngoài
extinct	a	iks'tiɳkt	tắt
extinction	n	iks'tiɳkʃn	sự dập tắt, sự làm tan vỡ
extinguish	v	iks'tiɳgwiʃ	dập tắt, làm tiêu tan
extinguisher	n	iks'tiɳgwiʃə	người dập tắt, người làm tắt
extort	v	iks'tɔ:t	bóp nặn, tống
extortion	n	iks'tɔ:ʃn	sự bóp nặn, sự tống
extra	a	'ekstrə	thêm, phụ
extract	n	'ekstrækt - iks'trækt	iks'trækt/
extraction	n	iks'trækʃn	sự trích, sự chép
extractor	n	iks'træktə	người chiết, người nhổ
extracurricular	a	,ekstrəkə'rikjulə	ngoại khoá
extradite	v	'ekstrədait	trao trả
extradition	n	,ekstrə'diʃn	sự trao trả
extramarital	a		thuộc về quan hệ tình dục bên ngoài hôn
extraneous	a	eks'treinjəs	bắt nguồn ở ngoài, xa lạ
extraordinarily	d		lạ thường, phi thường
extraordinary	a	iks'trɔ:dnri	lạ thường, khác thường
extrapolate	v	'ekstrəpəleit	ngoại suy
extraterrestrial	a	'ekstrəti'restriəl	ngoài trái đất, ngoài quyển khí
extravagance	n	iks'trævigəns/ (extravagancy) /iks'trævigənsi	tính quá mức, tính quá độ
extravagant	a	iks'trævigənt	quá mức, quá độ
extravaganza	n	eks,trævə'gænzə	khúc phóng túng, tác phẩm phóng túng
extreme	a	iks'tri:m	ở tít đằng đầu, ở đằng cùng
extremely	n	iks'tri:mli	thái cực, mức độ cùng cực
extremism	n	iks'tri:mizm	chủ nghĩa cực đoan
extremist	n	iks'tri:mist	người cực đoan
extremity	n	iks'tremiti	đầu, mũi
extricate	v	'ekstrikəbl	gỡ, gỡ thoát, giải thoát
exuberance	n	ig'zju:bərəns	tính sum sê, tính um tùm
exuberant	a	ig'zju:bərənt	sum sê & ), um tùm
exude	v	ig'zju:d	rỉ, ứa
eye	n	ai	mắt, con mắt
eyeball	n	'aibɔ:l	cầu mắt, nhãn cầu
eyebrow	n	'aibrau	lông mày
eyeful	n		cái bị ném hoặc thảy vào mắt
eyelid	n	'ailid	mi mắt
eyesight	n	'aisait	sức nhìn, thị lực
eyesore	n	'aisɔ:	điều chướng mắt, vật chướng mắt
eyewitness	n	'aiwitnis	người chứng kiến, người mục kích
eyre	n	eə	toà án lưu động
f	n	ef	f
fa	n	fɑ:/ (fah) /fɑ:	Fa
fab	a		phi thường, thần kỳ
fabian	a	'feibjən	trì hoãn, kéo dài
fable	n	'feibl	truyện ngụ ngôn
fabled	a	'feibld	được kể trong ngụ ngôn, truyền thuyết
fabric	n	'fæbrik	công trình xây dựng
fabricate	v	'fæbrikeit	bịa đặt
fabricated	n	'fæbrikeitid'haus	nhà đúc sãn
fabrication	n	,fæbri'keiʃn	sự bịa đặt, chuyện bịa đặt
fabulous	a		thần thoại, truyện cổ tích
fabulously	d		thần thoại, bịa đặt
facade	n	fə:sɑ:d	mặt chính
face	n	feis	mặt
faced	n		có một kiểu mặt được nói rõ
faceless	a		vô danh
facet	n	'fæsit	mặt
facetious	a	fə:si:ʃəs	hay khôi hài, hay hài hước
facial	a	'feiʃəl	mặt
facilitate	v	fə'siliteit	làm cho dễ dàng, làm cho thuận tiện
facility	n	fə'siliti	điều kiện dễ dàng, điều kiện thuận lợi
facing	n	'feisiɳ	sự đương đầu
facsimile	n	fæk'simili	bản sao, bản chép
fact	n	fækt	việc, sự việc
faction	n	'fækʃn	bè phái, bè cánh
facto	d		trong thực tế
factor	n	'fæktə	nhân tố
factory	n	'fæktəri	nhà máy, xí nghiệp
factual	a	'fæktjuəl	sự thực, căn cứ trên sự thực
faculty	n	'fækəlti	tính năng, khả năng
fad	n	fæd	sự thích thú kỳ cục, sự thích thú dở hơi
fade	v	'feid	héo đi, tàn đi
fading	n	'feidiɳ	sự giảm âm
faeces	n	'fi:si:z/ (feces) /'fi:si:z	cặn, chất lắng
fag	n	fæg	, người đồng dâm nam faggot)
faggot	n	'fægət	, người đồng dâm nam fag)
fagin	n		người lớn chuyên dạy trẻ em ăn cắp
fagot	n	'fægət/ (fag) /fæg	bó củi
fah	n	fɑ:/ (fah) /fɑ:	Fa
fahrenheit	n	'færənhait	cái đo nhiệt Fa-ren-hét
fail	n	feil	sự hỏng thi
failing	n	'feiliɳ	sự thiếu
failure	n	'feiljə	sự không xảy ra, sự không làm được
fain	v	fein	xin miễn
faint	a	feint	uể oải, lả
fainting	n		sự ngất choáng
faintly	d	'feintli	yếu ớt, uể oải
faints	n	feints	nước đầu, nước cuối
fair	n	feə	hội chợ, chợ phiên
fairly	d	'feəli	công bằng, không thiên vị
fairness	a	'feənis	sự công bằng, sự không thiên vị
fairway	n	'feəwei	luồng nước, kênh đào cho tàu bè đi lại
fairy	a	'feəri	tiên, cánh tiên
fairyland	n	'feərilænd	tiên giới, chốn thiên tiên
faith	n	feiθ	sự tin tưởng, sự tin cậy
faithful	a	'feiθfuli	trung thành, chung thuỷ
faithfully	d	'feiθfuli	trung thành, chung thuỷ
faithfulness	n	'feiθfulnis	lòng trung thành, lòng chung thuỷ
faithless	a	'feiθlis	không có niềm tin, vô đạo
fake	n	feik	vòng dây cáp
faker	n	'feikə	kẻ giả mạo, kẻ lừa đảo
fakir	n	fɑ:kiə/ (faquir) /'fɑ:kiə	Fakia, thầy tu khổ hạnh
falcon	n	'fɔ:lkən	chim ưng, chim cắt
falconer	n	'fɔ:lkənə	người nuôi chim ưng
fall	n	fɔ:l	sự rơi, sự ngã
fallacy	n	'fæləsi	ảo tưởng, sự sai lầm
fallback	n		vật dự trữ, sự rút lui
fallen	n		những người thiệt mạng vì chiến tranh
fallopian	a	fæ'loupiən	fallopian tubes ống Fa-lốp, ống dẫn trứn
fallow	n	'fælou	đất bỏ hoá, đất bỏ hoang
false	a	fɔ:ls	sai, nhầm
falsehood	n	'fɔ:lshud	sự sai lầm, điều sai lầm
falsely	d	'fɔ:lsli	sa lầm
falsetto	n	fɔ:l'setou	giọng the thé
falsify	v	'fɔ:lsifai	làm giả, giả mạo
falter	v	'fɔ:ltə	dao động, nản chí
faltering	a	'fɔ:ltəriɳ	ấp úng, ngập ngừng
fam	n		bộ nhớ truy cập nhanh
fame	n	feim	tiếng tăm, danh tiếng
famed	a	feimd	nổi tiếng, lừng danh
familial	a	fə'mijəl	gia đình, người trong gia đình
familiar	a	fə'miljə	thuộc gia đình
familiarity	n	fə,mili'æriti	sự thân mật
familiarize	v	fə'miljəraiz/ (familiarise) /fə'miljəraiz	phổ biến
family	n	'fæmili	gia đình, gia quyến
famine	n	'fæmin	nạn đói kém
famous	a	'feiməs	nổi tiếng, nổi danh
famously	d	'feiməsli	hay, giỏi
fan	n	fæn	người hâm mộ, người say mê
fanatic	n	fə'nætik	người cuồng tín
fanatical	n	fə'nætik	người cuồng tín
fanaticism	n	fə'nætisizm	sự cuồng tín
fancier	n	'fænsiə	người sành, người thích chơi
fanciful	a	'fænsiful	thích kỳ lạ
fancy	n	'fænsi	sự tưởng tượng
fandango	n	fæn'dæɳgou	điệu múa făngddăngô
fane	n	fein	đền miếu
fanfare	n	'fænfeə	kèn lệnh fanfaronade)
fang	n	fæɳ	răng nanh
fanny	n	'fæni	, mông đít
fantasia	n	fæn'teizjə	khúc phóng túng
fantasize	v		mơ màng viển vông
fantastic	a	fæn'tæstik	kỳ quái, quái dị
fantastically	d		cừ, chiến, tuyệt vời
fantasy	n	'fæntəsi/ (phantasy) /'fæntəsi	khả năng tưởng tượng, hình ảnh tưởng tượ
far	a	fɑ:	xa, xa xôi, xa xăm
farce	n	fɑ:s	trò khôi hài, trò hề & )
fare	n	feə	tiền xe, tiền đò
farewell	i	'feə'wel	tam biệt!
farm	n	fɑ:m	trại, trang trại
farmer	n	'fɑ:mə	người tá điền, người nông dân
farming	n	'fɑ:miɳ	công việc đồng áng, công việc trồng trọt
farmland	n		đất chăn nuôi, trồng trọt
farmyard	n	'fɑ:mjɑ:d	sân trại
faro	n	'feərou	lối chơi bài faro
farrow	n	'færou	sự đẻ
fart	n	fɑ:t	đùi 0 rắm
farther	a	'fɑ:ðə	xa hơn, thêm hơn
farthest	a	'fɑ:ðist	xa nhất
farthing	n	'fɑ:ðiɳ	đồng faddinh
fascinate	v	'fæsineit	thôi miên, làm mê
fascinating	a	'fæsineitiɳ	làm mê, làm say mê
fascination	n	,fæsi'neiʃn	sự thôi miên, sự làm mê
fascism	n	'fæʃizm	chủ nghĩa phát xít
fascist	n	'fæʃist	phần tử phát xít
fashion	n	'fæʃn	kiểu cách, hình dáng
fashionable	a	'fæʃnəbl	đúng mốt, hợp thời trang
fashionably	d		hợp thời trang, đúng thời trang
fashioned	a		theo kiểu hình thức nào đấy
fast	a	fɑ:st	chắc chắn
fasten	v	'fɑ:sn	buộc chặt, trói chặt
fastened	a		được bó chặt, buộc chặt
fastidious	a	fæs'tidiəs	dễ chán, chóng chán
fat	a	fæt	được vỗ béo
fatal	n	'feitl	chỗ béo bở, chỗ ngon
fatality	n	fə'tæliti	định mệnh, vận mệnh
fatally	d		chí tử, một cách chết người
fate	n	feit	thiên mệnh, định mệnh
fated	a	'feitid	do định mệnh, do số mệnh
fateful	a	'feitful	số mệnh, tiền định
father	n	'fɑ:ðə	cha, bố
fatherhood	n	'fɑ:ðəʃip/ (fatherhood) /'fɑ:ðəhud	cương vị làm cha, cương vị làm bố
fatherland	n	'fɑ:ðəlænd	đất nước, tổ quốc
fatherless	a	'fɑ:ðəlis	không có cha, không có bố
fatherly	a	'fɑ:ðəli/ (fatherlike) /'fɑ:ðəlaik	như cha, như bố
fathom	n	'fæðəm	sải
fathoms	n	'fæðəm	sải
fatigue	n	fə'ti:g	sự mệt mỏi, sự mệt nhọc
fats	n	fæts	, fatso
fatso	n	'fætsou	chú béo, chú bệu
fatten	v	'fætn	nuôi béo, vỗ béo
fatty	a	'fæti	béo, như mỡ
faucet	n	'fɔ:sit	vòi
fault	n	fɔ:lt	sự thiếu sót, khuyết điểm
faulty	a	'fɔ:lti	có thiếu sót, mắc khuyết điểm
faun	n	fɔ:n	thấn đồng áng
fauna	n	fɔ:nə	hệ động vật
favor	n	'feivə	thiện ý, sự quý mến
favorable	a	'feivərəbl	có thiện chí, thuận
favored	a		được hưởng ân huệ
favorite	a	'feivərit	được mến chuộng, được ưa thích
favoritism	n	'feivəritizm/ (favoritism) /'feivəritizm	sự thiên vị
favour	n	'feivə	thiện ý, sự quý mến
favourable	a	'feivərəbl	có thiện chí, thuận
favourite	a	'feivərit	được mến chuộng, được ưa thích
fawn	a	fɔ:n	nâu vàng
fawning	a	'fɔ:niɳ	xun xoe, bợ đỡ
fax	n		bản fax
fay	n	fei	nàng tiên
faze	v	feiz/ (feaze) /fi:z/ (feeze) /fi:z	làm phiền, làm bối rối
fbi	n		Cục điều tra liên bang của Mỹ
fc	n		câu lạc bộ bóng đá
fealty	n	'fi:əlti	sự trung thành, lòng trung thành
fear	n	fiə	sự sợ, sự sợ hãi
fearful	a	'fiəful	ghê sợ, đáng sợ
fearfully	d		sợ hãi, sợ sệt
fearless	a	'fiəlis	không sợ, không sợ hâi
fearlessly	d		gan dạ, bạo dạn
fearsome	a	'fiəsəm	sợ, sợ hãi, sợ sệt
feasible	a	'fi:zəbl	có thể thực hành được, có thể thực hiện
feast	n	fi:st	bữa tiệc, yến tiệc
feat	n	fi:st	kỳ công, chiến công
feather	n	'feðə	lông vũ, lông
feathered	a	'feðəd	có lông, có trang trí lông
feature	n	'fi:tʃə	nét đặc biệt, điểm đặc trưng
featured	a	'fi:tʃəd	có đường nét, có nét mặt
february	n	'februəri	tháng hai
fecal	a	'fi:kæl/ (fecal) /'fi:kæl	cặn, chất lắng
feces	n	'fi:si:z/ (feces) /'fi:si:z	cặn, chất lắng
feck	n		hiệu lực, giá trị
feckless	a	'feklis	yếu ớt, vô hiệu quả
federal	a	'fedərəl	liên bang
federation	n	,fedə'reiʃn	sự thành lập liên đoàn, liên đoàn
fedora	n		loại mũ phớt mềm, thấp
fee	n	fi:	tiền thù lao, tiền thưởng
feeble	a	'fi:bl	yếu, yếu đuối
feed	n	fi:d	sự ăn, sự cho ăn
feedback	n	'fi:dbæk	sự nối tiếp
feeder	n	'fi:də	người cho ăn
feeding	n	'fi:diɳ	sự cho ăn, sự nuôi lớn
feel	n	fi:l	sự sờ mó
feeling	n	'fi:liɳ	sự sờ mó, sự bắt mạch
feet	n	fut	chân, bàn chân
feign	v	fein	giả vờ, giả đò
feigned	a	feind	giả vờ, giả đò
feint	n	feint	đòn nhử, ngón nhử
feisty	a		hăng hái, hăm hở
felicity	n	fi'lisiti	hạnh phúc, hạnh phúc lớn
feline	a	'fi:lain	giống mèo, như mèo
fell	n	fel/ (fall) /fɔ:l	da lông
fellatio	n		sự kích thích dương vật bằng cách mút, l
feller	n	'fələ	người đốn, người hạ
fellow	n	'felou	bạn đồng chí
fellowship	n	'felouʃip	tình bạn, tình bằng hữu
felon	n	'felən	chín mé
felonious	a	'felənjəs	có tội, phạm tội ác
felony	n	'feləni	tội ác
felt	n	felt	nỉ, phớt
female	a	'fi:meil	cái, mái
feminine	a	'feminin	đàn bà, như đàn bà
femininity	n	femi'niniti/ (feminity) /fe'miniti	feminineness
feminism	n	'feminizm	thuyết nam nữ bình quyền
feminist	n	'feminist	người theo thuyết nam nữ bình quyền
femoral	n	'femərəl	đùi
femur	n	'fi:mə	xương đùi
fen	n	fen	miền đầm lầy
fence	n	fens	hàng rào
fencing	n	'fensiɳ	sự rào dậu
fend	v	fend	đánh lui, đẩy lui
fender	n	'fendə	vật chắn, lá chắn
fennel	n	'fenl	cây thì là
feral	a	'fiərəl/ (ferine) /'fiərain	hoang dã
ferment	n	'fə:ment	men
fermentation	n	,fə:men'teiʃn	sự lên men
fern	n	fə:n	cây dương xỉ
ferocious	a	fə'rouʃəs	dữ tợn, hung ác
ferociously	d		hung tợn, tàn bạo
ferocity	n	fə'rouʃəsnis/ (ferocity) /fə'ɔsiti	tính dữ tợn, tính hung ác
ferret	n	'ferit	dây lụa, dây vải
ferrous	a	'ferəs	có chứa sắt
ferry	n	'feri	bến phà
ferryman	n	'ferimən	người chở phà, công nhân phà
fertile	a	'fə:tail	tốt, màu mỡ
fertility	n	fə:'tiliti	sự tốt, sự màu mỡ
fertilization	n	,fə:tilai'zeiʃn	sự làm cho màu mỡ được
fertilize	v	'fə:tilaiz/ (fertilise) /'fə:tilaiz	làm cho tốt, làm cho màu mỡ
fertilizer	a	'fə:tilaizə	phân bón
fervent	a	'fə:vənt	nóng, nóng bỏng
fervently	d		nồng nhiệt, nhiệt thành
fervor	n	'fə:və	, fervour
fervour	n	'fə:və	sự nóng gắt, sự nóng bỏng
fester	n	'festə	nhọt mưng mủ
festival	a	'festivəl	thuộc ngày hội
festive	a	'festiv	thuộc ngày lễ, thuộc ngày hội
fetal	a	'fi:tl/ (fetal) /'fi:tl	thai, bào thai
fetch	n	fetʃ	hồn ma, vong hồn
fetching	a	'fetʃiɳ	quyến rũ, làm mê hoặc
fetish	n	'fi:tiʃ	vật thần, vật thờ
fetus	n	'fi:təs/ (fetus) /'fi:təs	thai, bào thai
feud	n	fju:d	thái ấp, đất phong
feudal	v	'fju:dl	mang mối hận thù, mang mối cừu hận
fever	n	'fi:və	cơn sốt
feverish	a	'fi:vəriʃ	có triệu chứng sốt, hơi sốt
few	a	fju:	ít vải
fey	a	fei	số phải chết, sắp chết
fez	n	fez	mũ đầu đuôi seo
fiasco	n	fi'æskou	sự thất bại
fiat	n	'faiæt	sắc lệnh, lệnh
fib	n	fib	điều nói dối nhỏ, chuyện bịa
fiber	n	'faibə/ (fiber) /'faibər	sợi, thớ
fiberglass	n	'fibəglɑ:s	sợi thuỷ tinh
fibre	n	'faibə/ (fiber) /'faibər	sợi, thớ
fibrosis	n		chứng xơ hoá
fibula	n	'fibjulə/ (fibulae) /'fibjuləz/ (fibulas) /'fibjuləz	xương mác
fickle	a	'fikl	hay thay đổi, không kiên định
fiction	n	'fikʃn	điều hư cấu, điều tưởng tượng
fictional	a	'fikʃənl	hư cấu, tưởng tượng
fictitious	a	fik'tiʃəs	hư cấu, tưởng tượng
fiddle	n	'fidl	buồm) khoan moan cái chèn, cái chốt
fiddler	n	'fidlə	cua uca, cua kéo đàn
fiddlesticks	i	'fidlstiks	vớ vẩn!, láo toét!
fiddling	a	'fidliɳ	nhỏ mọn, lặt vặt
fidelity	n	fi'deliti	lòng trung thành, tính trung thực
fidget	n	'fidʤit	sự bồn chồn
fidgety	a	'fidʤiti	hay cựa quậy
fido	n	'faidou	phương pháp làm tan sương mù
fie	i	fai/ (fy) /fai/ (fye) /fai	thật là xấu hổ!, thật là nhục nhã
fief	n	fi:f/ (feoff) /fef	thái ấp, đất phong
field	n	fi:ld	đồng ruộng, cánh đồng
fielder	n	'fi:ldə/ (fieldsman) /'fi:ldzmən	người chặn bóng
fiend	n	fi:nd	ma quỷ, quỷ sứ
fiendish	a	fi:ndiʃ	như ma quỷ, như quỷ sứ
fierce	a	fiəs	hung dữ, dữ tợn
fiercely	d		dữ dội, mãnh liệt
fiery	a	'faiəri	ngụt cháy, bốc cháy
fiesta	n	'fi:estɑ:	ngày lễ, ngày hội
fifa	n		Liên đoàn bóng đá quốc tế
fife	n	faif	ống sáo, ống địch
fifteen	a	'fif'ti:n	mười lăm
fifteenth	n	'fif'ti:nθ	số mười lăm
fifth	a	fifθ	thứ năm
fifty	a	'fifti	năm mươi
fig	n	fig	quả sung, quả vả
fight	n	fait	sự đấu tranh, sự chiến đấu
fighter	n	'faitə	chiến sĩ, chiến binh
fighting	n	'faitiɳ	sự chiến đấu, sự đánh nhau
figment	n	'figmənt	điều tưởng tượng, điều bịa đặt
figurative	a	'figjurətiv	bóng, bóng bảy
figuratively	d		văn hoa, bóng bảy
figure	n	'figə	hình dáng
figured	a	'figəd	in hoa, có hình vẽ
figurehead	n		hình chạm ở đầu mũi tàu
figurine	n	'figjuri:n	bức tượng nhỏ
figuring	n		sự vẽ hình, sự in hình
filament	n	'filəmənt	sợi nhỏ, dây nhỏ
file	n	fail	cái giũa
filet	n	fi'lei	cái mạng, cái lưới
filial	a	'filjəl	con cái, đạo làm con
filibuster	n	'filibʌstə	bọn giặc cướp
filing	n	'failiɳ	sự giũa
filipino	n	,fili'pi:nou	người Phi-líp-pin
fill	n	fil	cái làm đầy, cái đủ để nhồi đầy
filler	n	'filə	người làm đẫy, cái để làm đẫy
fillet	n	'filit	dây bưng, dải lụa
filling	n	'filiɳ	sự đổ đầy, sự tràn đầy
filly	n	'fili	ngựa cái non
film	n	film	màng, mảng thuốc
filming	n		sự chụp phim
filter	n	'filtə	cái lọc, máy lọc
filtered	n		đã được lọc
Filtering	n		Quá trình lọc.
filth	n	filθ	rác rưởi, rác bẩn
filthy	a	'filθi	bẩn thỉu, dơ dáy
filtration	n	'filtreiʃn	sự lọc, cách lọc
fin	n	fin	người Phần lan Finn)
final	a	'fainl	cuối cùng
finale	n	fi'nɑ:li	đoạn cuối
finalist	n	fainəlist	người vào chung kết
finalize	v	'fainəlaiz	làm xong, hoàn thành
finally	d	'fainəli	cuối cùng, sau cùng
finance	n	fai'næns	tài chính, sở quản lý tài chính
financial	a	fai'nænʃəl	tài chính, về tài chính
financially	d		về phương diện tài chính, về mặt tài chí
financier	n	fai'nænsiə	chuyên gia tài chính
finch	n	fintʃ	chim họ sẻ
find	n	faind	sự tìm thấy
finder	n	'faində	người tìm ra, người tìm thấy
finding	n	'faindiɳ	sự tìm ra, sự khám phá
fine	a	fain	tốt, nguyên chất
finely	d	'fainnis	đẹp đẽ
finer	n		mịn hơn
finery	n	fi'nes	quần áo lộng lẫy
fines	n		quặng bụi, bụi quặng
finesse	n	fi'nes	sự khéo léo, sự phân biệt tế nhị
finger	n	'fiɳgə	ngón tay
fingered	a	'fiɳgəd	có ngón tay ở tính từ ghép)
fingering	n	'fiɳgəriɳ	sự sờ mó
fingernail	n		móng tay
fingerprint	v	'fiɳgəprint	lấy dấu lăn ngón tay, lấy dấu điềm chỉ
finicky	a	'fainikəl/ (finicking) /'finikiɳ/ (finicky) /'finiki/ (finikin) /'finikin	khó tính, cầu kỳ
finish	n	'finiʃ	sự kết thúc, sự kết liễu
finished	a	'finiʃt	hết, đã hoàn thành
finishing	n	'finiʃiɳ	sự sang sửa lần cuối
finite	a	'fainait	có hạn, có chừng
fink	n	finɳk	kẻ tố giác, tên chỉ điểm
finn	n	fin/ (Fin) /fin	người Phần-lan
finnish	a	'finiʃ	Phần-lan
fir	n	fə:	cây linh sam fir tree)
fire	n	'faie	lửa, ánh lửa
firearm	n		súng cầm tay các loại
firecracker	n		pháo
firefighter	n		lính chữa cháy
fireman	n	'faiəmən	đội viên chữa cháy
fireproof	a	'faiəpru:f	chịu lửa, không cháy
fireside	n	'faiəsaid	chỗ cạnh lò sưởi, chỗ bên lò sưởi
firewood	n	'faiəwud	củi
fireworks	n	'faiəwud	pháo hoa, pháo bông
firing	n	'faiəriɳ	sự đốt cháy
firm	n	'fə:m	hãng, công ty
firmament	n	'fə:məmənt	bầu trời
firmer	n		cái đục chạm gỗ
firmly	d	'fə:mli	vững chắc
firmness	n	'fə:mnis	sự vững chắc
first	n	fə:st	thứ nhất
firsthand	a		trực tiếp
firstly	d	'fə:stli	thứ nhất, đầu tiên là
firth	n	fə:θ/ (frith) /friθ	vịnh hẹp
fiscal	a	fiskəl	công khố, tài chính
fish	n	fiʃ	cá
fishbowl	n		bình nuôi cá
fisher	n	'fiʃə	thuyền đánh cá
fisherman	n	'fiʃəmən	người đánh cá, thuyền chài
fishing	n	'fiʃiɳ	sự đánh cá, sự câu cá
fishmonger	n	'fiʃ,mʌɳgə	người bán cá, người buôn cá
fishy	a	'fiʃi	cá; có mùi cá
fission	n	'fiʃn	sự sinh sản phân đôi
fissure	n	'fiʃə	chỗ nứt, vết nứt
fist	n	fist	nắm tay, quả đấm
fistful	n		một nắm
fisticuffs	n	'fistikʌfs	cuộc đấm đá
fit	n	fit	đoạn thơ fytte)
fitch	n	fitʃ	da lông chồn putoa
fitness	n	'fitnis	sự thích hợp, sự phù hợp
fitter	n	'fitə	thợ lắp ráp
fitting	n	'fitiɳ	sự làm cho khớp, sự điều chỉnh
five	a	faiv	năm
fiver	n	'faivə	đồng năm bảng Anh
fives	n	'faivəz	bóng ném
fix	v	fiks	đóng, gắn
fixated	a		gắn bó, lưu luyến
fixation	n	fik'seiʃn	sự đóng chặt vào, sự làm cho dính lại
fixed	a	fikst	đứng yên, bất động
fixer	n	'fiksə	người đóng, người gắn
fixture	n	'fikstʃə	vật cố định, đồ đạc đặt ở chỗ cố định
fizz	n	fiz	tiếng xèo xèo, tiếng xì xì
fizzle	n	'fizl	tiếng xèo xèo, tiếng xì xì
fizzy	a	'fizi	xèo xèo, xì xì
fjord	n	fjɔ:d/ (fjord) /fjord	Fio vịnh hẹp
flabby	a	'flæbi	nhũn, mềm
flaccid	a	'flæksid	mềm, nhũn
flack	n		nhân viên báo chí chuyên về quảng cáo
flag	n	'flæg	cây irit
flagrant	a	'fleigrənt	hiển nhiên, rành rành
flagship	n	'flægʃip	tàu đô đốc
flagstaff	n	'flægstɑ:f	cột cờ
flail	n	fleil	cái néo
flair	n	fleə	sự thính, sự tinh
flak	n	flæk	hoả lực phòng không
flake	n	fleik	giàn, giá phơi
flaky	a	fleik	có bông
flam	n	flæm	chuyện bịa
flamboyant	a	flæm'bɔiənt	chói lọi, sặc sỡ
flame	n	fleim	ngọn lửa
flamenco	n		điệu nhạc flamencô
flaming	a	'fleimiɳ	đang cháy, cháy rực
flamingo	n	flə'miɳgou	chim hồng hạc
flammable	a		bén lửa, dễ cháy
flan	n	flæn	bánh flăng
flange	n	flændʤ	cái mép bích, mép
flank	n	flæɳk	sườn, hông
flannel	n	'flænl	vải flanen
flap	n	flæp	nắp
flapping	n		sự đập, sự vỡ
flare	n	fleə	ngọn lửa bừng sáng, lửa léo sáng
flaring	a		chói lọi
flash	n	flæʃ	ánh sáng loé lên, tia
flashback	n	'flæʃbæk	cảnh hồi tưởng
flasher	n		bộ phận tạo nhấp nháy, tiếp điểm
flashing	n		sự nung nóng từng đợt, sự tăng nhiệt độ
flashy	a	'flæʃi	hào nhoáng, loè loẹt
flask	n	flɑ:sk	túi đựng thuốc súng
flat	n	flæt	dãy phòng
flatbed	n		hình phẳng
flatly	d	'flætli	bằng, phẳng
flatten	v	'flætn	dát mỏng, dát phẳng
flattened	a		dẹt, bằng phẳng
flatter	v	'flætə	tâng bốc, xu nịnh
flatterer	n		người tâng bốc, người xu nịnh
flattery	n	'flætəri	sự tâng bốc, sự xu nịnh
flatulence	n	'flætjuləns/ (flatulency) /'flætjulənsi	sự đầy hơi
flaunt	n	flɔ:nt	sự khoe khoang, sự phô trương
flaunting	a		đẹp hời hợt
flavor	n	'fleivə	vị ngon, mùi thơm
flavour	n	'fleivə	vị ngon, mùi thơm
flavoured	a		có mùi vị
flaw	n	flɔ:	cơn gió mạnh
flawed	a	flɔ:d	có vết, rạn nứt
flawless	a	'flɔ:lis	không có vết, không rạn nứt
flawlessly	d		hoàn hảo, hoàn Mỹ
flax	n	'flæks	cây lanh
flay	v	flei	lột da
flea	n	flea	con bọ chét
fleck	n	fleck	vết lốm đốm
fledgling	n	fledgling	chim non mới ra ràng
flee	v	flee	chạy trốn, bỏ chạy
fleece	n	fleece	bộ lông, mớ lông cừu
fleeced	a	fleeced	xốp nhẹ
fleet	n	fleet	đội tàu, hạm đội
fleeting	a	fleeting	lướt nhanh, thoáng qua
flesh	n	flesh	thịt
fleshy	a	fleshy	béo, có nhiều thịt
fletch	v		xem fledge
fleury	a	fleury	trang trí bằng hoa irit
flew	n	flew	con ruồi
flex	n	flex	dây mềm
flexibility	n	flexibility	tính chất dẻo, tính chất mền dẻo
flexible	a	flexible	dẻo, mền dẻo
flexing	n		sự uốn, néo uốn
flick	n	flick	cú đánh nhẹ, cái đập nhẹ
flicker	n	flicker	ánh sáng lung linh, ánh lửa bập bùng
flickering	a	flickering	đu đưa, rung rinh
flier	n	flier	vật bay, con vật có cánh
flight	n	flight	sự bỏ chạy, sự rút chạy
flightless	a		không bay được
flighty	a	flighty	hay thay đổi, đồng bóng
flimsy	a	flimsy	mỏng manh, mỏng mảnh
flinch	v	flinch	flench
fling	n	fling	sự ném, sự vứt
flint	n	flint	đá lửa, viên đá lửa
flip	n	flip	Flíp
flippant	a	flippant	thiếu nghiêm trang, khiếm nhã
flipper	n	flipper	chân chèo
flirt	n	flirt	sự giật, cái giật
flirtation	n	flirtation	sự ve vãn, sự tán tỉnh
flirtatious	a	flirtatious	thích tán tỉnh, thích ve vãn
flirting	a		ve vãn, tán tỉnh
flirty	a	flirty	hay ve vãn, hay tán tỉnh
flit	n	flit	sự dọn nhà, sự di chuyển chỗ ở
float	n	float	cái phao, phao cứu đắm
floater	n	floater	công nhân làm theo mùa, công nhân phụ độ
floating	n	floating	sự nổi
flock	n	flock	cụm, túm
flog	v	flog	quần quật
flogging	n	flogging	sự đánh bằng roi, sự quất bằng roi
flood	n	flood	lũ, lụt, nạn lụt
flooding	n		sự làm ngập lụt, sự úng lụt
floor	n	floor	sàn
flooring	n	flooring	nguyên vật liệu làm sàn
floozy	n	floozy	mèo, gái điếm
flop	n	flop	sự rơi tõm, tiếng rơi tõm
flophouse	n	flophouse	quán trọ rẻ tiền
floppy	a		mềm, nhẹ
flora	n	flora	hệ thực vật
floral	a	floral	cây cỏ, hệ thực vật
florentine	a	florentine	thành phố Flơ-ren-xơ
florist	n	florist	người bán hoa
floss	n	floss	tơ sồi
flotsam	n	flotsam	vật nổi lềnh bềnh
flounder	n	flounder	cá bơn
flour	n	flour	bột, bột mì
flourish	n	flourish	sự trang trí bay bướm, nét trang trí hoa
flow	n	flow	sự chảy
flowed	a		bị chảy lỏng
flower	n	flower	hoa, bông hoa
flowered	a	flowered	có hoa, ra hoa
flowering	n	flowering	sự ra hoa, sự nở hoa
flowerpot	n	flowerpot	chậu hoa
flowery	a	flowery	có nhiều hoa, đầy hoa
flowing	n	flowing	sự chảy
flown	a	flown	căng ra, phình ra
flu	n	flu	của influenza, bệnh cúm flue)
fluctuation	n	fluctuation	sự dao động, sự lên xuống
flue	n	flue	lưới đánh cá ba lớp mắt
fluent	n	fluent	lưu loát, trôi chảy
fluently	d		trôi chảy, lưu loát
fluff	v	fluff	làm cho mịn những đám nùi bông
fluffy	a	fluffy	như nùi bông
fluid	a	fluid	lỏng, dễ cháy
fluke	n	fluke	sán lá, sán gan
flung	n	flung	sự ném, sự vứt
flunk	v	flunk	hỏng
flunky	n	flunky	ghuộm khoeo kẻ tôi tớ
fluorescent	a	fluorescent	huỳnh quang
fluoride	n	fluoride	Florua
flurry	n	flurry	cơn gió mạnh, cơn mưa dông bất chợt
flush	a	flush	bằng phẳng, ngang bằng
flushed	a		xúc động
flushing	n		sự rửa bằng tia nước
flute	n	flute	cái sáo
flutter	n	flutter	sự vẫy, sự vỗ
fluttering	n		sự dao động, sự rung động
flux	n	flux	sự chảy mạnh, sự tuôn ra
fly	n	fly	con ruồi
flyer	n	flyer	vật bay, con vật có cánh
flying	n	flying	sự bay
fm	n		thống chế, nguyên soái
foal	n	foul	ngựa con, lừa con
foam	n	foum	bọt
foaming	n		sự sủi bọt, sự nổi bọt
fob	n	fɔb	túi đồng hồ
focal	a	'foukəl	, tiêu
focus	n	'foukəs	, tiêu điểm
focused	a		điều tiêu, hội tụ
fodder	n	'fɔdə	cỏ khô
foe	n	fou	kẻ thù, kẻ địch
foetus	n	'fi:təs/ (fetus) /'fi:təs	thai, bào thai
fog	n	fɔg	cỏ mọc lại
foggy	a	'fɔgi	có sương mù, tối tăm
foil	n	fɔil	lá
foiled	a		trang trí hình lá
fold	n	fould	bãi rào
folder	n	'fouldə	người gấp
folding	n		sự tạo nếp
foliage	n	'fouliidʤ	tán lá, bộ lá
folk	n	fouk	người
folklore	n	'flouklɔ:	văn học dân gian, truyền thống dân gian
folksy	a	'flouksi	, bình dân
follow	n	'fɔlou	cú đánh theo
follower	n	'fɔlouə	người theo, người theo dõi
following	n	'fɔlouiɳ	sự theo, sự noi theo
folly	n	'fɔli	sự điên rồ, hành động đại dột
fond	n	fɔnd	nền
fondle	v	'fɔndl	vuốt ve, mơn trớn
fondling	n		người, vật được vuốt ve
fondly	d		trìu mến, âu yếm
fondness	n	'fɔndnis	sự yêu mến quá đỗi, sự yêu dấu
fondue	n		nước xốt đun
font	n	fɔnt	bình đựng nước rửa tội, bình đựng nước t
food	n	fu:d	đồ ăn, thức ăn
fool	n	fu:l	món hoa quả nấu
foolhardy	a	'lu:l,hɑ:di	liều lĩnh một cách dại dột, liều mạng mộ
foolish	a	'fu:liʃ	dại dột, ngu xuẩn
foolishly	d		điên rồ, rồ dại
foolishness	n	'fu:liʃnis	tính dại dột, tính ngu xuẩn
foolproof	a	'fu:lpru:f	hết sức rõ ràng, ngu ngốc đến đâu cũng h
foot	n	fut	chân, bàn chân
footage	n	'futidʤ	chiều dài tính bằng phút
football	n	'futbɔ:l	quả bóng đá
footballer	n	'futbɔ:lə/ (football-player) /'futbɔ:l,pleiə	player) /'futbɔ:l, pleiə/
foothold	n	'futhould	chỗ để chân, chỗ đứng
footing	n	'futiɳ	chỗ để chân, chỗ đứng
footman	n	'futmən	lính bộ binh
footnote	n	'futnout	lời chú ở cuối trang
footprint	n	'futprint	dấu chân, vết chân
footstep	n	'futstep	bước chân đi
footwear	n		Cách viết khác : footgear
footwork	n	'futwə:k	động tác chân
footy	a		không có giá trị, tồi tàn
fop	n	fɔp/ (fopling) /'fɔpliɳ	công tử bột
for	p	fɔ:,fə	thay cho, thế cho
fora	n		danh từ số nhiều của forum
forage	n	'fɔridʤ	thức ăn vật nuôi, cỏ
foray	n	'fɔrei	sự cướp phá, sự đánh phá
forbade	v	fə'bid	cấm, ngăn cấm
forbid	v	fə'bid	cấm, ngăn cấm
forbidden	v	fə'bid	cấm, ngăn cấm
forbidding	a	fə'bidiɳ	trông gớm guốc, hãm tài
force	n	fɔ:s	thác nước
forced	a	fɔ:st	bắt ép, ép buộc
forceful	a	'fɔ:sful	mạnh mẽ
forcefully	d		mạnh mẽ, sinh động
forceps	n	'fɔ:seps	cái kẹp, cái cặp thai
forcible	a	'fɔ:səbl	bắng sức mạnh, bằng vũ lực
forcibly	d		bằng sức mạnh, bằng vũ lực
forcing	n		sự bắt buộc, sự cưỡng
ford	n	fɔ:d	chỗ cạn
fore	n	fɔ:	phần trước
forearm	n	'fɔ:rɑ:m	cẳng tay[fɔ:r'ɑ:m]
foreboding	n	fɔ:'boudiɳ	sự báo trước, điềm
forecast	n	fɔ:'kɑ:st	sự dự đoán trước, sự dự báo trước
foreclose	v	fɔ:'klouz	ngăn không cho hưởng
foreclosure	n	fɔ:'klouʤə	sự tịch thu tài sản để thế nợ
forefathers	n	'fɔ:,fɑ:ðəz	tổ tiên, ông cha
forefinger	n	'fɔ:,fiɳgə	ngón tay trỏ
forefront	n	'fɔ:frʌnt	hàng đầu & )
forego	v	fɔ:'gou	đi trước
foregone	a	fɔ:'gɔn	đã qua
foreground	n	'fɔ:graund	cảnh gần, cận cảnh
forehead	n	'fɔrid	trán
foreign	a	'fɔrin	nước ngoài, từ nước ngoài
foreigner	n	'fɔrinə	người nước ngoài
foreman	n	'fɔ:mən	quản đốc, đốc công
foremost	a	'fɔ:moust	đầu tiên, trước nhất
forensic	a		pháp lý, toà án
foreplay	n		sự vuốt ve kích thích trước khi giao hợp
foresaw	v	fɔ:'si:	nhìn thấy trước, dự kiến trước
foresee	v	fɔ:'si:	nhìn thấy trước, dự kiến trước
foreseeable	a		thấy trước được, dự đoán được
foreseen	v	fɔ:'si:	nhìn thấy trước, dự kiến trước
foresight	n	'fɔ:sait	sự thấy trước, sự nhìn xa thấy trước
foreskin	n	'fɔ:skin	bao quy đầu
forest	n	'fɔrist	rừng
forester	n	'fɔristə	cán bộ lâm nghiệp, nhân viên quản lý rừn
forestry	n	'fɔristri	miền rừng
foretell	v	fɔ:'tel	nói trước, đoán trước
foretold	v	fɔ:'tel	nói trước, đoán trước
forever	d	fə'revə	mãi mãi, vĩnh viễn
forevermore	d		xem forever
forfeit	n	'fɔ:fit	tiền phạt, tiền bồi thường
forfeiture	n	'fɔ:fitʃə	sự mất
forgave	v	fə'givn	tha, tha thứ
forge	n	fɔ:dʤ	lò rèn, xưởng rèn
forged	a	fɔ:dʤd	được rèn luyện được, được tôi luyện
forger	n	'fɔ:dʤə	thợ rèn
forgery	n	'fɔ:dʤəri	sự giả mạo
forget	v	fə'get	quên, không nhớ đến
forgetful	a	fə'getful	hay quên, có trí nhớ tồi
forgetfulness	n	fə'getfulnis	tính hay quên
forgettable	a	fə'getəbl	có thể quên được
forging	n		mẩu kim loại thành hình nhờ ép nén
forgive	v	fə'givn	tha, tha thứ
forgiven	v	fə'givn	tha, tha thứ
forgiveness	n	fə'giviɳnis	sự tha thứ, tính khoan dung
forgiving	a	fə'giviɳ	sãn sàng tha thứ, khoan dung
forgo	v	fɔ:'gou	thôi, bỏ
forgot	v	fə'get	quên, không nhớ đến
forgotten	v	fə'get	quên, không nhớ đến
fork	n	fɔ:k	cái nĩa
forked	a	fɔ:kt	hình chạc, chia ngả
forlorn	a	fə'lɔ:n	đau khổ, tuyệt vọng
form	n	fɔ:m	hình, hình thể
formal	a	'fɔ:məl	hình thức
formaldehyde	n	fɔ:'mældihaid	hoá fomanddêhyt
formality	n	fɔ:'mæliti	sự theo đúng quy cách, sự theo đúng thủ
formally	d		chính thức
format	n	'fɔ:mæt	khổ
formation	n	fɔ:'meiʃn	sự hình thành, sự tạo thành
formative	a	'fɔ:mətiv	để hình thành, để tạo thành
forme	n	fɔ:m	khuôn
former	a	'fɔ:mə	trước, cũ
formerly	d	'fɔ:məli	trước đây, thuở xưa
formica	n		phoocmica
formidable	a	'fɔ:midəbl	dữ dội, ghê gớm
forming	n		sự tạo hình, sự định hình
formula	n	'fɔ:mjulə	thể thức, cách thức
formulate	v	'fɔ:mjuleit/ (formulise) /'fɔ:mjulaiz/ (formulize) /'fɔ:mjulaiz	làm thành công thức, đưa vào một công th
fornicate	v	'fɔ:nikeit	gian dâm, thông dâm
fornication	n	,fɔ:ni'keiʃn	sự gian dâm, sự thông dâm
forsake	v	fə'seik	bỏ rơi
forsaken	v	fə'seik	bỏ rơi
forsaking	n	fə'seikiɳ	sự bỏ rơi
fort	n	fɔ:t	pháo đài, công sự
forte	a	'fɔ:ti	mạnh f)
forth	d	fɔ:θ	về phía trước, ra phía trước
forthcoming	a	fɔ:θ'kʌmiɳ	sắp đến, sắp rời
forthright	a	'fɔ:θrait	thẳng
forthwith	d	'fɔ:θ'wiθ	tức khắc, ngay lập tức
fortify	v	'fɔ:tifai	củng cố, làm cho vững chắc
fortitude	n	'fɔ:titju:d	sự chịu đựng ngoan cường, sự dũng cảm ch
fortnight	n	'fɔ:tnait	hai tuần lễ, mười lăm ngày
fortress	n	'fɔ:tris	pháo đài
fortuitous	a	fɔ:'tju:itəs	tình cờ, bất ngờ
fortuna	n		nữ thần may mắn
fortunate	a	'fɔ:tʃnit	may mắn, có phúc
fortunately	d		may mắn, may thay
fortune	n	'fɔ:tʃn	vận may, sự may mắn
forty	a	'fɔ:ti	bốn mươi
forum	n	'fɔ:rəm	diễn đàn & )
forward	a	'fɔ:wəd	ở trước, phía trước
forwards	d	'fɔ:wədz	forward
foss	n		cũng fosse
fosse	n	fɔs	hào
fossil	a	'fɔsl	hoá đá, hoá thạch
foster	v	'fɔstə	nuôi dưỡng, nuôi nấng
fought	n	fait	sự đấu tranh, sự chiến đấu
foul	a	faul	hôi hám, hôi thối
found	v	faund	nấu chảy
foundation	n	faun'deiʃn	sự thành lập, sự sáng lập
founded	n		có cơ sở
founder	n	'faundə	thợ đúc
foundling	n	'faudliɳ	đứa trẻ bị bỏ rơi
foundry	n	'faundri	lò đúc, xưởng đúc
fountain	n	'fauntin	suối nước, nguồn sông
four	a	fɔ:	bốn
fours	n		đếm cách một, cách hai
foursome	n	'fɔ:səm	trận đấu gôn giữa hai cặp
fourteen	a	'fɔ:'ti:n	mười bốn
fourteenth	a	'fɔ:'ti:nθ	thứ mười bốn
fourth	a	'fɔ:θ	thứ tư, thứ bốn
fowl	n	faul	gà, thịt gà
fowler	n	faulə	người bắn chim, người đánh bẫy chin
fox	n	fɔks	con cáo
foxhole	n	'fɔkshoul	hố cá nhân
foxtrot	n	'fɔkstrɔt	điệu nhảy fôctrôt
foxy	a	'fɔksi	như cáo, xảo quyệt
foyer	n	'fɔiei	phòng giải lao
fra	n		người anh, tên hiệu chỉ tu sĩ Italia
fracas	n	'frækɑ:	cuộc câi lộn ầm ĩ, cuộc ẩu đã ầm ĩ
fractal	n		phân dạng, phép toán tạo hình phân dạng
fraction	n	'frækʃn	phân số
fracture	n	'fræktʃə	sự gãy, chỗ gãy
frag	v		cố tình giết bằng lựu đạn
fragile	a	'frædʤail	dễ vỡ, dễ gây
fragility	n	frə'dʤiliti	tính dễ vỡ, tính dễ gãy
fragment	n	'frægmənt	mảnh, mảnh vỡ
fragrance	n	'freigrəns/ (fragrancy) /'freigrənsi	mùi thơm phưng phức, hương thơm ngát
fragrant	a	'freigrənt	thơm phưng phức, thơm ngát
frail	a	freil	dễ vỡ, mỏng mảnh
frailty	n	'freilti	tình trạng dễ vỡ, tính mỏng mảnh
frame	n	freim	cấu trúc, cơ cấu
framework	n	'freimwə:k	sườn, khung
framing	n		sự làm khung, sự đựng khung
franc	n	fræɳk	đồng frăng
franchise	n	'fræntʃaiz	quyền bầu cử
franciscan	a	fræn'siskən	thuộc dòng thánh Fran-xít
frank	v	fræɳk	miễn cước, đóng dấu miễn cước
frankfurt	n	'fræɳkfət/ (frankfurter) /'fræɳkfətə	xúc xích Đức
frankincense	n	'fræɳkin,sens	hương trầm
franklin	n	'fræɳklin	địa chủ
frankly	d		thẳng thắn, trung thực
frankness	n	'fræɳknis	tính ngay thật, tính thẳng thắn
frantic	a	'fræɳtik	điên cuồng, điên rồ
frantically	d		điên cuồng, điên rồ
fraternal	a	frə'tə:nl	anh em
fraternity	n	frə'tə:niti	tình anh em
fraud	n	frɔ:d	sự gian lận, sự gian trá
fraudulent	a	'frɔ:djulənt	mắc tội gian lận, mắc tội lừa lọc
fraught	a	frɔ:t	đầy
fraulein	n		cô gái
fray	n	frei	cuộc cãi lộn, cuộc ẩu đả
freak	n	fri:k	tính đồng bóng, tính hay thay đổi
freaked	a	fri:kt	có đốm, lốm đốm
freakish	a	'fri:kiʃ	đồng bóng, hay thay đổi
freakishly	d		quái đản, kỳ cục
freaky	a		xem freakish
freckle	n	'frekl	tàn nhang
free	a	fri:	tự do
freebie	n		quà biếu, quà tặng
freedman	n	'fri:dmæn	người nô lệ được giải phóng
freedom	n	'fri:dəm	sự tự do, nền tự do
freeing	n		sự giải phóng
freelance	v		làm nghề tự do
freelancer	n		người làm nghề tự do
freeloader	n		kẻ ăn bám, người ăn chực
freely	d	'fri:li	tự do, tuỳ thích
freeman	n	'fri:mən	người tự do
freestyle	n		sự bơi tự do, sự đấu vật tự do
freeway	n		như motorway
freeze	n	fri:z	sự đông vì lạnh, sự giá lạnh
freezer	n	'fri:zə	máy ướp lạnh
freezing	a	'fri:ziɳ	giá lạnh, băng giá
freight	n	freit	việc chuyên chở hàng bằng đường thuỷ, vi
freighter	n	'freitə	người chất hàng
french	a	frentʃ	Pháp
frenchman	n	'frentʃmən	người Pháp
frenchy	a	'frentʃi	Pháp, theo kiểu Pháp
frenzied	a		điên cuồng
frenzy	n	'frenzi	sự điên cuồng
frequency	n		tần số
frequent	a	'fri:kwənt	thường xuyên, hay xảy ra
frequently	d		thường xuyên
fresco	n	'freskou	lối vẽ trên tường
frescoes	n	'freskou	lối vẽ trên tường
fresh	a	freʃ	tươi
freshen	v	'freʃn	làm tươi
freshener	n		chất làm thơm mát
fresher	n	'freʃə	học sinh đại học năm thứ nhất freshman)
freshly	d	'freʃli	+ động tính từ quá khứ) mới mẻ, vừa mới
freshman	n	'freʃmən	học sinh đại học năm thứ nhất fresher)
freshness	n	'freʃnis	sự tươi
freshwater	a	'freʃ,wɔ:tə	nước ngọt, ở nước ngọt
fresno	n		máy cạp đường
fret	n	fret	phím đàn
freudian	a	'frɔidiən	Frớt
fri	n		thứ Sáu
friar	n	'fraiə/ (frate) /'frɑ:tə	thầy dòng
friction	n	'frikʃn	sự mài xát, sự ma xát
friday	n	'fraidi	ngày thứ sáu
fridge	n	fridʤ/ (fridge) /fridʤ/ (frige) /fridʤ	tủ ướp lạnh của frigerator)
friend	n	frend	người bạn
friendless	a	'frendlis	không có bạn
friendliness	n	'frendlinis	sự thân mật, sự thân thiết
friendly	a	'frendli	thân mật, thân thiết
friendship	n	'frendʃip	tình bạn, tình hữu nghị
frig	n	fridʤ/ (fridge) /fridʤ/ (frige) /fridʤ	tủ ướp lạnh của frigerator)
frigate	n	'frigit	tàu khu trục nhỏ
fright	n	frait	sự hoảng sợ
frighten	v	'fraitn	làm hoảng sợ, làm sợ
frightened	a	'fraitnd	hoảng sợ, khiếp đảm
frightening	a		kinh khủng, khủng khiếp
frightful	a	'fraitful	ghê sợ, khủng khiếp
frightfully	d		ghê sợ, ghê khiếp
frigid	a	'fridʤid	giá lạnh, lạnh lẽo
fringe	n	frindʤ	tua
frisbee	n		dựa nhựa nhẹ dùng trong trò chơi
frisco	n		thành phố San-fran-xit-xcô
frisk	n	frisk	sự nhảy cỡn, sự nô đùa
frisky	a	'friski	nghịch ngợm, hay nô đùa
fritter	n	'fritə	món rán
fritz	n	frits	to be on the fritz, hỏng
frivolity	n	fri'vɔliti/ (frivolness) /'frivəlnis	sự phù phiếm, sự nhẹ dạ
frivolous	a	'frivələs	phù phiếm, nhẹ dạ
frizzy	a		uốn quăn, uốn thành búp
fro	d	frou	to and fro đi đi lại lại
frock	n	frɔk	áo thầy tu, áo cà sa
frog	n	frɔg	con ếch, con ngoé
froggy	a	'frɔgi	ếch nhái, như ếch nhái
frolic	a	'frɔlik	vui vẻ, vui nhộn
from	p	frɔm, frəm	từ
frond	n	frɔnd	lá lược
front	n	frʌnt	cái trán
frontal	a	'frʌntl	trán
fronted	a		có mặt trước, bày thành một hàng ở phía
frontier	n	'frʌntjə	biên giới
frost	n	frɔst	sự đông giá
frosted	a		bị băng giá
frosting	n	'frɔstiɳ	lượt phủ
frosty	a	'frɔsti	băng giá, giá rét
froth	n	frɔθ	bọt
frothy	a	'frɔθi	có bọt, nổi bọt
frown	n	fraun	sự cau mày, nét cau mày
froze	n	fri:z	sự đông vì lạnh, sự giá lạnh
frozen	n	fri:z	sự đông vì lạnh, sự giá lạnh
frs	n		thành viên của Hội Hoàng gia
fructose	n	'frʌktous	Fructoza
frugal	a	'fru:gəl	căn cơ, tiết kiệm
fruit	n	fru:t	quả, trái cây
fruitful	a	'fru:tful	ra nhiều quả, có nhiều quả
fruition	n	fru:'iʃn	sự hưởng, sự thực hiện
fruitless	a	'fru:tlis	không ra quả, không có quả
fruity	a	'fru:ti	quả, trái cây
frustrate	v	frʌs'treit	làm thất bại, làm hỏng
frustrated	a		nản lòng, nản chí
frustrating	a		làm nản lòng, gây sự bực dọc
frustration	n	frʌs'treiʃn	sự làm thất bại, sự làm hỏng
fry	n	frai	cá mới nở, cá bột
fryer	n	'fraiə	chảo rán
ft	n		Flô-rin
fuchsia	n	'fju:ʃə	cây hoa vân anh
fuck	n		sự giao cấu
fucker	n		interj
fucking	d		rất, vô cùng
fudge	i	fʌdʤ	vớ vẩn!
fuehrer	n	'fjuərə/ (FẢhrer) /'fjuərə	lãnh tụ Fuarơ
fuel	n	fjuəl	chất đốt, nhiên liệu
fugitive	a	'fju:dʤitiv	trốn tránh, chạy trốn
fugue	n	fju:g	fuga
fulcrum	n	'fʌlkrəm	điểm tựa
fulfil	v	ful'fil/ (fulfill) /ful'fil	thực hiện, hoàn thành
fulfill	v	ful'fil/ (fulfill) /ful'fil	thực hiện, hoàn thành
fulfilled	a		thoả mãn, mãn nguyện
fulfilment	n	ful'filmənt/ (fulfilment) /ful'filmənt	sự hoàn thành, sự thực hiện
fulham	n	'fuləm	con súc sắc có đổ chì
full	a	ful	đầy, đầy đủ
fuller	n	'fulə	thợ chuội và hồ vải
fullness	n	'fulnis/ (fulness) /'fulnis	sự đầy đủ
fully	d	'fuli	đầy đủ, hoàn toàn
fumble	n	'fʌmbl	sự dò dẫm, sự sờ soạng
fume	n	fju:m	khói, hơi khói
fuming	a		dễ bốc khói, nổi giận
fun	n	fʌn	sự vui đùa, sự vui thích
function	n	'fʌɳkʃn	chức năng
functional	a	'fʌɳkʃənl	functionary
fund	n	fʌnd	kho
fundamental	a	,fʌndə'mentl	cơ bản, cơ sở
fundamentalist	n	,fʌndə'mentəlist	người theo trào lưu chính thống
fundamentally	d		về cơ bản
funded	a		để vào quỹ công trái nhà nước
Funding	n		Đổi nợ, đảo nợ
funeral	a	'fju:nərəl	sự chôn cất, dùng trong sự chôn cất
fungal	a	'fʌɳgəl	nấm
fungi	n	'fʌɳgəs	nấm
fungus	n	'fʌɳgəs	nấm
funk	n	fʌɳk	sự kinh sợ
funky	a	'fʌɳki	khiếp đảm, nhút nhát
funnel	n	'fʌnl	cái phễu
funnily	d		lạ lùng, kỳ quặc
funny	a	'fʌni	buồn cười, ngồ ngộ
fur	n	fə:	bộ lông mao, loài thú
furies	n		các nữ thần trả thù
furious	a	'fjuəriəs	giận dữ, diên tiết
furiously	d		điên tiết, cáu tiết
furlong	n	'fə:lɔɳ	Fulông
furlough	n	'fə:lou	phép nghỉ
furnace	n	'fə:nis	lò
furnish	v	'fə:niʃ	cung cấp
furnished	a	'fə:niʃt	có sãn đồ đạc, được trang bị đồ đạc
furnishing	n		sự cung cấp, sự trang bị đồ đạc
furnishings	n	'fə:niʃiɳz	đồ đạc và đồ dùng trong nhà
furniture	n	'fə:nitʃə	đồ đạc
furrow	n	'fʌrou	luống cày
furry	a	'fə:ri	da lông thú, như da lông thú
further	a	'fə:ðə	xa hơn nữa, bên kia
furthermore	d	'fə:ðə'mɔ:	hơn nữa, vả lại
furthest	a	'fə:ðist	xa hơn hết, xa nhất
furtive	a	'fə:tiv	trộm, lén lút
fury	n	'fjuəri	sự giận dữ, sự thịnh nộ
fuse	n	fju:z	cầu chì
fuselage	n	'fju:zilɑ:ʤ	thân máy bay
fusion	n	'fju:ʤn	sự làm cho chảy ra, sự nấu chảy ra
fuss	n	fʌs	sự ồn ào, sự om sòm
fussy	a	'fʌsi	hay om sòm, hay rối rít
futile	a	'fju:tail	vô ích, không có hiệu quả
futility	n	fju:'tiliti	sự vô ích, sự không có hiệu quả
future	a	'fju:tʃə	tương lai
futuristic	a		thuộc về thuyết vị lai
fuzz	n	fʌz	xơ sợi
fuzzy	a	'fʌzi	sờn, xơ
fyi	n		vt của For Your Information
g	n	dʤi: - dʤi:z	dʤi:z/
gab	n	gæb	vết chích, vết khía
gabby	a	'gæbi	hay nói, lém
gable	n	'geibl	đầu hồi
gaby	n	'geibi	chàng ngốc, người khờ dại
gad	n	gæd	mũi nhọn, đầu nhọn
gadget	n	'gædʤit	bộ phận cải tiến, máy cải tiến
gael	n	geil	người Xen-tơ
gaelic	a	'geilik	Xen-tơ
gaff	n	gæf	to blow the gaff để lộ âm mưu, tiết lộ b
gaffer	n	gæfə	ông già, ông lão quê kệch
gag	n	gæg	vật nhét vào miệng cho khỏi kêu la, cái
gaga	a	'gægɑ:	già nua lẫn cẫn, lẩm cẩm
gage	n	geidʤ	đồ cầm, vật cược
gagging	n		sự sửa nguội
gaggle	n	'gægl	bầy ngỗng
gaiety	n	'geiəti	sự vui vẻ, tính vui vẻ
gaily	d	'geili	vui vẻ, hoan hỉ
gain	n	gein	lợi, lời
gait	n	geit	dáng đi
gal	n	gæl	cô gái
gala	n	'gɑ:lə	hội, hội hè
galactic	a		ngân hà
galaxy	n	'gæləksi	ngân hà, thiên hà
gale	n	geil	cơn gió mạnh, bão
galen	n	'geilən	ông lang
galilee	n		lễ đường nhỏ trước nhà thờ
gall	n	gɔ:l	mật
gallant	a	'gælənt	dũng cảm, hào hiệp
gallantry	n	'gæləntri	sự can đảm, sự gan dạ
galleon	n	'gæliən	thuyền buồm lớn
gallery	n	'gæləri	phòng trưng bày tranh tượng
galley	n	'gæli	thuyến galê
gallon	n	'gælən	Galông
gallop	n	'gæləp	nước phi
galloping	a		tiến triển nhanh
galloway	n	'gæləwei	giống ngựa galôuây
gallows	n	'gælouz	giá treo cổ
galore	d	gə'lɔ:	rất nhiều, dồi dào
gam	n		cái chân
gama	n		gama
gambit	n	'gæmbit	sự thí quân để mở đường cho tướng
gamble	n	'gæmbl	cuộc đánh bạc, cuộc may rủi
gambler	n	'gæmblə	người đánh bạc, con bạc
gambling	n	'gæmbliɳ	trò cờ bạc
game	n	geim	trò chơi
gamekeeper	n	'geim,ki:pə	người canh rừng không cho săn trộm th
gaming	n	'geimiɳ	sự đánh bạc
gamma	n	'gæmə	Gama
gammy	a	'gæmi	như gà chọi, dũng cảm
gan	n		quá khứ của gin
gander	n	'gændə	con ngỗng đực
gang	n	gæɳ	đoàn, tốp
ganged	a		ghép đôi, ghép bộ
ganging	n		sự ghép đôi, sự sắp bộ
gangland	n		giới giang hồ, giới xã hội đen
gangplank	n		ván cầu
gangrene	n	'gæɳgri:n	bệnh thối hoại
gangster	n	'gæɳstə	kẻ cướp, găngxtơ
gangway	n	'gæɳwei	lối đi giữa các hàng ghế
gantry	n	'gæntri/ (gauntry) /'gɔ:ntri	giá gỗ kê thùng
gap	n	gæp	lỗ hổng, kẽ hở
gape	n	geip	cái ngáp
gar	n		cá nhái
garage	n	'gærɑ:ʤ	ga ra, nhà để ô tô
garb	n	gɑ:b	quần áo
garbage	n	'gɑ:bidʤ	lòng, ruột
garbo	n		người quét rác
garden	n	'gɑ:dn	vườn
gardener	n	'gɑ:dnə	người làm vườn
gardenia	n	gɑ:'di:njə	cây dành dành
gardening	n	'gɑ:dniɳ	nghề làm vườn, sự trồng vườn
gargantuan	a	gɑ:'gæntjuən	to lớn phi thường, khổng lồ
gargle	n	'gɑ:bl	thuốc súc miệng, thuốc súc họng
gargoyle	n	'gɑ:gɔil	miệng máng xối
garibaldi	n	,gæri'bɔ:ldi	áo bờ lu
garish	a	'geəriʃ	loè loẹt, sặc sỡ
garland	n	'gɑ:lənd	vòng hoa
garlic	n	'gɑ:lik	cây tỏi
garment	n	'gɑ:mənt	áo quần
garner	n	'gɑ:nə	vựa thóc, kho thóc
garnet	n		ngọc hồng lựu
garnish	n	'gɑ:niʃ	garnishing
garret	n	gə'rɔt - gə'rət	gə'rət/
garrison	n	'gærisn	đơn vị đồn trú
garter	n	'gɑ:tə	nịt bít tất
garth	n		khoảng trống có tu viện bao quanh
gas	n	gæs	khí
gaseous	a	'geizjəs	thể khí
gash	n	gæʃ	vết thương dài và sâu, vết cắt dài và sâ
gasket	n	'gæskit	dây thừng nhỏ
gasoline	n	'gæsəli:n/ (gasoline) /'gæsəli:n	dầu lửa, dầu hoả
gasp	n	gɑ:sp	sự thở hổn hển
gassed	a		bị nhiễm khí độc
gassing	n		sự bốc khí
gassy	a	'gæsi	khí, như khí
gastric	a	'gæstrik	dạ dày
gat	n	gæt	, súng lục
gate	n	geit	cổng
gated	a		thuộc cổng, cửa
gateway	n	'geitwei	cổng vào & )
gather	v	'gæðə	tập hợp, tụ họp lại
gathering	n	'gæðəriɳ	sự tụ họ, cuộc hội họp
gathers	n	'gæðəz	nếp chun
gauche	a	gouʃ	vụng về
gaucho	n		người chăn bò ở Nam Mỹ
gaudy	a	'gɔ:di	loè loẹt, hoa hoè hoa sói
gauge	n	geidʤ	máy đo
gaul	n		tên gọi nước cổ châu Âu bao gồm Pháp, Bắ
gault	n		lớp đất sét dày
gaunt	a	gɔ:nt	gầy, hốc hác
gauntlet	n	'gɔ:ntlit	bao tay sắt, găng sắt
gauss	n	gaus	Gaoxơ
Gaussian	n		Gauxơ
gauze	n	gɔ:z	sa, lượt
gave	v	giv	cho, biếu
gavel	n	'gævl	cái búa
gawk	n	gɔ:k	người lóng ngóng
gay	a	gei	vui vẻ, vui tươi
gaze	n	geiz	cái nhìn chằm chằm
gazebo	n	gə'zi:bou	vọng lâu
gazelle	n	gə'zel	linh dương gazen
gazette	n	gə'zet	công báo
gazpacho	n		súp lạnh Tây Ban Nha
GDP	n		Tổng sản phẩm quốc nội.
gdr	n		Cộng hoà dân chủ Đức
gear	n	giə	cơ cấu, thiết bị
gearing	n	'giəriɳ	hệ thống bánh răng
gecko	n	'gekou	con tắc kè
gee	n	dʤi:	khuấy thán từ
geek	n		người đam mê các hoạt động trí não
geese	n	gu:s	ngỗng, ngỗng cái
geezer	n	'gi:zə	ông già, bà già
geisha	n	'geiʃə	vũ nữ Nhật
gel	n	dʤel	chất gien
gelatin	n	,dʤelə'ti:n/ (gelatine) /,dʤelə'ti:n	Gelatin
gelding	n	'geldiɳ	sự thiến
gem	n	dʤem	viên ngọc
gemini	n		cung song sinh
gemma	n	'dʤemə	mầm
gemstone	n		đá quý
gen	n	dʤen	của general information
gena	n		má
gendarme	n	'ʤỴ:ndɑ:m	sen đầm
gendarmerie	n	'ʤỴ:ndɑ:məri	đội sen đầm
gender	n	'dʤendə	giống
gene	n	dʤi:n	Gen
genealogy	n	,dʤi:ni'ælədʤi	khoa phả hệ
general	a	'dʤenərəl	chung, chung chung
generalissimo	n	,dʤenərə'lisimou	tổng tư lệnh
generally	d	'dʤenərəli	nói chung, đại thể
generate	v	'dʤenəreit	sinh, đẻ ra
generating	a		sinh ra, tạo ra
generation	n	,dʤenə'reiʃn	sự sinh ra, sự phát sinh ra
generator	n	'dʤenəreitə	người sinh ra, người tạo ra
generic	a	dʤi'nerik	có đặc điểm chung của một giống loài, gi
generosity	n	,dʤenə'rɔsiti	sự rộng lượng, sự khoan hồng
generous	a	'dʤenərəs	rộng lượng, khoan hồng
generously	d		rộng lượng, hào hiệp
genesis	n	'dʤenisis	căn nguyên, nguồn gốc
genetic	a	dʤi'netik	căn nguyên, nguồn gốc
genetically	d		về mặt di truyền học, có liên quan đến k
geneticist	n		nhà nghiên cứu về di truyền học, nhà di
genetics	n	dʤi'netiks	di truyền học
geneva	n	dʤi'ni:və	rượu cối, rượu đỗ tùng
genial	a	'dʤi:njəl	vui vẻ, vui tính
genie	n	'dʤi:ni	thần
genital	n	'dʤenitl	sinh dục
genitalia	n		cơ quan sinh dục ngoài
genitals	n	'dʤenitlz	cơ quan sinh dục ngoài
genius	n	'dʤenitiv	thiên tài, thiên tư
genocide	n	'dʤenousaid	tội diệt chủng
genre	n	ʤỴ:ɳr	loại, thể loại
gent	n	dʤent	của gentleman
genteel	a	dʤen'ti:l	lễ độ, nhã nhặn
gentile	a	'dʤentail	không phải là Do thái
gentle	a	'dʤentl	hiền lành, dịu dàng
gentleman	n	'dʤentlmən	người hào hoa phong nhã
gentlemanly	a	'dʤentlmənli/ (gentlemanlike) /'dʤentlmənlaik	lịch sự, hào hoa phong nhã
gentleness	n	'dʤentlnis	tính hiền lành, tính dịu dàng
gently	d	'dʤentli	nhẹ nhàng, êm ái
gentry	n	'dʤentri	tầng lớp quý tộc nhỏ
gents	n	dʤents	nhà vệ sinh đàn ông
genuine	a	'dʤenjuin	thật, chính cống
genuinely	d		thành thật, chân thật
genus	n	'dʤi:nəs	phái, giống
geographic	a	dʤiə'græfik/ (geographical) /dʤiə'græfikəl	địa lý
geographical	a	dʤiə'græfik/ (geographical) /dʤiə'græfikəl	địa lý
geographically	d		về mặt địa lý, về phương diện địa lý
geography	n	dʤi'ɔgrəfi	khoa địa lý, địa lý học
geological	a	dʤiə'lɔdʤik/ (geological) /dʤiə'lɔdʤikəl	địa chất
geologist	n	dʤi'ɔlədʤist	nhà địa chất
geology	n	dʤi'ɔlədʤi	khoa địa chất, địa chất học
geometric	a	dʤiə'metrik/ (geometrical) /dʤiə'metrikəl	hình học
geometry	n	dʤi'ɔmitri	hình học
george	n	dʤɔ:dʤ	thánh Gióoc
georgette	n	dʤɔ:'dʤet	nhiễu joocjet, kết joocjet
georgian	a		thuộc thời kỳ các vua George của Anh
geothermal	a		thuộc địa nhiệt
geranium	n	dʤi'reinjəm	cây phong lữ
gerbil	n		chuột nhảy
geriatric	a	,dʤeri'ætrik	khoa bệnh tuổi già
germ	n	dʤə:m	mộng, mầm
german	a	'dʤə:mən	brother german anh em ruột thịt, sisters
germanic	a	dʤə:'mænik	Đức
gestapo	n		cơ quan mật vụ của Đức quốc xã
gestation	n	dʤes'teiʃn	sự thai nghén, thời kỳ thai nghén
gesture	n	'dʤestʃə	điệu bộ, cử chỉ
get	v	get	được, có được
getaway	n	'getəwei	sự chạy trốn, sự trốn thoát
getting	n		sự khấu, sự khai thác
geum	n		cây thủy dương mai
geyser	n	'gaizə	mạch nước phun
ghastly	a	'gɑ:stli	ghê sợ, ghê khiếp
ghee	n	gi:	bơ sữa trâu lỏng
ghetto	n	'getou	khu người Do thái
ghost	n	goust	ma
ghostly	a	'goustli	ma quỷ, như một bóng ma
ghoul	n	gu:l	ma cà rồng
ghoulish	a	'gu:liʃ	ma cà rồng, như ma cà rồng
gi	n		lính Mỹ
giant	n	'dʤaiənt	người khổng lồ, cây khổng lồ
gib	n	dʤib	đinh kẹp, má kẹp
gibberish	n	'gibəriʃ	lời nói lắp bắp
gibbon	n	'gibən	con vượn
giblets	n	'dʤiblist	lòng, cổ
giddy	a	'gidi	chóng mặt, choáng váng
gift	n	gift	sự ban cho, sự cho
gifted	a	'giftid	có tài, thiên tài
gig	n	gig	xe độc mã hai banh
gigantic	n	dʤai'gæntik	khổng lồ, kếch x
giggle	n	'gigl	tiếng cười rúc rích, tiếng cười khúc khí
gigolo	n	'ʤigəlou	người đàn ông chuyên đi nhảy thuê với ph
gilbert	n	'gilbət	ginbe
gilded	a		mạ vàng
gill	n	dʤil	của Gillian
gilt	n	gilt	lợn cái con
gimmick	n		đồ không cần thiết
gin	n	dʤin	rượu gin
ginger	n	'dʤindʤə	cây gừng, củ gừng
gingerbread	n	'dʤindʤəbred	bánh gừng
ginny	a	'dʤinmil	say rượu
ginseng	n	'dʤinseɳ	cây nhân sâm
gipsy	n	'dʤipsi/ (gypsy) /'dʤipsi	dân gipxi
giraffe	n	dʤi'rɑ:f	hươu cao c
girdle	n	'gə:dl	cái vỉ nướng bánh
girl	n	gə:l	con gái
girlie	n	'gə:li	cô gái nh
girlish	a	'gə:liʃ	con gái, như con gái
giro	n		hệ thống chuyển khoản
girth	n	gə:θ	đai yên
gist	n	dʤist	lý do chính, nguyên nhân chính
give	v	giv	cho, biếu
given	a	'givn	đề ngày
giver	n	'givə	người cho, người biếu
giving	n		sự cho, việc tặng
gizzard	n	'gizəd	cái mề
glacial	a	'gleisjəl	nước đá, thời kỳ sông băng
glacier	n	'glæsjə	sông băng
glad	a	glæd	vui lòng, sung sướng
glade	n	gleid	trảng
gladiator	n	'glædieitə	nhà bút chiến, nhà tranh luận
gladly	d		vui vẻ, sung sướng
gladness	n	'glædnis	sự sung sướng, sự vui mừng
glam	v		xem glamorize
glamorous	a	'glæmərəs/ (glamourous) /'glæmərəs	đẹp say đắm, đẹp quyến r
glamour	n	'glæmə	sức quyến rũ huyền bí, sức mê hoặc
glance	n	glɑ:ns	quặng bóng
glancing	a		sượt qua, sớt qua
gland	n	glænd	tuyến
glandular	a	'glændjulə/ (glandulous) /'glændjuləs	tuyến
glare	n	gleə	ánh sáng, ánh chói
glaring	a	'gleəriɳ/ (glary) /'gleəri	sáng chói, chói loà
glass	n	glɑ:s	kính thuỷ tinh
glassware	n		đồ đạc bằng thuỷ tinh, hàng thuỷ tinh
glassy	a	'glɑ:si	như thuỷ tinh
glaucoma	n	glɔ:'koumə	bệnh glôcôm, bệnh tăng nhãn áp
glaze	n	gleiz	men, nước men
glazed	a		đờ đẫn, thẩn thờ
glazing	n	'gleiziɳ	sự lắp kính
gleam	n	gli:m	tia sáng yếu ớt, ánh lập loè
glean	v	gli:n	mót
glee	n	gli:	niềm hân hoan, niềm vui sướng
glen	n	glen	thung lũng hẹp
glib	a	glib	lém lỉnh, liến thoắng
glide	n	glaid	sự trượt đi, sự lướt đi
glider	v	glaidə	lướt qua, lướt nhẹ
gliding	n	'glaidiɳ	sự trượt đi, sự lướt đi
glimmer	n	'glimə	tia sáng le lói, ngọn lửa chập chờn
glimpse	n	glimps	cái nhìn lướt qua, cái nhìn thoáng qua
glint	n	glint	tia sáng, tia sáng loé
glitch	n		sự cố nhỏ, trục trặc
glitter	n	'glitə	ánh sáng lấp lánh
glitz	n		nét quyến rũ nhất thời, vẻ hào nhoáng gi
gloat	v	glout	nhìn hau háu, nhìn một cách thèm muốn
global	a	'gloubəl	toàn cầu
globally	d		toàn bộ, tổng thể
globe	n	gloub	quả cầu
gloom	v	glu:m	tối sầm lại, u ám
gloomy	a	'glu:mi	tối tăm, u ám
gloria	n		tụng ca
glorify	v	'glɔ:rifai	tuyên dương, ca ngợi
glorious	a	'glɔ:riəs	vinh quang, vẻ vang
gloriously	d		vinh quang, vẻ vang
glory	n	'glɔ:ri	danh tiếng, thanh danh
gloss	n	glɔs	nước bóng, nước láng
glossy	a	'glɔsi	bóng loáng, hào nhoáng
glove	n	glʌv	bao tay, tất tay
glover	n	'glʌvə	người làm găng tay
glow	n	glou	ánh sáng rực rỡ
glowing	a	'glouiɳ	rực sáng
glucose	n	'glu:kous	Glucoza
glue	n	glu:	keo hồ
glued	n		sự dán
gluing	n		sự dán
glum	a	glʌm	ủ rũ, buồn bã
gluten	n	'glu:tən	Gluten
glutton	n	'glʌtn	người háu ăn, kẻ tham ăn
gluttony	n	'glʌtni	tính háu ăn, thói phàm ăn
gm	n		Huy chương George
gnarly	a	nɑ:ld/ (gnarly) /'nɑ:li	lắm mấu, xương xẩu
gnat	n	næt	muỗi nhỏ, muỗi mắt
gnaw	v	nɔ:	gặm, ăn mòn
gnawing	n	'nɔ:iɳ	sự gặm nhắm, sự ăn mòn
gnome	n	'noumi:	châm ngôn
go	n	gou	sự đi
goad	n	goud	gậy nhọn
goal	n	goul	khung thành gồm
goalie	n	'goul,ki:pə/ (goalie) /'gouli:/ (goalee) /'gouli:	thủ thành, người giữ gôn
goalkeeper	n		thủ thành, người giữ gôn
goanna	n		con nhông
goat	n	gout	con dê
goatee	n	gou'ti:	chòm râu dê
gob	n	gɔb	, thuỷ thủ
gobble	n	'gɔbl	tiếng kêu gộp gộp
goblet	n	'gɔblit	ly có chân, cốc nhỏ có chân
goblin	n	'gɔblin	yêu tinh
god	n	gɔd	thần
goddam	a		như goddamned
goddamn	n		như damn
goddamned	a	'gɔddæmd	chết tiệt goddamn, goddam)
goddaughter	n	'gɔd,dɔ:tə	con gái đỡ đầu
goddess	n	'gɔdis	nữ thần
godfather	n	'gɔd,fɑ:ðə	cha đỡ đầu
godforsaken	a	'gɔdfə,seikn	tồi tàn, khốn nạn
godless	a	'gɔdlis	vô thần, không tin thần thánh
godlike	a	'gɔdlaik	như thần, như thánh
godliness	n	'gɔdlinis	sự sùng đạo, sự ngoan đạo
godly	a	'gɔdli	sùng đạo, ngoan đạo
godmother	n	'gɔd,mʌðə	mẹ đỡ đầu
godown	n	'goudaun	nhà kho, kho chứa hàng
godsend	n	'gɔdsend	của trời cho, điều may mắn bất ngờ
godson	n	'gɔdsʌn	con trai đỡ đầu
godspeed	n	'gɔd'spi:d	sự thành công, sự may mắn
goggles	n	'gɔglz	kính bảo hộ, kính râm
going	n	'gouiɳ	sự ra đi
gold	n	gould	vàng
golden	a	'gouldən	bằng vàng
goldfish	n	'gouldfiʃ	cá vàng
goldsmith	n	'gouldsmiθ	thợ vàng
golf	n	gɔlf	môn đánh gôn
golfer	n	'gɔlfə	người chơi gôn
goliath	n	gə'laiəθ	người khổng lồ
golly	i	'gɔli	by golly! trời!, chao ôi!
gomorrah	n		nơi nổi tiếng hư hỏng trụy lạc )
gondola	n	'gɔndələ	thuyền đáy bằng
gone	a	gɔn	đã đi, đã đi khỏi
goner	n	'gɔnə	người hư hỏng, người bỏ đi
gong	n	gɔɳ	cái cồng, cái chiêng
gonna	n		trợ động từ
gonorrhea	n	,gɔnə'ri:ə	bệnh lậu
goo	n	gud	vật nhờn, cái dính nhớp nháp
goober	n	'gu:bə	lạc goober pea)
good	a	gud	tốt, hay
goodie	n		goody
goodly	a	'gudli	đẹp, có duyên
goodman	n	'gudmæn	chủ nhà, chủ gia đình
goodness	n	'gudnis	lòng tốt, tính tốt
goods	n	gudz	của cải, động sản
goodwill	n	gud'wil	thiện ý, thiện chí
goody	n	'gudi	kẹo
gooey	a	'gu:i:	dính nhớp nháp
goof	n	gu:f	người ngu, người ngốc
goofball	n		người dở hơi
goofy	a	'gu:fi	ngu, ngốc
googly	n		bóng dội ngược
gook	n		người da nâu hay da vàng
goon	n	gu:n	người ngu đần, người ngu ngốc
goose	n	gu:s	ngỗng, ngỗng cái
gooseberry	n	'guzbəri	cây lý gai
gopher	n	'goufə	chuột túi
gore	n	gɔ:	máu đông
gorge	n	gɔ:dʤ	những cái đã ăn vào bụng
gorgeous	a	'gɔ:dʤəs	rực rỡ, lộng lẫy
gorgon	n	'gɔ:gən	nữ thần tóc rắn
gorgonzola	n		phó mát có nhiều kem của Y
gorilla	n	gə'rilə	con gôrila
gory	a	'gɔ:ri	dây đầy máu, vấy máu
gosh	i	gɔʃ	by gosh! thật kỳ quá! Kỳ chưa!
gosling	n	'gɔzliɳ	ngỗng con, ngỗng non
gospel	n	'gɔspəl	sách phúc âm
gossamer	a	'gɔsəmə	mỏng nhẹ như tơ
gossip	n	'gɔsip	chuyện ngồi lê đôi mách, chuyện tầm phào
goth	n	gɔθ	giống người Gô-tích
gotham	n		tên một làng Anh
gothic	a	'gɔθik	Gô-tích
gotta	v		phải, cần phải
gouda	n		phó mát có mùi vị không gắt
gouge	n	gaudʤ	cái đục máng, cái đục khum
goulash	n	'gu:læʃ	món ragu Hung-ga-ri
gourd	n	guəd	cây bầu, cây bí
gourmet	n	'guəmei	người sành ăn, người sành rượu
gout	n	gaut	bệnh gút
govern	v	'gʌvən	cai trị, thống trị
governance	n	'gʌvənəns	sự cai trị, sự thống trị
governess	n	'gʌvənis	cô giáo
governing	n	'gʌvəniɳ	sự cai trị, sự thống trị
government	n	'gʌvnmənt	sự cai trị, sự thống trị
governmental	a	,gʌvən'mentl	chính phủ
governor	n	'gʌvənə	kẻ thống trị
gown	n	gaun	áo tôga
goy	n		tên Do Thái cho một người không phải là
gp	n		bác sự đa khoa
grab	n	græb	cái chộp, sự túm lấy
grabber	n	'græbə	người túm, người vồ
grace	n	greis	vẻ duyên dáng, vẻ yêu kiều
graceful	a	'greisful	có duyên, duyên dáng
gracefully	d		duyên dáng, yêu kiều
gracious	a	'greiʃəs	thanh thanh, lịch sự
graciously	d		hoà nhã, ân cần
grad	n	græd	người tốt nghiệp đại học
grade	n	greid	Grát
graded	a		xếp hạng, phân hạng
grader	n		máy san đất, máy ủi
gradient	n	'greidjənt	dốc, đường dốc
grading	n		sự tuyển chọn, sự phân loại
gradual	a	'grædjuəl	dần dần, từ từ
gradually	d		dần dần, từ từ
graduate	n	'grædjut	grad
graduation	n	,grædju'eiʃən	sự chia độ
graf	n		công tước
graffiti	n	grə'fi:tou	grafitô
graft	n	grɑ:ft	cành ghép, sự ghép cây
grafting	n		sự ghép cành
grail	n	greil	cái giũa để làm lược
grain	n	grein	thóc lúa
grains	n	greinz	xiên đâm cá
grainy	a	'greini	có hạt, nhiều hạt
gram	n	græm	gramme
gramercy	n		interj
grammar	n	'græmə	ngữ pháp
gramophone	n		máy hát
gran	n		bà
granary	n	'grænəri	kho thóc
grand	a	grænd	rất quan trọng, rất lớn
grandad	n	'grændæd/ (grandad) /'grændæd	nhuấy &
grandchild	n	'græntʃaid	cháu
granddad	n	'grændæd/ (grandad) /'grændæd	nhuấy &
granddaughter	n	'græn,dɔ:tə	cháu gái
grandeur	n	'grændʤə	vẻ hùng vĩ, vẻ trang nghiêm
grandfather	n	'grænd,fɑ:ðə	ông
grandiose	a	'grændious	vĩ đại, hùng vĩ
grandma	n	'grænmɑ:	uây oác['grænmə, mɑ:]
grandmother	n	'græn,mʌðə	bà
grandpa	n	grandpa	nhuấy &
grandparents	n	'græn,peərənts	ông bà
grandson	n	'grænsʌn	cháu trai
grandstand	n		khán đài trong nhà thi đấu hoặc trong sâ
grange	n	greindʤ	ấp, trại; trang trại
granger	n	'greindʤə	người quản lý ấp trại
granite	n	'grænit	đá granit
grannie	n	'græni/ (granny) /'græni	bà
granny	n	'græni/ (granny) /'græni	bà
grant	n	grɑ:nt	sự cho, sự ban cho
granted	d		giả dụ như vậy, cứ cho là như vậy
grape	n	greip	quả nho
grapefruit	n		cây bưởi chùm
graph	n	græf	đồ thị
graphic	a	græfik	đồ thị, minh hoạ bằng đồ thị
graphics	n		môn đồ họa, môn đồ hình
graphite	n	'græfait	Grafit
grapple	n	'græpl	grapnel
grappling	n		sự móc hàm
grasp	n	grɑ:sp	sự túm lấy, sự níu lấy
grasping	a	'grɑ:spiɳ	nắm chặt, giữ chặt
grass	n	grɑ:s	cỏ
grasshopper	n	'gra:s,hɔpə	châu chấu
grassland	n	'gra:slænd	đồng cỏ, bãi cỏ
grassroots	n	'gra:sru:ts	những người dân thường
grassy	a	'gra:si	có cỏ, cỏ mọc đầy
grate	n	greit	vỉ lò, ghi lò
grateful	a	'greitful	biết ơn
gratefully	d		với vẻ biết ơn, bằng thái độ biết ơn
grater	n	'greitə	bàn xát, bàn mài
gratification	n	,grætifi'keiʃn	sự ban thưởng
gratifying	a	'grætifaiiɳ	làm hài lòng, làm vừa lòng
gratin	n		món rắc vỏ bánh mì vụn bỏ lò
grating	n	'greitiɳ	lưới sắt
gratis	a	'greitis	không lấy tiền, không mất tiền
gratitude	n	'grætitju:d	lòng biết ơn, sự nhớ ơn
gratuitous	a	grə'tju:itəs	cho không, không lấy tiền
gratuity	n	grə'tju:iti	tiền thưởng về hưu
grave	n	greiv	mồ, mả, phần mộ
gravel	n	'grævəl	sỏi
gravely	d	'greivli	trang nghiêm, trang trọng
gravestone	n	'greivstoun	bia, mộ chí
graveyard	n	'greivjɑ:d	nghĩa địa, bãi tha ma
gravitas	n		vẻ trang trọng trong cử chỉ
gravitation	n	,grævi'teiʃn	sự hút, sự hấp dẫn
gravitational	a	,grævi'teiʃənl	hút, hấp dẫn
gravity	n	'græviti	sự hút, sự hấp dẫn
gravy	n	'greivi	nước thịt, nước xốt
gray	a	grei/ (gray) /grei	xám
graze	n	greiz	chỗ da bị sầy, chỗ da bị xước
grazing	n	'greiziɳ	sự thả súc vật cho ăn cỏ, sự chăn thả
grease	n	gri:s	mỡ
greased	a		được tra mỡ, được bôi trơn
greaser	n	'gri:zə	người tra mỡ
greasing	n	'gri:ziɳ	sự tra mỡ, sự bôi trơn
greasy	a	'gri:zi	giây mỡ, dính mỡ
great	a	greit	lớn, to lớn
greater	n		lớn hơn, có ý nghĩa hơn
greatest	n		lớn nhất, có ý nghĩa nhất
greatly	d	'greitli	rất lắm
greatness	n	'greitnis	sự to lớn
greaves	n	gri:vz	sử phần giáp che ống chân, xà cạp
grecian	a	'gri:ʃn	Hy-lạp, kiểu Hy-lạp vẽ kiến trúc hoặc kh
greed	n	gri:d	tính tham lam
greedy	a	'gri:di	tham ăn, háu ăn
greek	a	gri:k	Hy-lạp
green	a	gri:n	xanh lá cây, lục
greener	n	'gri:nə	người chưa có kinh nghiệm, người mới vào
greenery	n	'gri:nəri	cây cỏ
greengrocer	n	'gri:n,grousə	người bán rau quả
greenhorn	n	'gri:nhɔ:n	người mới vào nghề, lính mới
greenhouse	n	'gri:nhaus	nhà kính
greenland	n	'gri:nlənd	đảo băng
greenwood	n	'gri:nwud	rừng xanh
greet	v	gri:t	chào, chào hỏi
greeting	n	'gri:tiɳ	lời chào hỏi ai
gremlin	n	'gremlin	quỷ gây tai nạn máy bay
grenade	n	gri'neid	lựu đạn
grew	v	grou	mọc, mọc lên
grey	a	grei/ (gray) /grei	xám
greyhound	n	'greihaund	chó săn thỏ
grid	n	grid	hệ thống đường dây
griddle	n	'gridl	vỉ
gridlock	n		xem snarl-up
grief	n	gri:f	nỗi đau buồn, nỗi sầu khổ
grievance	n	'gri:vəns	lời trách, lời phàn nàn
grieve	v	gri:v	gây đau buồn, làm đau lòng
grievous	a	'gri:vəs	đau, đau khổ
griff	n	grif	người Âu mới đến ở Ân-ddộ
griffin	n	grifin	quái vật sư tử đầu chim gryphon)
grill	n	gril	grille
grille	n	gril	lưới sắt, phên sắt
grilled	a	grild	có lưới sắt
grim	a	grim	dữ tợn, tàn nhẫn
grimace	n	gri'meis	sự nhăn mặt, sự cau mặt
grime	n	graim	bụi bẩn, cáu ghét
grimy	a	'graimi	đầy bụi bẩn, cáu ghét
grin	n	grin	cái nhăn mặt nhe cả răng ra
grind	n	graind	sự xay, sự tán
grinder	n	'graində	cối xay máy nghiền, máy xát
grinding	a		ken két, nghiến rít
grindstone	n	'graindstoun	đá mài, bánh mài
gringo	n	'griɳgou	người nước ngoài là người Anh, người Mỹ)
grip	n	grip	rãnh nhỏ, mương nhỏ
gripe	n	graip	sự nắm chặt, sự cầm chặt
gripping	a		hấp dẫn, thú vị
grisly	a	'grizli	ghê tởm, ghê sợ
gristle	n	'grisl	xương sụn
grit	n	grit	hạt cát, hạt sỏi
grits	v	grits	nghiến
gritty	a	'griti	có sạn
grizzly	a	'grizli	lốm đốm hoa râm
groan	n	groun	sự rên rỉ, tiếng rên rỉ
groaning	a	grouniɳ	rên rỉ
groat	n	grout	đồng bốn xu
grocer	n	'grousə	người bán tạp phẩm
groceries	n		hàng tạp phẩm
grocery	n	'grousəri	việc buôn bán tạp phẩm
grog	n	grɔg	Grôc
groggy	a	'grɔgi	say lảo đảo
groin	n	grɔin	háng
groom	n	grum	người giữ ngựa
groove	n	gru:v	đường xoi, đường rânh
grooving	n		sự bào rãnh, soi rãnh
groovy	a		hấp dẫn do cách ăn mặc hợp thời trang
grope	v	group	sờ soạng tìm
gross	n	grous	mười hai tá, gốt small gross)
grossly	d	'grousli	thô tục, tục tĩu
grotesque	a	grou'tesk	lố bịch, kỳ cục
grotto	n	'grɔtou	hang động
grouch	n	grautʃ	tính bẳn, tính cáu kỉnh
grouchy	a	grautʃi	hay dỗi, bẳn tính
ground	n	graund	mặt đất, đất
grounded	n		được nối với đất
grounding	n	'graundiɳ	sự mắc cạn
groundless	a	'graundlis	không căn cứ, không duyên cớ
groundwork	n	'graundwə:k	nền
group	n	gru:p	nhóm
grouped	n		đã nhóm lại |
grouper	n	'gru:pə/ (groper) /'groupə	cá mú
groupie	n		cô gái đi theo cổ động các băng nhạc
grouping	n	'gru:piɳ	sự họp thành nhóm
grouse	n	graus	gà gô trắng
grout	n	graut	vữa lỏng
grove	n	grouv	lùm cây, khu rừng nhỏ
grovel	v	'grɔvl	nằm phục xuống đất, bò
grow	v	grou	mọc, mọc lên
grower	n	'grouə	người trồng
growing	n	'grouiɳ	sự lớn lên
growl	n	graul	tiếng gầm, tiếng gầm gừ
grown	a	groun	lớn, trưởng thành
growth	n	grouθ	sự lớn mạnh, sự phát triển
grub	n	grʌb	ấu trùng, con giòi
grubby	a	'grʌbi	bẩn thỉu, bụi bậm
grudge	n	grʌdʤ	mối ác cảm, mối hận thù
gruel	n	'gruəl	cháo, cháo suông
gruelling	n	'gruəliɳ	trận roi đau, trận đòn nhừ tử
gruesome	a	'gru:səm	ghê gớm, khủng khiếp
gruff	a	grʌf/ (gruffy) /'grʌfi	cộc lốc, cộc cằn
grumble	n	'grʌmbl	sự càu nhàu, sự cằn nhằn
grump	n		người hay cau có
grumpy	a	'grʌmpiʃ/ (grumpy) /'grʌmpi	gắt gỏng, cục cằn
grunt	n	grʌnt	tiếng kêu ủn ỉn
gt	n		Granturismo
guano	v	'gwɑ:nou	bón bằng phân chim
guarantee	n	,gærən'ti:	sự bảo đảm, sự cam đoan
guarantor	n	,gærən'ti:	người bảo đảm, người bảo lãnh
guard	n	gɑ:d	sự thủ thế, sự giữ miếng
guarded	a	'gɑ:did	thận trọng, giữ gìn
guardhouse	n	'gɑ:dhaus/ (guardroom) /'gɑ:drum	phòng nghỉ của lính gác
guardian	n	'gɑ:djən	người bảo vệ
guardianship	n	'gɑ:djənʃip	sự bảo vệ, trách nhiệm bảo vệ
guards	n		lính bảo vệ, đội bảo vệ
guardsmen	n		vệ binh
guava	n	'gwɑ:və	cây ổi
guerilla	n	gə'rilə/ (guerrilla) /gə'rilə	du kích, quân du kích
guerrilla	n	gə'rilə/ (guerrilla) /gə'rilə	du kích, quân du kích
guess	n	ges	sự đoán, sự ước chừng
guest	n	gest	khách
guff	n	gʌf	chuyện nhăng nhít, chuyện rỗng tuếch
gui	n		giao diện người-máy bằng đồ họa
guidance	n		sự chỉ đạo, sự hướng dẫn
guide	n		người chỉ dẫn, người chỉ đường
Guidelines	n		Nguyên tắc chỉ đạo.
guiding	n		hoạt động của người hướng dẫn
guild	n		phường hội
guile	n		sự lừa đảo, sự lừa gạt
guillotine	n		máy chém
guilt	n		điều sai quấy, tội lỗi
guilty	a		có tội, phạm tội
guinea	n		đồng ghinê
guinness	n		bia đắng có màu sẫm
guise	n		chiêu bài, lốt
guitar	n		đàn ghita
guitarist	n		người chơi đàn ghita
gujarati	n		ngôn ngữ Gujarat
gulch	n		khe sâu
gulf	n		vịnh
gull	n		mòng biển
gullet	n		thực quản
gullible	a		dễ bị lừa, dễ mắc lừa
gully	n		con dao to
gulp	n		ngụm, động tác nuốt
gum	n		chất gôm
gumbo	n		cây mướp tây
gummer	n		người phết hồ
gummy	a		dính, có nhựa dính
gumption	n		sự tháo vát, óc thực tế
gumshoe	n		giày cao su
gun	n		súng
gunboat	n		tàu chiến, pháo hạm
gunfight	n		cuộc đấu súng
gunfighter	n		người đấu súng
gunman	n		kẻ cướp có súng, găngxtơ
gunned	a		có trang bị súng, có vũ trang
gunner	n		pháo thủ
gunnery	n		thuật bắn đại bác
gunning	n		sự đi săn
gunny	n		bị đay, bị cói
gunpoint	n		chựa súng
gunpowder	n		thuốc súng
gunshot	n		phát súng
guppy	n		cá nước ngọt, có màu sắc rực rỡ thường n
guru	n		bậc thầy
gush	n	gʌʃ	sự phun ra, sự vọt ra
gushing	a	'gʌʃiɳ	phun ra, vọt ra
gust	n	gʌst	cơn gió mạnh
gusto	n	'gʌstou	sự thưởng thức, sự hưởng
gut	n	gʌt	ruột
gutless	a	'gʌtlis	không có nghị lực, không có gan
gutsy	a		gan góc, dũng cảm
gutter	n	'gʌtə	máng nước, ống máng
guttural	a	'gʌtərəl	yết hầu
guv	n		thưa ngài
guvnor	n		thưa ngài
guy	n	gai	dây, xích
guzzle	v	'gʌzl	ăn uống tục, ăn uống tham lam
gym	n	dʤim	gymnasium
gymnasium	n	dʤim'neizjəm	phòng tập thể dục
gymnast	n	'dʤimnæst	vận động viên thể dục, huấn luyện viên t
gymnastics	n		những hình thức của sự luyện tập được th
gynaecologist	n	,gaini'kɔlədʤist	thầy thuốc phụ khoa
gyp	n	dʤip	người hầu
gypsum	n	'dʤipsəm	thạch cao gyps)
gypsy	n	'dʤipsi/ (gypsy) /'dʤipsi	dân gipxi
gyro	n	'dʤaiərou	của gyroscope
gyroscope	n	'gaiərəskoup	con quay hồi chuyển
h	n	eitʃ	h, vật hình H
ha	i	hɑ:/ (hah) /ha:	A!, ha ha!
habit	n	'hæbit	thói quen, tập quán
habitable	a	'hæbitəbl	có thể ở được
habitat	n	'hæbitæt	môi trường sống, nơi sống
habitation	n	,hæbi'teiʃn	sự ở, sự cư trú
habitual	a	hə'bitjuəl	thường, thường lệ
hacienda	n	,hæsi'endə	ấp, trại, đồn điền
hack	n	hæk	búa, rìu
hacker	n		người lấy dữ liệu máy tính mà không được
hacking	a	'hækiɳ	khan
hackman	n		người lái xe tắc xi
hackney	n	'hækni	ngựa thương
hacksaw	n		cái cưa kim loại
had	v	hæv, həv, v/ (has) /hæz, həz, əz, z/ (hast) /hæst	có
haddock	n	'hædək	cá êfin
hades	n	'heidi:z	âm ty, âm phủ
hadji	n		tín đồ Hồi giáo hành hương về Mecca
hadron	n		Hađron
haemorrhage	n	'heməridʤ/ (hemorrhage) /'heməridʤ	sự chảy máu, sự xuất huyết
hag	n	hæg	mụ phù thuỷ
haggard	a	'hægəd	hốc hác, phờ phạc
haggis	n	'hægis	món haghi
haggle	n	'hægl	sự mặc cả
hah	i	hɑ:/ (hah) /ha:	A!, ha ha!
haiku	n		bài thơ rất ngắn của người Nhật
hail	n	heil	mưa đá
hair	n	heə	tóc, lông
hairbrush	n	'heəbrʌʃ	bàn chải tóc
hairdresser	n		thợ làm tóc, thợ làm đầu
hairdressing	n		sự làm tóc, sự làm đầu
haired	a		có tóc
hairless	a	'heəlis	không có tóc, sói
hairpin	n	'heəpin	cái cặp tóc
hairy	a	'heəri	có tóc, có lông
haitian	n		người dân, người sống ở Haiti
haji	n		cũng hadj
hakeem	n	hə'ki:m	thầy thuốc
hakim	n	'hɑ:kim	quan toà
halal	n		sự làm thịt súc vật theo giới luật Hồi g
hale	a	heil	khoẻ mạnh, tráng kiện
half	n	hɑ:f	nửa, phân chia đôi
halftime	n		giờ giải lao lúc hết hiệp một
halfway	a		nằm ở giữa với hai khoảng cách bằng nhau
halibut	n	'hælibət	cá bơn halibut, cá bơn lưỡi ngựa
halitosis	n	,hæli'tousis	hơi thở thối, chứng thối mồm
hall	n	hɔ:l	phòng lớn, đại sảnh
hallelujah	n	,æli'lu:jə/ (halleluiah) /,hæli'lu:jə/ (hallelujah) /,hæli'lu:jə	bài hát ca ngợi Chúa
hallmark	n	'hɔ:lmɑ:k	dấu xác nhận tiêu chuẩn
hallo	i	hə'lou/ (halloa) /hə'lou/ (hello) /'he'lou	chào anh!, chào chị!
hallow	v	hə'lou	halloo[hæ'lou]
hallowed	a		linh thiêng, thiêng liêng
halloween	n		ngày 31 tháng 10, đêm trước ngày lễ các
hallucinate	v	hə'lu:sineit	gợi ảo giác
hallucination	n	hə,lu:si'neiʃn	ảo giác
hallucinogenic	a		gây ảo giác
hallway	n	'hɔ:lwei	phòng trước
halo	n	'heilo	quầng
halt	n	hɔ:lt	sự tạm nghỉ, sự tạm dừng lại
halter	n	'hɔ:ltə	dây thòng lọng
halves	n	hɑ:f	nửa, phân chia đôi
ham	n	hæm	tỉnh, thành phố
hamburger	n	'hæmbə:gə	thịt băm viên
hamlet	n	'hæmlit	làng nhỏ, xóm
hammer	n	'hæmə	búa
Hammered	n		Bị gõ búa.
hammering	n	'hæməriɳ	sự quai búa, sự nện búa
hammock	n	'hæmək	cái võng
hammy	a		không có kinh nghiệm
hamper	n	'hæmpə	cái hòm mây
hampshire	n		lợn lang Mỹ
hamster	n	'hæmstə	chuột đồng
hamstring	n	'hæmstriɳ	gân kheo
han	n		Nhà Hán
hand	n	hænd	tay, bàn tay
handbag	n	'hændbæg	túi xách, ví xách tay
handball	n	'hændbɔ:l	môn bóng ném
handbook	n	'hændbuk	sổ tay hướng dẫn, sách chỉ nam
handbrake	n		phanh được kích hoạt bằng tay, phanh tay
handcuff	n	'hændkʌʃ	khoá tay, xích tay
handed	a		có bàn tay
handful	n	'hændful	nhúm, nắm
handgun	n		súng ngắn
handicap	n	'hændikæp	cuộc thi có chấp
handicapped	n		người bị tật nguyền, người tàn tật
handiwork	n	'hændiwə:k	việc làm bằng tay
handkerchief	n	'hæɳkətʃif	khăn tay, khăn mùi soa
handle	n	'hændl	cán, tay cầm
handled	a		có cán
handler	n	'hændlə	người điều khiển, người xử dụng
handling	n		cách trình bày, diễn xuất )
handmade	a		sản xuất bằng tay, làm bằng tay
handmaiden	n		người hầu gái
handoff	n		động tác đẩy đối thủ bằng bàn tay
handout	n	'hændaut	của bố thí cho ăn mày
handover	n		sự bàn giao
handset	n		máy thu phát cầm tay
handshake	n	'hændʃeik	cái bắt tay
handsome	a	'hænsəm	đẹp
handsomely	d		hào phóng, hậu hự
handstand	n		sự chổng ngược người lên, tư thế trồng c
handwriting	n	'hænd,raitiɳ	chữ viết tay, dạng chữ
handwritten	a		viết bằng tay
handy	a	hændi	thuận tiện, tiện tay
hang	n	hæɳ	sự cúi xuống, sự gục xuống
hangar	n	'hæɳə	nhà máy bay
hanger	n	'hæɳə	người treo, người dán
hanging	n	'hæɳiɳ	sự treo
hangman	n	'hæɳmən	người treo cổ
hangout	n	'hæɳ'aut	nơi lui tới thường xuyên
hangover	n		dư vị khó chịu do dùng thức uống có nồng
hank	n	hæɳk	nùi, con
hankering	n	hæpniɳ	sự ao ước, sự khao khát
hanky	n	'hæɳki	khăn tay, khăn mùi soa
hansel	n	'hænsəl/ (hansel) /'hænsəl	quà năm mới, tiền mở hàng
hanuman	n		khỉ đuôi dài
hap	n	hæp	sự may mắn, phận may
haphazard	n	'hæp'hæzəd	sự may rủi, sự ngẫu nhiên
hapless	a	'hæplis	rủi ro, không may
happen	v	'hæpən	xảy đến, xảy ra
happening	n	'hæpniɳ	sự việc xảy ra, chuyện xảy ra
happily	d	'hæpili	sung sướng, hạnh phúc
happiness	n	'hæpinis	sự sung sướng, hạnh phúc
happy	a	'hæpi	vui sướng, vui lòng
haram	n	'heərəm	harem
harass	v	'hærəs	gây ưu phiền, gây lo lắng
harassment	n	'hærəsmənt	sự quấy rầy, sự phiền nhiễu
harbinger	n	'hɑ:bindʤə	người báo hiệu, vật báo hiệu
harbour	n	'hɑ:bə	bến tàu, cảng
hard	a	hɑ:d	cứng, rắn
harden	v	'hɑ:dn	làm cho cứng, làm cho rắn
hardening	n		một cái gì rắn lại
hardheaded	a		không thông cảm, không thiện cảm
hardly	d	'hɑ:dli	khắc nghiệt, nghiêm khắc
hardness	n	'hɑ:dnis	sự cứng rắn, tính cứng rắn
hardship	n	'hɑ:dʃip	sự gian khổ, sự thử thách gay go
hardware	n	'hɑ:dweə	đồ ngũ kim
hardwood	n	'hɑ:dwud	gỗ cứng
hardy	a	'hɑ:di	khoẻ mạnh, dày dạn
hare	n	heə	thỏ rừng
harem	n	'heərem	hậu cung
hark	v	hɑ:k	nghe
harlequin	n	'hɑ:likwin	vai hề
harlot	n	'hɑ:lət	đĩ, gái điếm
harm	n	hɑ:m	hại, tai hại
harmful	a	'hɑ:mful	gây tai hại, có hại
harmless	a	'hɑ:mlis	không có hại, vô hại
harmonic	a	hɑ:'mɔnik	hài hoà, du dương
harmonica	n	hɑ:'mɔnikə	kèn acmônica
harmonious	a	hɑ:'mɔnikə	hài hoà, cân đối
harmonium	n	hɑ:'mounjəm	đàn đạp hơi
harmonize	v	'hɑ:mənaiz/ (harmonise) /'hɑ:mənaiz	làm hài hoà, làm cân đối
harmony	n	'hɑ:məni	sự hài hoà, sự cân đối
harness	n	'hɑ:nis	bộ yên cương
harp	n	hɑ:p	đàn hạc
harper	n		người chơi đàn hạc
harpoon	n	hɑ:'pu:n	cây lao móc
harpsichord	n	'hɑ:psikɔ:d	đàn clavico
harpy	n	'hɑ:pi	nữ yêu mình người cánh chim
harrow	n	'hærou	cái bừa
harrowing	a	'hærouiɳ	làm đau đớn, làm đau khổ
harry	v	'hæri	phiền nhiễu, làm phiền
harsh	a	hɑ:ʃ	thô, ráp
harshly	d		cay nghiệt, khắc nghiệt
harshness	n	hɑ:ʃnis	tính thô ráp, tính xù xì
hart	n	hɑ:t	hươu đực
harvest	n	'hɑ:vist	việc gặt, việc thu hoạch
harvester	n	'hɑ:vistə	người gặt
has	v	hæv, həv, v/ (has) /hæz, həz, əz, z/ (hast) /hæst	có
hash	n	hæʃ	món thịt băm
hashish	n	'hæʃiʃ/ (hasheesh) /hæ'ʃi:ʃ	Hasit
hassle	n		điều rắc rối phức tạp
haste	n	heist	sự vội vàng, sự vội vã
hasten	v	'heisn	thúc làm gấp, giục mau lên
hastily	d		vội vàng, hấp tấp
hasty	a	'heisti	vội, vội vàng
hat	n	hæt	cái mũ có vành)
hatch	n	hætʃ	cửa sập, cửa hầm
hatchback	n		xe ô tô đuôi cong, có bản lề để mở như m
hatcher	n	'hætʃə	gà ấp
hatchet	n	'hætʃit	cái rìu nhỏ
hatching	n		đường gạch bóng trên hình vẽ
hate	n	heit	lòng căm thù, sự căm hờn
hateful	a	'heitful	đầy căm thù, đầy căm hờn
hater	n	heitə	người căm thù, người căm ghét
hatred	n	'heitrid	lòng căm thù, sự căm hờn
hatter	n	'hætə	người làm mũ
haughty	a	'hɔ:ti	kiêu kỳ, kiêu căng
haul	n	hɔ:l	sự kéo mạnh, đoạn đường kéo
haunt	n	hɔ:nt	nơi thường lui tới, nơi hay lai vãng
haunted	a	'hɔ:ntid	thường được năng lui tới
havana	n	hə'vænə	xì gà havan
have	v	hæv, həv, v/ (has) /hæz, həz, əz, z/ (hast) /hæst	có
haven	n	'heivn	bến tàu, cảng
havoc	n	'hævək	sự tàn phá
haw	n	hɔ:	quả táo gai
hawk	n	hɔ:k	diều hâu, chim ưng
hawker	n	'hɔ:kə	người đi săn bằng chim ưng
hawthorn	n	'hɔ:θɔ:n/ (whitethorn) /'waitθɔ:n	cây táo gai
hay	n	hei	cỏ khô
haystack	n	'heistæk/ (hayrick) /'heirik	đống cỏ khô
haywire	n	'hei,waiə	cái rối rắm, cái mắc míu
hazard	n	'hæzəd	sự may rủi
hazardous	a	'hæzədəs	liều, mạo hiểm
haze	n	heiz	mù, sương mù, khói mù, bụi mù
hazel	n	'heizl	cây phỉ
hazy	n	'heizi	mù sương, mù mịt
he	n	hi:	nó, anh ấy, ông ấy...
head	n	hed	cái đầu
headache	n	'hedeik	chứng nhức đầu
headband	n	'hedbænd	dải buộc đầu, băng buộc đầu
headboard	n	'hedbɔ:d	tấm ván đầu giường
headed	a	'hedid	có ghi ở đầu
header	n	'hedə	người đóng đáy thùng
headgear	n	'hedgiə	khăn trùm đầu, mũ
headhunter	n		người của một bộ lạc thường thu thập đầu
heading	n	'hediɳ	đề mục nhỏ, tiêu đề
headless	a	'hedlis	không có đầu
headlight	n	'hedlait	đèn pha
headline	n	'hedlain	hàng đầu, dòng đầu
headliner	n		ngôi sao biểu diễn
headlock	n		miếng võ khoá đầu
headlong	a	'hedlɔɳ	đâm đầu xuống, đâm đầu vào
headman	n	'hedmæn	thủ lĩnh, người cầm đầu
headmaster	n		ông hiệu trưởng
headmistress	n		bà hiệu trưởng
headphones	n		ống nghe điện đài
headpiece	n	'hedpi:s	mũ sắt
headquarters	n	'hed'kwɔ:təz	sự chỉ huy, tổng hành dinh
headset	n	'hedset	bộ ống nghe
headstone	n	'hedstoun	bia, mộ chí
headstrong	a	'hedstrɔɳ	bướng bỉnh cứng đầu cứng cổ, ương ngạnh
headway	n	'hedwei	sự tiến bộ, sự tiến triển
heady	a	'hedi	nóng nảy, hung hăng
heal	v	hi:l	chữa khỏi, làm lành
healer	n	'hi:lə	người chữa bệnh
healing	a	'hi:liɳ	để chữa bệnh, để chữa vết thương
health	n	'hi:liɳ	sức khoẻ
healthy	a	'helθi	khoẻ mạnh
heap	n	hi:p	đống
hear	v	hiə	nghe
heard	v	hiə	nghe
hearing	n	'hiəriɳ	thính giác
hearsay	n	'hiəsei	tin đồn, lời đồn
hearse	n	hə:s	xe tang
heart	n	hɑ:t	tim
heartache	n	'hɑ:teik	nỗi đau buồn, mối đau khổ
heartbeat	n	'hɑ:tbi:t	nhịp đập của tim
heartburn	n	'hɑ:tbə:n	chứng ợ nóng
heartfelt	a	'hɑ:tfelt	chân thành, thành tâm
hearth	n	hɑ:θ	nền lò sưởi, lòng lò sưởi
heartily	d	'hɑ:tili	vui vẻ, thân mật
heartland	n		khu trung tâm
heartless	a	'hɑ:tlis	vô tình, không có tình
hearty	a	'hɑ:ti	vui vẻ, thân mật
heat	n	hi:t	hơi nóng, sức nóng
heated	a	'hi:tid	được đốt nóng, được đun nóng
heater	n	'hi:tə	bếp lò, lò
heath	n	hi:θ	bãi hoang, bãi thạch nam
heathen	n	'hi:ðən	người ngoại đạo
heather	n	'heðə	cây thạch nam
heating	n	'hi:tiɳ	sự đốt nóng, sự đun nóng
heave	n	hi:v	sự cố nhấc lên, sự cố kéo
heaven	n	'hevn	thiên đường & )
heavenly	a	'hevn	trời, ở trên trời
heavily	d	'hevili	nặng, nặng nề & )
heaviness	n	'hevinis	sự nặng, sự nặng nề
heavy	a	'hevi	nặng, nặng nề & )
heavyweight	n		võ sĩ hạng nặng, đô vật hạng nặng
hebrew	n	'hi:bru:	người Hê-brơ, người Do thái
heck	n	hek	cái đăng
heckle	n	'hekl	hackle
heckler	n	'heklə	người truy, người chất vấn
hectic	a	'hektik	cuồng nhiệt, sôi nổi
hector	n	'hektə	kẻ bắt nạt, kẻ ăn hiếp
hedge	n	hedʤ	hàng rào, bờ giậu
hedgehog	n	'hedʤhɔg	con nhím Âu
heed	n	hi:d	sự chú ý, sự lưu ý
heel	n	hi:l	gót chân
hefty	a	'hefti	lực lưỡng, vạm vỡ
heifer	n	'hefə	bò cái tơ, bê cái
height	n	hait	chiều cao, bề cao
heighten	v	'haitn	làm cao lên, làm cao hơn
heinous	a	'heinəs	cực kỳ tàn ác, ghê tởm
heir	n	eə	người thừa kế, người thừa tự
heiress	n	'eəris	người thừa kế
heirloom	n	'eəlu:m	vật gia truyền, của gia truyền
heist	n		sự trộm cắp
held	n	hould	khoang
helicopter	n	'helikɔptə	máy bay lên thẳng
helipad	n		xem heliport
helium	n	'hi:ljəm	heli
helix	n	'hi:liks	hình xoắn ốc, đường xoắn ốc
hell	n	hel	địa ngục, âm ti
heller	n	'helə	người ồn ào
hellhole	n		đáy của địa ngục
hellish	a	'heliʃ	địa ngục, như địa ngục
hello	i	hə'lou/ (halloa) /hə'lou/ (hello) /'he'lou	chào anh!, chào chị!
helluva	n		địa ngục, âm ti
helm	n	helm	đám mây tụ trên đỉnh núi helm cloud)
helmet	n	'helmit	mũ sắt
helmsman	n	'helzmən	người lái tàu thuỷ
help	n	help	sự giúp đỡ, sự cứu giúp
helper	n	'helpə	người giúp đỡ
helpful	a	'helpful	giúp đỡ, giúp ích
helping	n	'helpiɳ	sự giúp đỡ
helpless	a	'helplis	không tự lo liệu được, không tự lực được
helplessly	d		bất lực
helplessness	n	'helplisnis	tình trạng không tự lo liệu được, tình t
hem	n	hem	đường viền
hemisphere	n	'hemisfiə	bàn cầu
hemlock	n	'hemlɔk	cây độc cần
hemoglobin	n	,hi:mou'gloubin	Hemoglobin
hemorrhage	n	'heməridʤ/ (hemorrhage) /'heməridʤ	sự chảy máu, sự xuất huyết
hemorrhoids	n	'hemərɔidz/ (emerods) /'emərɔdz/ (hemorrhoids) /'hemərɔidz	bệnh trĩ
hemp	n	hemp	cây gai dầu
hen	n	hen	gà mái
hence	d	hens	sau đây, kể từ đây
henceforth	d	'hens'fɔ:θ/ (henceforward) /'hens'fɔ:wəd	từ nay trở đi, từ nay về sau
henchman	n	'hentʃmənt	tay sai
henna	n	'henə	cây lá móng
henny	a	'heni	như gà mái, giống gà mái
henry	n	'henri	Henri
hep	a	hep	biết thừa, biết tỏng
heparin	n		hêparin
hepatic	a	hi'pætik	gan
hepatitis	n	,hepə'taitis	bệnh viêm gan
her	n	hə:	nó, cô ấy, bà ấy, chị ấy...
herald	n	'herəld	viên quan phụ trách huy hiệu
herb	n	hə:b	cỏ, cây thảo
herbal	a	'hə:bəl	cỏ, cây thảo
herbalist	n	'hə:bəlist	người trồng và bán cây cỏ làm thuốc
hercules	n	'hə:kjuli:z	thần Ec-cun
herd	n	hə:d	bầy, đàn
here	d	hiə	đây, ở đây
hereabouts	d	'hiərə,baut/ (hereabouts) /'hiərə,bauts	quanh đây, gần đây
hereafter	d	hiər'ɑ:ftə	sau đây, sau này
hereby	d	'hiə'bai	bằng biện pháp này, bằng cách này
hereditary	a	hi'reditəri	di truyền, cha truyền con nối
heredity	n	hi'rediti	tính di truyền, sự di truyền
herein	d	'hiər'in	ở đây, ở điểm này
heresy	n	'herəsi	dị giáo
heretic	n	'herətik	người theo dị giáo
heretical	a	hi'retikəl	dị giáo
hereto	d	'hiə'tu:/ (hereunto) /'hiərʌn'tu:	theo đây, đính theo đây
herewith	d	'hiə'wið	kèm theo đây
heritage	n		tài sản thừa kế, di sản
hermaphrodite	n	hə:'mæfrədait	loài lưỡng tính
hermes	n	'hə:mi:z	thần Héc-mét
hermit	n	'hə:mit	nhà ẩn dật
hermitage	n	'hə:mitidʤ	viện tu khổ hạnh
hernia	n	'hə:njə	thoát vị
hero	n	'hiərou	người anh hùng
heroes	n	'hiərou	người anh hùng
heroic	a	hi'rouik	anh hùng
heroically	d	hi'rouikəli	anh hùng
heroics	n		bài thơ ca ngợi anh hùng
heroin	n	'herouin	Heroin
heroine	n	'herouin	nữ anh hùng
heroism	n	'herouizm	đức tính anh hùng, cử chỉ anh hùng
heron	n	'herən/ (hern) /hə:n	con diệc
herpes	n	'hə:pi:z	bệnh ecpet, bệnh mụn giộp
herr	n		Ông
herring	n	'heriɳ	cá trích
hers	n	hə:z	cái của nó, cái của cô ấy
herself	n	hə:'self	tự nó, tự cô ta
hertz	n	hə:ts	Héc
hesitant	a	'hezitənt	do dự, ngập ngừng
hesitate	v	'heziteit	do dự, ngập ngừng
hesitation	n	,hezi'teiʃn	hesitance
het	a	het	được đốt nóng, được nung nóng
hetero	n		người có tình dục khác giới
heterosexual	a		thích giao hợp với người khác giới
hetman	n		người lãnh đạo Cô dắc
hex	v		làm ma thuật, bỏ bùa mê
hey	i	hei	ô!, ơ!
heyday	n	'heidei	thời cực thịnh, thời hoàng kim
hi	i	hai	này!, ê!
hiatus	n	hai'eitəs	chỗ gián đoạn, chỗ đứt quãng
hibernate	v	'haibə:neit	ngủ đông
hibernation	n	,haibə:'neiʃn	sự ngủ đông
hibiscus	n	hi'biskəs	cây dâm bụt
hiccup	n	'hikʌp/ (hiccup) /'hikʌp	nấc
hick	n	hik	dân quê, dân tỉnh nhỏ
hickey	n		đồ dùng, thiết bị
hickory	n	hikəri	cây mại châu
hidalgo	n	hi'dælgou	người quý tộc Tây ban nha
hidden	n	haid	da sống
hide	n	haid	da sống
hideous	a	'hidiəs	gớm guốc, ghê tởm
hideously	d		gớm ghiếc, đáng tởm
hiding	n	'haidiɳ	sự đánh đập, sự đánh đòn
hie	v	hai	vội vã, đi vội
hierarchy	n		hệ thống cấp bậc, thứ bậc
hieroglyphics	n		những chữ viết tượng hình
high	a	hai	cao
highball	n	'haibɔ:l	bảng tín hiệu, cho phép chạy hết tốc độ
highbrow	a	'haibrau	trí thức, trí thức sách vở
higher	n		cao hơn, có cấp cao hơn
highest	n		cao nhất, lớn nhất
highland	n	'hailənd	cao nguyên
highlander	n	'hailəndə	dân vùng cao nguyên
highlands	n		miền núi tây bắc Xcôtlân
highlight	n		chỗ nổi bật nhất, chỗ đẹp nhất
highly	d	'haili	rất, lắm
highness	n	'hainis	mức cao
highway	n	'haiwei	đường cái, quốc lộ
highwayman	n	'haiweimən	kẻ cướp đường
hijack	v	'haidʤæk/ (highjack) /highjack	chặn xe cộ để cướp
hijacker	n	'hai,dʤækə/ (highjacker) /'hai,dʤækə	, kẻ chuyên chặn xe cộ để ăn cướp
hijacking	n		vụ cướp máy bay, vụ bắt cóc máy bay
hike	n	haik	cuộc đi bộ đường dài
hiker	n		người đi bộ đường dài
hilarious	a	hi'leəriəs	vui vẻ, vui nhộn
hilary	n	'hiləri	hilary term học kỳ chính thức
hill	n	hil	đồi
hillbilly	n		người từ vùng núi xa xăm, người kém văn
hillside	n	'hil'said	sườn đồi
hilltop	n		đỉnh đồi
hilly	a	'hili	có nhiều đồi núi
hilt	n	hilt	cán
him	n	him	nó, hắn, ông ấy, anh ấy
himself	n	him'self	tự nó, tự mình
hin	n		đơn vị đo chất lỏng của người Do Thái cổ
hind	n	haind	hươu cái
hinder	a	'haində	ở đằng sau
hindi	n	'hin'di:	tiếng Hin-ddi
hindrance	a	'hindrəns	sự cản trở
hindsight	n	'haindsait	thước ngắm
hindu	n	'hin'du:/ (Hindoo) /'hin'du:	người Hindu
hinduism	n	'hindu:izm	đạo Ân, Ân-ddộ giáo
hinge	n	hindʤ	bản lề
hint	n	hint	lời gợi ý, lời nói bóng gió
hip	n	hip	hông
hippie	n	'hipi/ (hippy) /'hipi	thanh niên lập dị chống lại những qui ướ
hippo	n	'hipo	của hippotamus
hippocampus	n	,hipou'kæmpəs	cá ngựa
hippocratic	a		thuộc Hippôcrat hoặc theo trường phái y
hippodrome	n	'hipədroum	trường đua ngựa
hippopotamus	n	,hipə'pɔtəməs	lợn nước, hà mã
hippy	n	'hipi/ (hippy) /'hipi	thanh niên lập dị chống lại những qui ướ
hipster	n	'hipstə	người mê nhạc ja
hire	n	'haiə	sự thuê, sự cho thuê
hired	a	'haiəd	thuê, để cho thuê
his	a	hiz	của nó, của hắn
hispanic	a		thuộc về Tây Ban Nha và Bồ Đào Nha
hiss	n	his	tiếng huýt gió, tiếng xuỵt
historian	n	his'tɔ:riən	nhà viết sử, sử gia
historic	a	his'tɔrik	có tính chất lịch sử, được ghi vào lịch
historical	a	his'tɔrikəl	lịch sử, lịch sử
historically	d		về mặt lịch sử, về phương diện lịch sử
history	n	'histəri	sử, sử học, lịch sử
hit	n	hit	đòn, cú đánh trúng
hitch	n	hitʃ	cái giật mạnh bất ngờ, cái đẩy mạnh bất
hitchhike	n		sự đi nhờ xe, sự vẫy xe xin đi nhờ
hitchhiker	n		người đi nhờ xe, người vẫy xe xin đi nhờ
hither	d	'hiðə	ở đây, đây
hitherto	d	'hiðə'tu:	cho đến nay
hiv	n		vi rút gây ra bệnh AIDS
hive	n	haiv	tổ ong, đõ ong
hives	n	haivz	chứng phát ban
hiya	n		interj
hms	n		thuyền của Hải quân hoàng gia Anh
ho	i	hou	ô! ồ! thế à!
hoard	n	hɔ:d	kho tích trữ, kho dự trữ
hoarder	n	'hɔ:də	kẻ tích trữ
hoarding	n	'hɔ:diɳ	sự trữ, sự tích trữ
hoarse	a	hɔ:s	khàn khàn, khản
hoarsely	d		bằng giọng khàn khàn
hoax	n	houks	trò đánh lừa, trò chơi khăm
hobbit	n		giống người tưởng tượng của những người
hobble	n	'hɔbl	dáng đi tập tễnh, dáng đi khập khiễng
hobby	n	'hɔbi	thú riêng, sở thích riêng
hobo	n	'houbou	thợ đi làm rong
hock	n	hɔk	rượu vang trắng Đức
hockey	n	'hɔki	môn bóng gậy cong, khúc côn cầu
hocus	v	'houkəs	đánh lừa, lừa phỉnh
hodge	n	hɔdʤ	người nông dân Anh điển hình
hoe	n	hou	cái cuốc
hoedown	n		điệu nhảy sinh động ở nông thôn
hog	n	hɔg	lợn, lợn thiến
hogan	n		nhà làm bằng cành cây, trát bùn người da
hogg	n		cừu non chưa xén lông, lông cừu xén lần
hoist	n	hɔist	sự kéo lên, sự nhấc bổng lên
hold	n	hould	khoang
holden	n		quá khứ phân từ của hold
holder	n	'houldə	người giữ, người nắm giữ
holding	n	'houldiɳ	sự cầm, sự nắm
holdup	n	'houldʌp	sự chặn lại để ăn cướp, vụ ăn cướp đường
hole	n	'houl	lỗ, lỗ thủng; lỗ trống; lỗ khoan
holiday	n	'hɔlədi	ngày lễ, ngày nghỉ
holiness	n	'houlinis	tính chất thiêng liêng, tính chất thần t
holistic	a		thuộc chính thể luận
holla	n		xem hollo
holland	n	'hɔlənd	vải lanh Hà lan
hollander	n	'hɔləndə	người Hà-lan
holler	n	'hɔlə	người la, người hò
hollow	a	'hɔlou	rỗng
holly	n	'hɔli	cây nhựa ruồi
hollywood	n	'hɔliwud	phim Hô-li-út
holm	n	houm	cây sồi xanh holm-oak)
holocaust	n	'hɔləkɔ:st	sự thiếu hàng loạt các vật tế thần
hologram	n		kỹ thuật tạo ảnh ba chiều khi có ánh sán
holster	n	'houlstə	bao súng ngắn
holt	n	hɔlt	khu rừng nhỏ
holy	a	'houli	thần thánh, linh thiêng
homage	n	'hɔmidʤ	sự tôn kính, lòng kính trọng
hombre	n		gã
home	n	houm	nhà, chỗ ở
homeland	n	'houmlænd	quê hương, tổ quốc
homeless	a	'houmlisnis	không cửa không nhà, vô gia cư
homelessness	n	'houmlisnisnis	tình trạng không cửa không nhà, tình trạ
homely	a	'houmli	giản dị, chất phác
homeopathic	a	,houmjə'pæθik/ (homeopathic) /,houmjə'pæθik	phép chữa vi lượng đồng cân
homer	n	'houmə	chim bồ câu đưa thư
homesick	a	'houmsik	nhớ nhà, nhớ quê hương
homestead	n	'houmsted	nhà cửa vườn tược
homeward	a	'houmwəd/ (homewards) /'houmwədz	trở về nhà, trở về tổ quốc
homework	n	'houmwə:k	bài làm ở nhà
homey	a	'houmi	như ở nhà, như ở gia đình
homicidal	a	,hɔmi'saidl	giết người
homicide	n		kẻ giết người
homing	a	'houmiɳ	về nhà, trở về nhà
homo	n	'houmou	con người
homosexual	a	'houmou'seksjuəl	tình dục đồng giới
homosexuality	n	'houmouseksju'æliti/ (homoerotism) /,houmou'erətizm	tính tình dục đồng giới
homunculus	n		người nhỏ bé, người bé xíu
hon	n		ngài, tướng công vt của honourable
hone	n	houn	đá mài, đá mài dao cạo hone stone)
honest	a	'ɔnist	lương thiện
honestly	d	'ɔnistli	lương thiện
honesty	n	'ɔnisti	tính lương thiện
honey	n	'hʌni	mật ong, mật
honeycomb	n	'hʌnikoum	tảng ong
honeydew	n		dịch ngọt
honeymoon	n	'hʌnimu:n	tuần trăng mật
honeysuckle	n	'hʌni,sʌkl	cây kim ngân
hong	n	hɔɳ	dãy nhà xưởng
honk	n	hɔɳk	tiếng kêu của ngỗng trời
honor	n	'ɔnə	honour
honorable	a	'ɔnərəbl	honourable
honorably	d	'ɔnərəbli	honourably
honorary	n	'ɔnərəri	danh dự
honour	n	'ɔnə/ (honor) /'ɔnə	danh dự, danh giá
honourable	a	'ɔnərəbl	đáng tôn kính, đáng kính trọng
hooch	n	hu:tʃ	rượu mạnh, rượu tăm
hood	n	hud	mũ trùm đầu
hooded	a	'hudid	có mũ trùm đầu
hoodie	n	'hudi/ (hoody) /'hudi	quạ đầu xám
hoodlum	n	'hudləm	du côn, lưu manh
hoodoo	n	'hu:du:	vận rủi, sự không may
hooey	i	'hu:i	, tầm bậy!
hoof	n	'hu:f	móng guốc
hook	n	huk	cái móc, cái mác
hookah	n	'hukə/ (hookah) /'hukə	điếu ống
hooked	a	'hukt	có hình móc câu
hooker	n	'hukə	người móc
hooky	n	'huki/ (hookey) /'huki	to play hooky, trốn học đi chơi
hooligan	n	'hu:ligən	du côn, lưu manh
hooliganism	n	'hu:ligənizm	tính du côn, tính lưu manh
hoop	n	hu:p	cái vòng
hooper	n	'hu:pə	người đóng đai
hoopla	n		trò chơi ném vòng
hooray	n		interj
hoot	n	hu:t	tiếng cú kêu
hooter	n	'hu:te	người la hét phản đối, huýt sáo phản đối
hoots	i	'hu:ts	chào ồi
hoover	n		máy hút bụi
hooves	n	'hu:f	móng guốc
hop	n	hɔp	cây hoa bia, cây hublông
hope	n	houp	hy vọng
hopeful	a	'houpful	hy vọng, đầy hy vọng
hopefully	d		đầy hy vọng, phấn khởi
hopeless	a	'houplis	không hy vọng, thất vọng
hopelessly	d		tuyệt vọng, vô vọng
hopelessness	n	'houplisnis	sự không hy vọng, sự tuyệt vọng
hopper	n	'hɔpə	người nhảy lò cò
hopping	a		đi lại từ nơi này qua nơi khác, hết chỗ
hopscotch	n	'hɔpskɔtʃ	trò chơi ô lò cò
horde	n	hɔ:d	bầy người, bộ lạc du cư
horizon	n	hə'raizn	chân trời
horizontal	a	,hɔri'zɔntl	chân trời, ở chân trời
horizontally	d		theo chiều ngang
hormonal	a		thuộc hoặc do hooc môn gây ra
hormone	n	'hɔ:moun	Hoocmon
horn	n	hɔ:n	sừng, gạc hươu
horned	a	hɔ:nd	có sừng
horner	n	'hɔ:nə	thợ làm đồ sừng
hornet	n	'hɔ:nit	ong bắp cày
horny	a	'hɔ:ni	sừng, như sừng
horoscope	n	'hɔrəskoup	sự đoán số tử vi
horrendous	a	hɔ'rendəs	kinh khủng, khủng khiếp
horrible	a	'hɔrəbl	kinh khủng, kinh khiếp
horribly	d		kinh khủng, khủng khiếp
horrid	a	'hɔrid	kinh khủng, kinh khiếp
horrific	a	hɔ'rifik	kinh khủng, khủng khiếp
horrifying	a		gây kinh hãi, kinh hoàng
horror	n	'hɔrə	sự khiếp, sự ghê rợn
horse	n	hɔ:s	ngựa
horseback	n	'hɔ:sbæk	on horseback ngồi trên lưng ngựa, cưỡi n
horseman	n	'hɔ:smən	người cưỡi ngựa
horseplay	n	'hɔ:splei	sự vui đùa ầm ĩ, sự đùa nhộn
horsepower	n		số nhiều không đổi
horseshit	n		) chuyện vớ vẫn, nhảm nhí
horseshoe	n	'hɔ:ʃʃu:	móng ngựa
horsie	n		tên gọi ngựa
horst	n		địa lũy, hoxtơ
hosanna	n		kinh tin kính Chúa
hose	n	houz	bít tất dài
hospice	n	'hɔspis	nhà nghỉ chân
hospitable	a	'hɔspitəbl	mến khách
hospital	n	'hɔspitl	bệnh viện, nhà thương
hospitality	n	,hɔspi'tæliti	lòng mến khách
hospitalization	n	,hɔspitəlai'zeiʃn	sự đưa vào bệnh viện
host	n	houst	chủ nhà
hostage	n	'hɔstidʤ	con tin
hostel	n	'hɔstəl	nhà ký túc
hostess	n	'houstis	bà chủ nhà
hostile	a	'hɔstail	thù địch
hostility	n	hɔs'tiliti	sự thù địch, thái độ thù địch
hot	a	hɔt	nóng, nóng bức
hotbed	n	'hɔtbed	luống đất bón phân tươi
hotch	v		cựa quạy, nhúch nhích luôn
hotel	n	hou'tel	khách sạn
hothead	n	'hɔthed/ (hotbrain) /'hɔtbrein	người nóng nảy, người nóng vội
hothouse	n	'hɔthaus	nhà kính
hotpot	n		thịt hầm với khoai tây
hotshot	n		người khéo ứng xử
hound	n	haund	chó săn
hour	n	'auə	giờ, tiếng
hourglass	n		đồng hồ cát
hourly	a	'auəli	hằng giờ, từng giờ
house	n	haus	nhà ở, căn nhà
houseboat	n	'hausbout	nhà thuyền
houseboy	n		người thuê làm những công việc chung tro
houseguest	n		khách
household	n	'haushould	hộ, gia đình
housekeeper	n	'haus,ki:pə	bà quản gia
housekeeping	n	'haus,ki:piɳ	công việc quản lý gia đình, công việc nộ
housemaid	n	'hausmeid	chị hầu phòng
houseman	n		bác sự nội trú
housewarming	n		bữa liên hoan ăn mừng nhà mới, tiệc mừng
housewife	n	'hauswaif	bà chủ nhà, bà nội trợ
housework	n	'hauswə:k	công việc trong nhà
housing	n	'hauziɳ	sự cho ở
hove	n	hi:v	sự cố nhấc lên, sự cố kéo
hovel	n	'hɔvəl	mái che
hover	n	'hɔvə	sự bay lượn, sự bay liệng
hovercraft	n		tàu di chuyển nhờ đệm không khí
how	d	hau	thế nào, như thế nào
howdy	n		) xem hello
howe	n		thung lũng
however	d	hau'evə	dù đến đâu, dù cách nào
howl	n	haul	tiếng tru, tiếng hú
howling	a	'hauliɳ	tru lên, hú lên
hoy	n	hɔi	tàu nhỏ
hq	n		tổng hành dinh
hsia	n		Nhà Hạ Xia
hub	n	hʌb	trục bánh xe, moayơ
hubbub	n	'hʌbʌb	sự ồn ào huyên náo
hubby	n	'hʌbi	chồng, bố cháu
hubris	n	'hju:bris	sự xấc xược, ngạo mạn
huck	n	'hʌkəbæk/ (huck) /hʌk	vải lanh thô
huckleberry	n		cây việt quất, trái việt quất
huddle	n	hʌdl	đống lộn xộn, mớ lộn xộn
hue	n	hju:	màu sắc
huff	n	hʌf	cơn giận, cơn bực tức
huffy	a		cáu kỉnh, dễ nổi cáu
hug	n	hʌg	cái ôm chặt
huge	a	hju:dʤ	to lớn, đồ sộ
hugely	d	'hju:dʤli	rất đỗi, hết sức
huh	n		interj
hui	n		cuộc tụ họp của người Maori
hula	n	'hu:lə	vũ điệu hula hula-hula)
hulk	n	hʌlk	chiếc tàu thuỷ nặng nề khoa lái, tàu thu
hull	n	hʌl	vỏ đỗ, vỏ trái cây
hullabaloo	n	,hʌləbə'lu:s	sự làm rùm beng, tiếng la ó
hullo	i	'hʌ'lou/ (hulloa) /'hʌ'lou	ồ! để tỏ ý ngạc nhiên
hum	n	hʌm	humbug
human	a	'hju:mən	con người, loài người
humane	a	'hju:mein	nhân đạo, nhân đức
humanist	n	'hju:mənist	nhà nghiên cứu khoa học nhân văn, người
humanitarian	n	hju:,mæni'teəriən	người theo chủ nghĩa nhân đạo
humanity	n	hju:'mæniti	loài người, nhân loại
humankind	n	'hju:mən'kaind	loài người, nhân đạo
humanly	d	'hju:mənli	với cái nhìn của con người, với cung các
humanoid	a		có hình dáng hoặc tính cách của con ngườ
humble	a	'hʌmbl	khiêm tốn, nhún nhường
humbly	d		nhún nhường, khiêm nhường
humbug	n	'hʌmbʌg	trò bịp bợm, trò đánh lừa
humdrum	a	'hʌmdrʌm	nhàm, chán
humerus	n	'hju:mərəs	xương cánh tay
humid	a	'hju:mid	ẩm, ẩm ướt
humidity	n	hju:'miditi	sự ẩm ướt
humiliate	v	hju:'mileit	làm nhục, làm bẽ mặt
humiliating	a	hju:'milieitiɳ/ (humiliatory) /hju:'miliətəri	làm nhục, làm bẽ mặt
humiliation	n	hju:'mili'eiʃn	sự làm nhục, sự làm bẽ mặt
humility	n	hju:'militi	sự khiêm tốn, sự nhún nhường
hummel	a	'hʌml	không có sừng
hummer	n	'hʌmə	bộ con ve
humming	a	'hʌmiɳ	vo ve, kêu o o
hummus	n		món khai vị làm từ gà, đậu
humor	n		sự hài hước, sự hóm hỉnh
humorous	a	'hju:mərəs/ (hummor) /'hju:mə	khôi hài, hài hước
humour	n	'hju:mə	sự hài hước, sự hóm hỉnh
hump	n	hʌmp	cái bướu
humpback	n	'hʌmpbæk/ (hunchback) /'hʌntʃbæk	lưng gù, lưng có bướu
humped	a	hʌmpt	có bướu
humph	i	hʌmf	hừ!, hừm!
hun	n	Hʌn	rợ Hung
hunch	n	'hʌntʃ	cái bướu
hunchback	n	'hʌmpbæk/ (hunchback) /'hʌntʃbæk	lưng gù, lưng có bướu
hundred	a	'hʌndrəd	trăm
hundredth	a	'hʌndrədθ	thứ một trăm
hung	n	hæɳ	sự cúi xuống, sự gục xuống
hungarian	a	hʌɳ'geəriən	Hung-ga-ri
hunger	n	'hʌɳgə	sự đói, tình trạng đói
hungry	a	'hʌɳgri	đói, cảm thấy đói
hunk	n	hʌɳk	miếng to, khúc to
hunks	n	hʌɳks	người keo cú, người bủn xỉn
hunky	a	'hʌɳki	được, tốt
hunt	n	hʌnt	cuộc đi săn, sự đi săn
hunter	n	'hʌntə	người đi săn
hunting	n	'hʌntiɳ	sự đi săn
huntress	n	'hʌntris	người đàn bà đi săn
huntsman	n	'hʌtsmən	người đi săn
hurdle	n	'hə:dl	bức rào tạm thời
hurl	n	hə:l	sự ném mạnh, cái ném mạnh
hurley	n	'hə:li	Hơlê
hurling	n		môn bóng gậy cong
huron	n		liên bang những người Mỹ da đỏ vốn sống
hurrah	i	hu'rɑ:/ (hurray) /hu'rei/ (huzza) /hu'zɑ:	hoan hô
hurray	i	hu'rɑ:/ (hurray) /hu'rei/ (huzza) /hu'zɑ:	hoan hô
hurricane	n	'hʌrikən	bão
hurried	a	'hʌrid	vội vàng, hấp tấp
hurriedly	d		vội vàng, hối hả
hurry	n	'hʌri	sự vội vàng, sự hấp tấp
hurst	n	hə:st	gò, đồi nhỏ
hurt	n	hə:t	vết thương, chỗ bị đau
hurtful	a	'hə:tful	có hại, gây tổn hại
husband	n	'hʌzbənd	người chồng
hush	n	hʌʃ	sự im lặng
husk	n	hʌsk	cỏ khô, vỏ
husky	a	'hʌski	vỏ; giống như vỏ; khô như vỏ, khô như tr
hussy	n	'hʌsi/ (huzzy) /'hʌzi	người đàn bà mất nết, người đàn bà hư hỏ
hustle	n	'hʌsl	sự xô đẩy, sự chen lấn
hustler	n	'hʌslə	người làm việc tích cực và khẩn trương
hut	n	hʌt	túp lều
hutch	n	hʌtʃ	chuồng thỏ
hyacinth	n	'haiəsinθ	cây lan dạ hương, hoa lan dạ hương
hybrid	n	'haibrid	cây lai, vật lai
hydra	n	'haidrə	rắn nhiều đầu
hydrant	n	'haidrənt	vòi nước máy
hydrate	n	'haidreit	Hydrat
hydration	n	hai'dreiʃn	sự Hyddrat hoá
hydraulic	a	hai'drɔ:lik	nước, chạy bằng sức nước
hydraulics	n	hai'drɔ:liks	thuỷ lực học
hydro	n	'haidrou	hydropathic
hydrochloric	a	'haidrou'klɔ:rik	clohyddric
hydroelectric	a	'haidroui'lektrik	thuỷ điện
hydrogen	n	'haidridʤən	Hyddrô
hydroponic	a	'haidrou'pɔpik	thuật trồng cây trong nước
hydroxide	n	hai'drɔksaid	hyddroxyt
hyena	n	hai'i:nə/ (hyaena) /hai'i:nə	linh cẩu
hygiene	n	'haidʤi:n	vệ sinh
hygienic	a	hai'dʤi:nik/ (hygienical) /hai'dʤi:nikəl	vệ sinh, hợp vệ sinh
hygienist	n	'haidʤi:nist	vệ sinh viên
hymen	n	'haimən	thần hôn nhân, ông tơ bà nguyệt
hymn	n	him	bài thánh ca
hyoid	a	'haiɔid	xương móng
hype	n		sự quảng cáo thổi phồng, sự cường điệu
hyperactive	a		hiếu động thái quá
hyperbole	n	hai'pə:bəli	phép ngoa dụ
hyperspace	n		siêu không gian
hypertension	n	'haipə:'tenʃn	chứng tăng huyết áp
hypnosis	n	hip'nousis	giấc ngủ nhân tạo
hypnotic	a	hip'nɔtik	thôi miên
hypnotism	n	'hipnətizm	thuật thôi miên
hypnotist	n	'hipnətist	nhà thôi miên
hypnotize	v	'hipnətaiz/ (hypnotise) /'hipnətaiz	thôi miên
hypo	n	,haipou'sʌlfait/ (hypo) /'haipou	đithionit
hypochondriac	a	,haupou'kɔndriæk	chứng nghi bệnh
hypocrisy	n	hi'pɔkrəsi	đạo đức giả
hypocrite	n	'hipɔkrit	kẻ đạo đức giả, kẻ giả nhân giả nghĩa
hypocritical	a	,hipə'kritikəl	đạo đức giả, giả nhân giả nghĩa
hypodermic	a	,haipə'də:mik	dưới da
hypotensive	a	,haipou'tensiv	chứng giảm huyết áp
hypotenuse	n	hai'pɔtinju:z	cạnh huyền
hypothalamus	n		vùng não điều khiển thân nhiệt, đói
hypothermia	n	,haipou'θə:miə	sự giảm nhiệt, sự giảm thế nhiệt
hypothermic	a		thuộc sự giảm nhiệt một cách nguy hiểm
hypotheses	n	hai'pɔθisis	giả thuyết
hypothesis	n	hai'pɔθisis	giả thuyết
hypothetical	n		Cách viết khác : hypothetic
hypothetically	d		theo giả thuyết
hypoxia	n		sự giảm oxi-huyết
hysterectomy	n		thủ thuật cắt bỏ dạ con, thủ thuật cắt b
hysteria	n	his'tiəriə	chứng ictêri
hysterical	a	his'terikəl	ictêri, mắc ictêri
hysterically	d		cuồng loạn, thác loạn
hysterics	n	his'teriks	cơn ictêri
i	n	ai	một
ibis	n	'aibis	cò quăm
ibm	n		vt của International Business Machines
ic	n		mạch tổ hợp
ice	n	ais	băng nước đá
iceberg	n	'aisbə:g	núi băng trôi
iced	a	aist	đóng băng
icelandic	a	ais'lændik	băng đảo
iceman	n	'aismæn	người giỏi đi băng, người tài leo núi bă
ici	n		Công ty kỹ nghệ hoá chất hoàng gia
icicle	n	'aisikl	cột băng, trụ băng
icing	n	'aisiɳ	sự đóng băng
icky	a	'iki	uỷ mị không chịu được
icon	n	'aikɔn/ (ikon) /'aikɔn	tượng, hình tượng
iconic	a	ai'kɔnik	tượng, hình tượng
icy	a	'aisi	đóng băng
id	n	id	ít
IDA	n		Hiệp hội Phát triển quốc tế.
ide	n	aid	cá chép đỏ
idea	n	ai'diə	quan niệm, tư tưởng
ideal	a	ai'diəl	quan niệm, tư tưởng
idealism	n	ai'diəlaiz	chủ nghĩa duy tâm
idealist	n	ai'diəlist	người duy tâm
idealistic	a	ai,diə'listik	duy tâm
ideally	d	ai'diəli	lý tưởng, đúng như lý tưởng
identical	n	ai'dentik	identic note công hàm tư tưởng
identifiable	a	ai'dentifaiəbl	có thể làm thành đồng nhất, có thể coi n
identification	n	ai,dentifi'keiʃn	sự đồng nhất hoá, sự làm thành đồng nhất
identify	v	ai'dentifai	đồng nhất hoá, coi như nhau
identity	n	ai'dentiti	tính đồng nhất, sự giống hệt
ideological	a	,adiə'lɔdʤik/ (ideological) /,adiə'lɔdʤikəl	tư tưởng
ideology	n	,adiə'ɔlədʤi	sự nghiên cứu tư tưởng
ides	n		ngày 15 tháng Ba, Năm
idiocy	n	'idiəsi	tính ngu si, tính ngu ngốc
idiom	n	'idiəm	thành ngữ
idiot	n	'idiət	thằng ngốc
idiotic	a	,idi'ɔtik/ (idiotical) /,idi'ɔtikəl	ngu si, ngu ngốc
idle	a	'aidl	ngồi rồi, không làm việc gì
idleness	n	'aidlnis/ (idlesse) /'aidlis	ăn không ngồi rồi, sự lười nhác
idly	d	'aildli	ăn không ngồi rồi, sự lười nhác
idol	n	'aidl	tượng thần, thần tượng
idolize	v	'aidəlaiz	idolise
idyllic	a	ai'dilik	thơ điền viên
if	c	if	nếu, nếu như
iffy	a	'ifi	không chắc chắn, không nhất quyết
igloo	n	'iglu:	lều tuyết
ignite	v	ig'nait	đốt cháy, nhóm lửa vào
ignition	n	ig'niʃn	sự đốt cháy, sự bốc cháy
ignoble	a	ig'noubl	đê tiện, ti tiện
ignoramus	n	,ignə'reiməs	người ngu dốt
ignorance	n	'ignərəns/ (ignoranctness) /'ignərəntnis	sự ngu dốt, sự không biết
ignorant	a	'ignərənt	ngu dốt, dốt nát
ignore	v	ig'nɔ:	lờ đi, phớt đi
iguana	n	i'gwɑ:nə	con giông mào, con cự đà
ike	n	,aikɔ'nəskoup/ (ike) /aik	Icônôxcôp
iliad	n		câu chuyện kể dài
ilk	a	ilk	cùng loại, cùng hạng
ill	a	il	đau yếu, ốm
illegal	a	i'li:gəl	không hợp pháp, trái luật
illegally	d		bất hợp pháp, trái pháp luật
illegitimate	a	,ili'dʤitimit	không hợp pháp, không chính đáng
illicit	a	i'lisit	trái phép, không hợp pháp
illiterate	a	i'litərit	dốt nát, mù chữ
illness	n	'ilnis	sự đau yếu, sự ốm
illogical	a	i'lɔdʤikəl	không lôgíc, phi lý
illuminate	v	i'ju:mineit	chiếu sáng, rọi sáng
illuminati	n	i,lu:mi'nɑ:ti:	những người được Chúa làm cho sáng mắt
illuminating	a	i,lu:mineitiɳ	chiếu sáng, rọi sáng
illumination	n	i,lju:mi'neiʃn	sự chiếu sáng, sự rọi sáng
illusion	n	i'lu:ʤn	ảo tưởng
illusionist	n	i'lu:ʤənist	người theo thuyết ảo tưởng
illustrate	v	i'ləstreit	minh hoạ, làm rõ ý
illustration	n	,iləs'treiʃn	sự minh hoạ
illustrator	n	'iləstreitə	người vẽ tranh minh hoạ
illustrious	a	i'lʌstreiəs	có tiếng, nổi tiếng
image	n	'imidʤ	hình, hình ảnh
imagery	n	'imidʤəri	hình ảnh
imaginable	a	i'mædʤinəbl	có thể tưởng tượng được
imaginary	a	i'mædʤinəri	tưởng tượng, không có thực
imagination	n	i,mædʤi'neiʃn	sức tưởng tượng, trí tưởng tượng
imaginative	a	i'mædʤinətiv	tưởng tượng, không có thực
imagine	v	i'mædʤin	tưởng tượng, hình dung
imagines	n	i'meigou	thành trùng
imam	n	i'mɑ:m	thầy tế
imbalance	n	im'bæləns	sự không cân bằng, sự thiếu cân bằng
imbecile	a	'imbisi:l	khờ dại, đần
IMF	n		Quỹ tiền tệ quốc tế.
imitate	v	imitate	theo gương, noi gương
imitation	n	,imi'teiʃn	sự noi gương
immaculate	a	i'mækjulit	tinh khiết, trong trắng
immaterial	a	,imə'tiəriəl	vô hình, phi vật chất
immature	a	,imə'tjuə	non nớt, chưa chín chắn
immeasurable	a	i'meʤərəbl	vô hạn, mênh mông
immediate	a	i'mi:djət	trực tiếp
immediately	d	i'mi:djətli	ngay lập tức, tức thì
immemorial	a	,imi'mɔ:riəl	xa xưa, thượng cổ
immense	a	i'mens	mênh mông, bao la
immensely	d	i'mensli	rất, hết sức
immensity	n	i'mensiti/ (immenseness) /i'mensnis	sự mênh mông, sự bao la
immerse	v	i'mə:s	nhúng, nhận chìm
immersed	a		mọc hoàn toàn dưới nước
immersion	n	i'mə:ʃn	sự nhúng, sự nhận chìm
immigrant	a	'imigrənt	nhập cư
immigration	n	,imi'greiʃn	sự nhập cư
imminent	a	'iminənt	sắp xảy ra, đến nơi
immobile	a	i'moubail	đứng yên, không nhúc nhích
immobilize	v	i'moubilaiz/ (immobilise) /i'moubilaiz	giữ cố định, làm bất động
immoral	n	i'mɔrəl	trái đạo đức, trái luân lý
immorality	n	,imə'ræliti	sự trái đạo đức, sự trái luân lý
immortal	a	i'mɔ:tl	bất tử, bất diệt
immortality	n	,imɔ:'tæliti	tính bất tử, tính bất diệt
immovable	a	i'mu:vəbl	không chuyển động được, không xê dịch đư
immune	a	i'mju:n	miễn khỏi, được miễn
immunity	n	i'mju:niti	sự miễn, sự được miễm
immutable	a	i'mju:təbl	không thay đổi, không biến đổi
imp	n	imp	tiểu yêu, tiểu quỷ
impact	n	'impækt	sự va chạm, sự chạm mạnh
impacted	a	'impæktid	lèn chặt, nêm chặt
impairment	n	im'peəmənt	sự làm suy yếu, sự làm sút kém
impala	n	im'pɑ:lə	linh dương Châu phi
impale	v	im'peil/ (empale) /im'peil	đâm qua, xiên qua
impart	v	im'pɑ:t	dàn xếp với nhau người toà án
impartial	a	im'pɑ:ʃəl	công bằng, không thiên vị
impassable	a	im'pɑ:tibl	không thể qua được, không thể vượt qua đ
impasse	n	æm'pɑ:s	ngõ cụt
impassioned	a	im'pæʃnd	say sưa, say mê
impatience	n	im'peiʃəns/ (impatientness) /im'peiʃəntnis	sự thiếu kiên nhẫn, sự không kiên tâm
impatient	a	im'peiʃənt	thiếu kiên nhẫn, không kiên tâm
impatiently	d		nóng lòng, nôn nóng
impeach	v	im'pi:tʃ	đặt thành vấn đề nghi ngờ
impeachment	n	im'pi:tʃmənt	sự đặt thành vấn đề nghi ngờ
impeccable	a	im'pekəblnis	hoàn hảo, không chê vào đâu được
impeccably	d		hoàn hảo, không chê vào đâu được
impede	v	im'pi:d	làm trở ngại, ngăn cản
impediment	n	im'pedimənt	sự trở ngại, sự ngăn trở
impending	a	im'pendiɳ	sắp xảy đến, xảy đến trước mắt
impenetrable	a	im'penitrəbl	không thể qua được, không thể xuyên thủn
imperative	a	im'perətiv	cấp bách, khẩn thiết
imperfect	a	im'pə:fikt	không hoàn hảo, không hoàn chỉnh
imperfection	n	,impə'fekʃn	imperfectness
imperial	a	im'piəriəl	hoàng đế
imperialism	n	im'piəriəlizm	chủ nghĩa đế quốc
imperialist	n	im'piəriəlist	người theo chủ nghĩa đế quốc
impersonal	a	im'pə:snl	không liên quan đến riêng ai, không nói
impersonate	v	im'pə:səneit	thể hiện dưới dạng người, nhân cách hoá
impersonation	n	im,pə:sə'neiʃn	sự thể hiện dưới dạng người, sự nhân các
impersonator	n	im'pə:səneitə	người đóng vai, người thủ vai
impertinence	n	im'pə:tinəns/ (impertinency) /im'pə:tinənsi	sự xấc láo, sự láo xược
impertinent	a	im'pə:tinənt	xấc láo, láo xược
impervious	a		không thấu qua được, không thấm
impetuous	a	im'petjuəs	mạnh mẽ, dữ dội
impetus	n	'impitəs	sức xô tới, sức đẩy tới
implacable	a	im'plækəbl	không thể làm xiêu lòng, không thể làm m
implant	v	im'plɑ:nt	đóng sâu vào, cắm chặt vào
implausible	a	im'plɔ:zəbl	không có vẻ hợp lý, không có vẻ thật
implement	n	'impliment	số nhiều) đồ dùng, dụng cụ
implementation	n	,implimen'teiʃn	sự thi hành, sự thực hiện đây đủ
implicate	n	'implikit	ẩn ý, điều ngụ ý
implication	n	,impli'keiʃn	sự lôi kéo vào, sự liên can
implicit	a	im'plisit	ngấm, ngấm ngầm
implicitly	d		hoàn toàn
implied	a	im'ploud	ngụ ý, bao hàm
implode	v	im'ploud	nổ tung vào trong
implore	v	im'plɔ:	cầu khẩn, khẩn nài
implosion	a	im'plouʤn	khép
imply	v	im'plai	ý nói, ngụ ý
impolite	a	,impə'lait/ (unpolite) /,impə'laitnis	vô lễ
import	n	'impɔ:t	sự nhập, sự nhập khẩu
importance	n	im'pɔ:təns	sự quan trọng, tầm quan trọng
important	a	im'pɔ:tənt	quan trọng, trọng đại
importantly	d		quan trọng, trội yếu
importer	n	im'pɔ:tə	người nhập hàng, người nhập khẩu
impose	v	im'pouz	đánh, bắt chịu
imposing	a	im'pouziɳ	gây ấn tượng mạnh mẽ, oai nghiêm
imposition	n	,impə'ziʃn	sự đánh thuế má
impossibility	n	im,pɔsə'biliti	impossibleness
impossible	a	im'pɔsəbl	không thể làm được
impossibly	d	im'pɔsəbli	không thể làm được
imposter	n	im'pɔstə/ (impostor) /im'pɔstə	kẻ lừa đảo
impostor	n	im'pɔstə/ (impostor) /im'pɔstə	kẻ lừa đảo
impotence	n	'impətəns/ (impotency) /'impətəns/ (impotentness) /'impətəntnis	sự bất lực
impotent	a	'impətənt	bất lực, yếu đuối
impound	v	im'paund	nhốt vào bãi rào, cất vào bãi rào
impractical	a	im'præktikəl	không thực tế
impregnable	a	im'prəgnəbl	không thể đánh chiếm được
impregnate	a	im'prəgnit	đã thụ tinh, có chửa
impresario	n	,impre'sɑ:riou	người tổ chức các buổi biểu diễn sân khấ
impress	n	im'pres	sự đóng dấu
impression	n	im'preʃn	ấn tượng
impressionable	a	im'preʃnəbl	dễ xúc cảm, nhạy cảm
impressionism	n	im'preʃnizm	chủ nghĩa ấn tượng
impressionist	n	im'preʃnist	người theo trường phái ấn tượng
impressive	a	im'presiv	gây ấn tượng sâu sắc, gây xúc động
imprint	n	'imprint	dấu vết, vết in
imprison	v	im'prizn	bỏ tù, tống giam
imprisonment	n	im'priznmənt	sự bỏ tù, sự tống giam
improbable	a	in'prɔbəbl	không chắc, không chắc có thực
impromptu	n	im'prɔmptju:	bài nói ứng khẩu, bài thơ ứng khẩu
improper	a	im'prɔpə	không hợp, không thích hợp
improperly	d		không thích hợp, không đúng cách
impropriety	n	,imprə'praiəti	sự không thích hợp, sự không đúng lúc
improve	v	im'pru:v	cải tiến, cải thiện
improved	n		được hoàn thiện, được cải tiến
improvement	n	im'pru:vmənt	sự cải tiến, sự cải thiện
improvisation	n	,imprəvai'zeiʃn	sự ứng khẩu
improvise	v	'imprəvaiz	ứng khẩu, cương
improvised	a	'imprəvaizd	ứng khẩu
imprudent	a	im'pru:dənt	không thận trọng, khinh suất
impudence	n	im'pru:dəns	impudentness
impudent	a	im'pru:dənt	trơ tráo, trơ trẽn
impulse	n	'impʌls	sức đẩy tới
impulsive	a	im'pʌlsiv	đẩy tới, đẩy mạnh
impulsively	d		hấp tấp, bốc đồng
impunity	n	im'pju:niti	sự được miễn hình phạt, sự không bị trừn
impure	a	im'pjuə	không trong sạch, không tinh khiết
impurity	n	im'pjuəriti	sự không trong sạch, sự không tinh khiết
in	p	in	ở, tại, trong
inability	n	,inə'biliti	sự không có khả năng, sự bất lực
inaccessible	a	,inæk'sesəbl	không tới được, không tới gần được
inaccurate	a	in'ækjurit	không đúng, sai
inaction	n	in'ækʃn	sự không hoạt động, sự thiếu hoạt động
inactive	a	in'æktiv	không hoạt động, thiếu hoạt động
inadequacy	n	in'ædikwəsi	sự không tương xứng, sự không xứng
inadequate	a	in'ædikwit	không tương xứng, không xứng
inadmissible	a	,inəd'misəbl	không thể nhận, không thể chấp nhận
inadvertently	d		tình cờ, không cố ý
inane	a	i'nein	ngu ngốc, ngớ ngẩn
inanimate	a	in'ænimit	vô sinh, không có sinh khí
inappropriate	a	,inə'proupriit	không thích hợp, không thích đáng
inappropriately	d		không thích hợp, không phù hợp
inasmuch	d	inəz'mʌtʃ	vì, bởi vì
inaudible	a	in'ɔ:dəbl	không thể nghe thấy
inaudibly	d		không nghe thấy nổi
inaugural	a	i'nɔ:gjurəl/ (inauguratory) /i'nɔ:gjurətəri	buổi khai mạc, lễ khánh thành
inaugurate	v	i'nɔ:gjureit	tấn phong
inauguration	n	i,nɔ:gju'reiʃn	lễ tấn phong, lễ nhậm chức
inauspicious	a	,inɔ:s'piʃəs	mang điềm xấu, gở
inbound	a	'inbaund	đi về
inbred	a	'in'bred	bẩm sinh
inbreeding	a	'inənd'in/ (inbreeding) /in'bri:diɳ	người giao phối thân thuộc
inc	n		liên hợp
incalculable	a	in'kəlkjuləbl	không đếm xuể, không kể xiết
incandescent	a	incandescent	nóng sáng
incantation	n	,inkæn'teiʃn	câu thần chú
incapable	a	in'keipəbl	không đủ khả năng, bất tài
incapacitate	v	,inkə'pæsiteit	làm mất hết khả năng, làm mất hết năng l
incarcerated	a	in'kɑ:səreitid	bị bỏ tù, bị tống giam
incarceration	n	in,kɑ:sə'reiʃn	sự bỏ tù, sự tống giam
incarnate	a	in'kɑ:nit	cụ thể bằng xương, bằng thịt
incarnation	n	,inkɑ:'neiʃn	sự tạo hình hài cụ thể
incendiary	a	in'sendjəri	để đốt cháy
incense	n	'insens	nhang, hương
incentive	a	in'sentiv	khuyến khích, khích lệ
inception	n	in'sepʃn	sự khởi đầu, sự bắt đầu
incessant	a	in'sesnt	không ngừng, không ngớt
incessantly	d		không ngừng, không dứt
incest	n	'insest	tội loạn luân, sự loạn luân
incestuous	a	in'sestjuəs	loạn luân
inch	n	intʃ	đảo nhỏ
incidence	n	'insidəns	sự rơi vào, sự tác động vào
incident	a	'insidənt	vốn có, vốn gắn liền với
incidental	a	,insi'dentl	ngẫu nhiên, tình cờ
incidentally	d	,insi'dentli	ngẫu nhiên, tình cờ
incinerate	v	in'sinəreit	đốt ra tro, thiêu
incinerator	n	in'sinəreitə	lò đốt rác
incision	n	in'siʤn	sự rạch, vết rạch
incite	v	in'sait	khuyến khích
inclination	n	,inkli'neiʃn	inclining
incline	n	in'klain	mặt nghiêng
inclined	a	in'klaind	có ý sãn sàng, có ý thích
include	v	in'klu:d	bao gồm, gồm có
included	a	in'klu:did	bao gồm cả, kể cả
including	a	in'klu:diɳ	bao gồm cả, kể cả
inclusion	n	in'klu:ʤn	sự gồm cả, sự kể vào
inclusive	a	in'klu:siv	gồm cả, kể cả
incognito	n	in'kɔgnitou	người dấu tên, người thay họ đổi tên
incoherent	a	,inkou'hiərənt	không mạch lạc, không rời rạc
incoherently	d		rời rạc, không mạch lạc
income	n	'inkəm	thu nhập, doanh thu
incoming	n	'in,kʌmiɳ	sự vào, sự đến
incomparable	a	in'kɔmpərəbl	không thể so sánh được
incompatible	a	,inkəm'pætəbl	không hợp với, không thích hợp với
incompetence	n	in'kɔmpitəns/ (incompetency) /in'kɔmpitənsi	sự thiếu khả năng, sự thiếu trình độ
incompetent	a	in'kɔmpitənt	thiếu khả năng, thiếu trình độ kém cỏi
incomplete	a	,inkəm'pli:t	thiếu, chưa đầy đủ
incomprehensible	a	in,kɔmpri'hensəbl	không thể hiểu nổi, khó hiểu
inconceivable	a	,inkən'si:vəbl	không thể hiểu được, không thể nhận thức
inconclusive	a	,inkən'klu:siv	không đi đến kết luận, bỏ lửng
inconsequential	a	in,kɔnsi'kwenʃəl	không hợp lý, không lôgic inconsequent)
inconsiderate	a	,inkən'sidərit	thiếu ân cần, thiếu chu đáo
inconsistency	n	,inkən'sistəns/ (inconsistency) /,inkən'sistənsi	sự mâu thuẫn, sự trái nhau
inconsistent	a	,inkən'sistənt	mâu thuẫn nhau, trái nhau
inconsolable	a	,inkən'souləbl	không thể nguôi, không thể an ủi được
inconspicuous	a	,inkən'spikjuəs	kín đáo, không lồ lộ
incontinence	n	in'kɔntinəns	sự không kiềm chế được, sự không kìm lại
incontinent	a	in'kɔntinənt	không kiềm chế, không kìm lại
incontrovertible	a	'inkɔntrə'və:təbl	không thể bàn cãi, không thể tranh luận
inconvenience	n	,inkən'vi:njəns/ (inconveniency) /,inkən'vi:njənsi	sự bất tiện, sự phiền phức
inconvenient	a	,inkən'vi:njənt	bất tiện, thiếu tiện nghi
incorporate	a	in'kɔ:pərit	kết hợp chặt chẽ
incorporated	a	in'kɔ:pəreitid	sáp nhập, hợp nhất
incorrect	a	,inkə'rekt	không đúng, không chỉnh
incorrectly	d		sai, không đúng cách
incorrigible	a	in'kɔridʤəbl	không thể sửa được
incorruptible	a	,inkə'rʌptəbl	không thể hỏng được, không thể thối rữa
increase	n	'inkri:s	sự tăng, sự tăng thêm
increasing	a	in'kri:siɳ	ngày càng tăng, tăng dần
increasingly	n		xem increase
incredible	a	in'kredəbl	không thể tin được
incredibly	d		khó tin nổi, đáng kinh ngạc
incriminate	v	in'krimineit	buộc tội cho, đổ tội cho
incubation	n	,inkju'beiʃn	sự ấp trứng
incubator	n	'inkjubeitə	lò ấp trứng
incumbent	n	in'kʌmbənt	người giữ một chức vụ
incur	v	in'kə:	chịu, gánh
incurable	a	in'kjuərəbl	không thể chữa được
incursion	n	in'kə:ʃn	sự xâm nhập, sự đột nhập
indebted	a	in'detid	mắc nợ
indecency	n	in'di:snsi	sự không đứng dắn, sự không đoan trang
indecent	a	in'di:snt	không đứng dắn, không đoan trang
indecision	n	,indi'siʤn	sự do dự, sự thiếu quả quyết
indecisive	a	,indi'saisiv	do dự, lưỡng lự
indeed	d	in'di:d	thực vậy, thực mà
indefinite	a	in'definit	mập mờ, không rõ ràng
indefinitely	d		mập mờ
indelible	a	in'delibl	không thể gột sạch, không thể tẩy sạch
indelicate	a	in'delikit	thiếu tế nhị, khiếm nhã
indemnity	n		sự bồi thường, tiền bồi thường
indentation	n	,inden'teiʃn	sự làm lõm vào, sự khía răng cưa
independence	n	,indi'pendəns	sự độc lập, nền độc lập independency)
independent	a	,indi'pendənt	độc lập
independently	d	,indi'pendəntli	độc lập
indescribable	a	,indis'kraibəbl	không thể tả được, không sao kể xiết
indestructible	a	,indi'tə:minəbl	không thể phá huỷ được, không thể huỷ di
indeterminate	a	,indi'tə:minit	vô định, vô hạn
index	n	'indeks	ngón tay trỏ index finger)
india	n	'indjən	người Ân-ddộ
indian	a		ấn Độ
indicate	v	'indikeit	chỉ, cho biết
indication	n	,indi'keiʃn	sự chỉ, số chỉ
indicative	a	in'dikətiv	chỉ
indicator	n	'indikeitə	người chỉ
indict	v	in'dait	truy tố, buộc tội
indictment	n	in'daitmənt	sự truy tố, sự buộc tội
indies	n		ấn Độ và những vùng lân cận
indifference	n	in'difrəns	sự lânh đạm, sự thờ ơ
indifferent	a	in'difrənt	lânh đạm, thờ ơ
indigenous	a	in'didʤinəs	bản xứ
indigent	a	'indidʤənt	nghèo khổ, bần cùng
indigestion	n	,indi'dʤestʃn	chứng khó tiêu
indignant	a	in'dignent	căm phẫn, phẫn nộ
indignation	n	,indig'neiʃn	sự căm phẫn, sự phẫn nộ
indignity	n	in'digniti	sự sỉ nhục, sự làm nhục
indigo	n	'indigou	cây chàm
indirect	a	,indi'rekt	gián tiếp
indirectly	d	,indi'rektli	gián tiếp
indiscreet	a	,indis'kri:t	vô ý, không thận trọng
indiscretion	n	,indis'kreʃn	hành động vô ý, hành động hớ hênh
indiscriminate	a	,indis'kriminit	không phân biệt, bừa bãi
indiscriminately	d		bừa bãi, ẩu
indispensable	a	,indis'pensəbl	rất cần thiết, không thể thiếu được
indisposed	a	,indis'pouzd	không thích, không muốn
indisputable	a	,indis'pju:təbl	không thể cãi, không thể bàn cãi
indistinct	a	,indis'tiɳkt	không rõ ràng, phảng phất
indistinctly	d		lờ mờ, mập mờ
indistinguishable	a	,indis'tiɳgwiʃəbl	không thể phân biệt được
individual	a	,indi'vidjuəl	riêng, riêng lẻ
individualism	n	,indi'vidjuəlizm	chủ nghĩa cá nhân
individuality	n	,indi,vidju'æliti	tính chất cá nhân
individually	d	'indi,vizi'biliti	cá nhân, cá thể
indivisible	a	,indi'vizəbl	không thể chia được
indoctrination	n	in,dɔktri'neiʃn	sự truyền bá, sự truyền thụ
indomitable	a	in'dɔmitəbl	bất khuất, không thể khuất phục được
indonesian	a	,indou'ni:zjən	In-ddô-nê-xi-a
indoor	a	'indɔ:	trong nhà
indoors	d	'indɔ:z	ở trong nhà
induce	v	in'dju:s	xui, xui khiến
induced	n		cảm sinh, cảm ứng
induction	n	in'dʌkʃn	sự làm lễ nhậm chức
indulge	v	in'dju:	nuông chiều, chiều theo
indulgence	n	in'dʌldʤəns	sự nuông chiều, sự chiều theo
indulgent	a	in'dʌldʤənt	hay nuông chiều, hay chiều theo
industrial	a	in'dʌstriəl	công nghiệp
industrialist	n	in'dʌstriəlist	nhà tư bản công nghiệp
industrious	a	in'dʌstriəs	cần cù, siêng năng
industry	n	'indəstri	công nghiệp
inebriated	a		say sưa như uống rượu
inedible	a	in'edibl	không ăn được
ineffective	a	,ini'fektiv	không có hiệu quả
ineffectual	a	,ini'fektjuəl	không đem lại kết quả mong nuốn, không đ
inefficiency	n	,ini'fiʃənsi	sự thiếu khả năng, sự không có khả năng
inefficient	a	,ini'fiʃənt	thiếu khả năng, không có khả năng
inept	a	i'nept	lạc lõng
inequality	n	,ini:'kwɔliti	sự không bằng nhau, sự không bình đẳng
inert	a	i'nə:t	, trơ
inertia	n	i'nə:ʃjə	tính ì, quán tính
inertial	a	i'nə:ʃjəl	ì, quán tính
inescapable	a	,inis'keipəbl	không thể thoát được, không tránh được
inevitability	n	in,evitə'biliti/ (inevitableness) /in'evitəblnis	tính không thể tránh được, tính chắc chắ
inevitable	a	in'evitəbl	không thể tránh được, chắc chắn xảy ra &
inevitably	d		chắc hẳn, chắc chắn
inexcusable	a	,iniks'kju:təbl	không thể thứ được, không thể bào chữa đ
inexhaustible	a	,inig'zɔ:stəbl	không bao giờ hết được, vô tận
inexorable	a	in'eksərəbl	không lay chuyển được, không động tâm
inexorably	d		không lay chuyển được, không động tâm
inexpensive	a	,iniks'pensiv	không đắt, rẻ
inexperience	n	,iniks'piəriəns	sự thiếu kinh nghiệm
inexperienced	a	,iniks'piəriənst	thiếu kinh nghiệm
inexplicable	a	in'eksplikəbl	không thể giải nghĩa được, không thể giả
inexplicably	d		không giải thích được, không cắt nghĩa đ
inextricably	d		không thể gỡ ra, gắn bó chặt chẽ
infallible	a	in'fæləbl	không thể sai lầm được, không thể sai đư
infamous	a	'infəməs	ô nhục, bỉ ổi
infamy	n	'infəmi	infamousness
infancy	n	'infənsi	tuổi còn ãm ngửa, tuổi thơ ấu
infant	n	'infənt	đứa bé còn ãm ngửa, đứa bé
infantile	a	'infəntail/ (infantine) /'infəntain	trẻ con
infantry	n	'infəntri	bộ binh
infarction	n		như infarct
infatuated	a	in'fætjueitid	cuồng dại
infatuation	n	in,fætju'eiʃn	sự làm cuồng dại
infect	v	in'fekt	nhiễm, làm nhiễm độc
infection	n	in'fekʃn	sự nhiễm, sự làm nhiễm độc
infectious	a	in'fekʃəs/ (infective) /in'fektiv	lây, nhiễm
infer	v	in'fə:	suy ra, luận ra
inference	n	'infərəns	sự suy ra, sự luận ra
inferior	a	in'fiəriə	dưới
inferiority	n	in,fiəri'ɔriti	vị trí ở dưới
infernal	a	in'fə:nl	địa ngục, ở địa ngục
inferno	n	in'fə:nou	địa ngục
infertile	a	in'fə:tail	không màu mỡ, cằn cỗi
infertility	n	,infə:'tiliti	tính không màu mỡ, sự cằn cỗi
infestation	n	,infes'teiʃn	sự tràn vào quấy phá, sự tràn vào phá ho
infidel	a	'infidəl	không theo đạo
infidelity	n	'infidəliti	sự không trung thành, sự bội tín
infield	n	'infi:ld	đất trồng trọt gần nhà, đất trồng trọt
infiltrate	v	'infiltreit	rỉ qua
infiltration	n	,infil'treiʃn	sự rỉ qua, vật rỉ qua
infinite	a	'infinit	không bờ bến, vô tận
infinitely	d		vô vàn, vô cùng
infinity	n	in'finiti	infinitude
infirm	a	in'fə:m	yếu đuối, ốm yếu
infirmary	n	in'fə:məri	bệnh xá, bệnh viện
inflame	v	in'fleim	đốt, châm lửa vào
inflamed	a		đỏ tấy và đau, viêm
inflammation	n	,inflə'meiʃn	sự đốt cháy, sự bốc cháy
inflammatory	a	in'flæmətəri	có tính chất khích động, nhằm khích động
inflatable	a	in'fleitəbl	có thể phồng, có thể thổi phồng
inflate	v	in'fleit	thổi phồng, phồng
inflated	a	in'fleitid	phồng lên, được thổi phồng
inflation	n	in'fleiʃn	sự phồng, sự thổi phồng
inflexible	a	in'fleksəbl	không uốn được, không bẻ cong được
inflict	v	in'flikt	nện, giáng
influence	n	'influəns	ảnh hưởng, tác dụng
influential	a	,influ'enʃəl	có ảnh hưởng, có tác dụng
influenza	n	,influ'enzə	bệnh cúm
influx	n	'inflʌks	sự chảy vào, sự tràn vào
info	n		thông tin không chính xác của informal i
inform	v	in'fɔ:m	báo tin cho, cho biết
informal	a	in'fɔ:ml	không theo thủ tục quy định, không chính
informally	d		thân mật, thân tình
informant	n	in'fɔ:mənt	người cung cấp tin tức
information	n	,infə'meinʃn	sự cung cấp tin tức, sự thông tin
informative	a	in'fɔ:mətiv	cung cấp nhiều tin tức, có nhiều tài liệ
informed	a	in'fɔ:md	có nhiều tin tức, nắm được tình hình
informer	n	in'fɔ:mə	chỉ điểm, mật thám
infraction	n	in'frækʃn	sự vi phạm
infrared	a		hồng ngoại
infrastructure	n	'infrə,strʌktʃə	cơ sở hạ tầng
infringement	n	in'frindʤmənt	sự vi phạm, sự xâm phạm
infuriating	a		làm điên tiết, chọc điên tiết
infuse	v	in'fju:z	rót, đổ
infuser	n	in'fju:zə	cái để pha
infusion	n	in'fju:ʤn	sự pha, chất để pha
ingenious	a	in'dʤi:njəs	khéo léo
ingenuity	n	,indʤi'nju:iti	tài khéo léo, tính chất khéo léo ingenio
ingest	v	in'dʤest	ăn vào bụng
ingestion	n	in'dʤestʃn	sự ăn vào bụng
ingrained	a	'in'greind	ăn sâu, thâm căn cố đế
ingrate	a	in'greit	vô ơn bạc nghĩa
ingratitude	n	in'grætitju:d	sự vô ơn bạc nghĩa, sự bội ơn
ingredient	n	in'gri:djənt	phần hợp thành, thành phần
inhabit	v	in'hæbit	ở, sống ở & )
inhabitant	n	in'hæbitənt	người ở, người cư trú
inhabited	a	in'hæbitid	có người ở
inhalation	n	,inhə'leiʃn	sự hít vào
inhale	v	in'heil	hít vào
inhaler	n	in'heilə	máy hô hấp, cái để xông
inherent	a	in'hiərənt	vốn có, cố hữu
inherently	d		vốn đã
inherit	v	in'herit	hưởng, thừa hưởng
inheritance	n	in'heritəns	sự thừa kế
inherited	n		được thừa hưởng, được kế tục
inhibit	v	in'hibit	ngăn chặn, hạn chế
inhibited	a		gượng gạo, rụt rè
inhibition	n	,inhi'biʃn	sự ngăn chặn, sự hạn chế
inhibitor	n	in'hibitə	chất ức chế
inhospitable	a	in'hɔspitəbl	không mến khách
inhuman	a	in'hju:mən	không nhân đạo, tàn bạo
inhumane	a	,inhju:'mein	không có lòng thương người, độc ác
inhumanity	n	,inhju:'mæniti	tính không nhân đạo, tính tàn bạo
iniquity	n	i'nikwiti	iniquitousness
initial	a	i'niʃəl	ban đầu, đầu
initially	d	i'niʃəli	vào lúc đầu, ban đầu
initiate	n	i'niʃiit	người đã được vỡ lòng, người đã được kha
initiation	n	i,niʃi'eiʃn	sự bắt đầu, sự khởi đầu
initiative	a	i'niʃiətiv	bắt đầu, khởi đầu
inject	v	in'dʤekt	tiêm, tiêm thuốc
injection	n	in'dʤekʃn	sự tiêm
Injections	n		Sự tiền.
injector	n	in'dʤektə	người tiêm
injun	n	'indʤən	, người da đỏ
injunction	n	in'dʤʌɳkʃn	lệnh huấn thị
injure	v	'indʤə	làm tổn thương, làm hại
injured	a	'indʤəd	bị tổn thương, bị làm hại
injurious	a	in'dʤuəriəs	có hại, làm hại
injury	n	'indʤəri	sự làm hại, sự làm tổn hại
injustice	n	in'dʤʌstis	sự bất công
ink	n	iɳk	mực
inkling	n	'iɳkliɳ	lời gợi ý xa xôi
inky	a	'iɳki	đen như mực
inland	n	'inlənd	vùng nội địa, vùng ở sâu trong nước
inlet	n	'inlet	vịnh nhỏ, lạch
inmate	n	'immeit	người ở cùng
inn	n	in	quán trọ, khách sạn nhỏ
innards	n	'inədz	bộ lòng
innate	a	'i'neit	bẩm sinh
inner	a	'inə	ở trong nước, nội bộ
innermost	a	'inəmoust/ (inmost) /'inmoust	ở tận trong cùng
inning	n	'iniɳ	lượt chơi của một phía, lượt chơi của mộ
innings	n	'iniɳz	lượt chơi của một phía, lượt chơi của mộ
innit	n		isn't it - dùng ở cuối một đoạn phát biể
innkeeper	n	'in,ki:pə/ (innholder) /'in,houldə	chủ quán trọ, chủ khách sạn nhỏ
innocence	n	'inəsns/ (innocency) /'inəsnsi	tính vô tội, tính không có tội
innocent	a	'inəsnt	vô tội, không có tội
innocently	d		ngây thơ, vô tội
innocuous	a	i'nɔkjuəs	không độc, không có hại
innovate	v	'inouveit	đưa vào những cái mới
innovation	n	,inou'veiʃn	sự đưa vào những cái mới
Innovations	n		Phát kiến, sáng kiến
innovative	a	'inouveitəri/ (innovative) /'inouveitiv	có tính chất đổi mới, có tính chất là mộ
innovator	n	'inouveitə	người đưa vào những cái mới, người có sá
innuendo	n	,inju:'endou	lời ám chi, lời nói bóng nói gió
innumerable	a	i'nju:mərəbl/ (innumerous) /i'nju:mərəs	không đếm được, vô số
inoculation	n	i,nɔkju'leiʃn	sự chủng, sự tiêm chủng
inoperable	a	in'ɔpərəbl	không mổ được
inopportune	a	in'ɔpətju:n	không thích hợp, không đúng lúc
inorganic	a	,inɔ:'gænik	vô cơ
input	n	'input	cái cho vào
inquest	n	'inkwest	cuộc điều tra chính thức, cuộc thẩm tra
inquire	v	in'kwaiə/ (enquire) /in'kwaiə	+ into) điều tra, thẩm tra
inquiring	a	in'kwaiəriɳ	điều tra, thẩm tra
inquiry	n	in'kwaiəri	sự điều tra, sự thẩm tra
inquisition	n	,inkwi'ziʃn	sự điều tra, sự thẩm tra chính thức
inquisitive	a	in'kwizitiv	tò mò, hay dò hỏi
inquisitor	n	in'kwizitə/ (inquisitionist) /,inkwi'ziʃənist	người điều tra, người thẩm tra
insane	a	in'seinnis	điên, điên cuồng
insanely	d		điên cuồng, điên rồ
insanity	n	in'sæniti	tính trạng điên, tình trạng mất trí
insatiable	a	in'seiʃjəbl	không thể thoả mân được, tham lam vô độ
inscription	n	in'skripʃn	câu viết, câu khắc
inscrutable	a	in'skru:təbl	khó nhìn thấu được
insect	n	'insekt	sâu bọ, côn trùng
insecticide	n	in'sektisaid	thuốc trừ sâu
insecure	a	,insi'kjuə	không an toàn
insecurity	n	,insi'kjuəriti	tính không an toàn
insemination	n	in,semi'neiʃn	sự gieo hạt giống
insensitive	a	in'sensitiv	không có cảm giác, không nhạy cảm
inseparable	a	in'sepərəbl	không thể tách rời được, không thể chia
insert	n	'insə:t	vật lồng vào, vật gài vào
insertion	n	in'sə:ʃn	sự lồng vào, sự gài vào
inside	n	'in'said	mặt trong, phía trong
insider	n	'in'saidə	người ở trong
insidious	a	in'sidiəs	quỷ quyệt, xảo quyệt
insight	n	'insait	sự nhìn thấu được bên trong sự vật, sự h
insightful	a	'insaitful	sâu sắc, sáng suốt
insignia	n	in'signiə	huy hiệu, huy chương
insignificant	a	,insig'nifikənt	không quan trọng, tầm thường
insincere	a	,insin'siə	không thành thực, không chân tình
insinuate	v	in'sinjueit	nói bóng gió, nói ám chỉ
insinuating	a	in'sinjueitiɳ	bóng gió, ám chỉ
insinuation	n	in,sinju'eiʃn	sự nói bóng gió, sự nói ám chỉ
insipid	a	in'sipid	vô vị, nhạt phèo
insist	v	in'sist	cứ nhất định, khăng khăng đòi
insistence	n	in'sistəns	sự cứ nhất định, sự khăng khăng đòi
insistent	a	in'sistənt	cứ nhất định, khăng khăng
insolence	n	'insələns	sự xấc láo, sự láo xược
insolent	a	'insələnt	xấc láo, láo xược
insomnia	n	in'sɔmniə	chứng mất ngủ
insomniac	a	in'sɔmniæk	bị chứng mất ngủ
inspect	v	in'spekt	xem xét kỹ, kiểm tra
inspection	n	in'spekʃn	sự xem xét kỹ, sự kiểm tra
inspector	n	in'spektə	người thanh tra
inspiration	n	,inspə'reiʃn	sự hít vào, sự thở vào
inspirational	a	,inspə'reiʃənl	sự cảm hứng, do cảm hứng
inspire	v	in'spaiə	truyền, truyền cảm hứng cho
inspired	a	in'spaiəd	đầy cảm hứng
inspiring	a	in'spaiəriɳ/ (inspirative) /in'spiərətiv	truyền cảm hứng, truyền cảm
instability	n	,instə'biliti	tính không ổn định, tính không kiên định
install	v	in'stɔ:l/ (install) /in'stɔ:l	đặt, đặt vào
installation	n	,instə'leiʃn	sự đặt, sự đặt vào
installment	n	in'stɔ:lmənt/ (installment) /in'stɔ:lmənt	phần trả mỗi lần, phần cung cấp mỗi lần
instalment	n	in'stɔ:lmənt/ (installment) /in'stɔ:lmənt	phần trả mỗi lần, phần cung cấp mỗi lần
instance	n	'instəns	thí dụ, ví dụ
instant	n	'instənt	lúc, chốc lát
instantaneous	a	,instən'teinjəs	xảy ra ngay lập tức, tức thời
instantaneously	d	,instən'teinjəsli	ngay lập tức, tức thời
instantly	c	'instəntli	ngay khi
instead	d	in'sted	để thay vào, để thế cho
instigate	v	'instigeit	xúi giục, xúi bẩy
instigator	n	'instigeitə/ (instigant) /'instigənt	kẻ xúi giục, kẻ xúi bẩy
instill	v	in'stil/ (instill) /in'stil	truyền dẫn cho, làm cho thấm nhuần dần
instinct	n	in'stiɳkt	bản năng
instinctive	a	in'stiɳktiv/ (instinctual) /in'stiɳktjuəl	thuộc bản năng, do bản năng
instinctively	d		theo bản năng, do bản năng
institute	n	'institju:t	viện, học viện
institution	n	,insti'tju:ʃn	sự thành lập, sự lập
institutional	a	,insti'tju:ʃənl	cơ quan, có tính chất là cơ quan
instruct	v	in'strʌkt	chỉ dẫn, chỉ thị cho
instruction	n	in'strʌkʃn	sự dạy
instructive	a	in'strʌktiv	để dạy, để làm bài học
instructor	n	in'strʌktə	người dạy, thầy giáo
instrument	n	'instrumənt	dụng cụ & )
instrumental	a	,instru'mentl	dùng làm dụng cụ, dùng làm công cụ
instrumentation	n	,instrumen'teiʃn	sự phối dàn nhạc
Instruments	n		Các công cụ.
insubordinate	a	,insə'bɔ:dnit	không chịu phục tùng, không chịu vâng lờ
insubordination	n	'insə,bɔ:di'neiʃn	sự không chịu phục tùng, sự không chịu v
insufferable	a	in'sʌfərəbl	không thể chịu đựng, không thể chịu đựng
insufficient	a	,insə'fiʃənt	không đủ, thiếu
insulate	v	'insjuleit	cô lập, cách ly
insulated	a		được cách điện
insulation	n	,insju'leiʃn	sự cô lập, sự cách ly
insulin	n	'insjulin	Isulin
insult	n	'insʌlt	lời lăng mạ, lời sỉ nhục
insulting	a	in'sʌltiɳ	lăng mạ, làm nhục
insurance	n	in'ʃuərəns	sự bảo hiểm
insure	v	in'ʃuə	bảo hiểm
insured	n	in'ʃuəd	người được bảo hiểm
insurgency	n	in'sə:dʤensi	tình trạng nổi dậy, tình trạng nổi loạn
insurgent	a	in'sə:dʤənt	nổi dậy, khởi nghĩa
insurmountable	a	,insə:'mauntəbl	không vượt qua được
insurrection	n	,insə'rekʃn	sự nổi dậy, sự khởi nghĩa
intact	a	in'tækt	không bị đụng chạm đến, không bị sứt mẻ
intake	n	'inteik	điểm lấy nước vào
intangible	a	in'tændʤəbl	không thể sờ thấy được
integral	n	'intigrəl	tích phân
integrate	v	'intigreit	hợp thành một thể thống nhất, bổ sung th
integrated	n		được lấy tích phân, được hợp nhất lại
integration	n	,inti'greiʃn	sự hợp lại thành một hệ thống thống nhất
integrity	n	in'tegriti	tính chính trực, tính liêm chính
intel	n		Tên hãng sản xuất linmh kiện điện tử Mỹ
intellect	n	'intilekt	khả năng hiểu biết, khả năng lập luận
intellectual	a	,inti'lektjuəl	trí óc, vận dụng trí óc
intellectually	d		về mặt trí tuệ, trí thức
intelligence	n	in'telidʤəns	sự hiểu biết
intelligent	a	in'telidʤənt	thông minh, sáng dạ
intelligently	d		sáng dạ, thông minh
intend	v	in'tend	định, có ý định
intendant	n	in'tendənt	quản đốc
intended	a	in'tendid	có định ý, có dụng ý
intending	a		tương lai
intense	a	in'tens	mạnh, có cường độ lớn
intensely	d		mãnh liệt, dữ dội
intensify	v	in'tensifai	làm tăng cao lên, tăng cường
intensity	n	in'tensiti	độ mạnh, cường độ
intensive	a	in'tensiv	mạnh, có cường độ lớn
intent	n	in'tent	ý định, mục đích
intention	n	in'tenʃn	ý định, mục đích
intentional	a	in'tenʃənl	có ý định trước, được định trước
intentionally	d		cố ý, cố tình
intently	d		chăm chú, chú ý
inter	v	in'tə:	chôn, chôn cất
interact	v	,intər'ækt	ảnh hưởng lẫn nhau, tác động qua lại
interaction	n	,intər'ækʃn	sự ảnh hưởng lẫn nhau
interactive	a	,intər'æktiv	ảnh hưởng lẫn nhau, tác động qua lại
intercede	v	,intə'si:d	can thiệp, giúp ai
intercept	n	'intəsept	phần bị chắn
interception	n	,intə'sepʃn	sự chắn, sự chặn
interceptor	n	,intə'septə/ (intercepter) /,intə'septə	người chặn, cái chắn
interchange	n	'intə'tʃeindʤ	sự trao đổi lẫn nhau, sự thay thế lẫn nh
interchangeable	a	,intə'tʃeindʤəbl	có thể thay cho nhau
intercom	n	'intəkɔm	hệ thống liên lạc giữa hai bộ phận
interconnected	a	'intəkə'nektid	nối liền với nhau, liên kết
intercontinental	a	'intə,kɔnti'nentl	các đại châu, giữa các đại châu
intercourse	n	'intəkɔ:s	sự giao thiệp, sự giao dịch
interest	n	'intrist	sự quan tâm, sự chú ý
interested	a	'intristid	có quan tâm, thích thú
interesting	a	'intristiɳ	làm quan tâm, làm chú ý
interestingly	d		thú vị, hấp dẫn
interface	n	'intəfeis	bề mặt chung, mặt phân giới
interfere	v	,intə'fiə	gây trở ngại, quấy rầy
interference	n	,intə'fiərəns	sự gây trở ngại, sự quấy rầy
interfering	a		hay quấy rầy, hay gây phiền phức
intergalactic	a		ở giữa những thiên hà
interim	a	'intərim	quá độ
interior	a	in'tiəriə	ở trong, ở phía trong
interject	v	,intə'dʤekt	bỗng xen vào
interlock	n	'intəlɔk	sự cài vào nhau
interloper	n	,intə'loupə	người xâm phạm quyền lợi người khác
interlude	n	'intətu:d	tiết mục chuyển tiếp
intermediary	a	,intə'mi:djəri	ở giữa
intermediate	a	,intə'mi:djət	ở giữa
interminable	a	,intə'miɳgl	không cùng, vô tận
intermission	n	,intə'miʃn	sự ngừng, thời gian ngừng
intermittent	a	,intə'mitənt	thỉnh thoảng lại ngừng, lúc có lúc không
intern	n	in'tə:n	interne
internal	a	in'tə:nl	ở trong, nội bộ
internally	d		bên trong, nội tại
international	a	,intə'næʃənl	quốc tế
internationally	d		trên bình diện quốc tế
internet	n		Một hệ thống các mạng máy tính được liên
internment	n	in'tə:nmənt	sự giam giữ, sự bị giam giữ
internship	n	in'tə:nʃip	cương vị học sinh nội trú, chức vị bác s
interpersonal	a	,intə'pə:snl	giữa cá nhân với nhau
interplanetary	a	,intə'plænitəri	giữa các hành tinh, giữa hành tinh và mặ
interpol	n	,intə:poul	của International Police tổ chức cảnh sá
interpret	v	in'tə:prit	giải thích, làm sáng tỏ
interpretation	n	in,tə:pri'teiʃn	sự giải thích, sự làm sáng tỏ
interpreter	n	in'tə:pritə	người giải thích, người làm sáng tỏ
interpreting	n		công việc phiên dịch
interracial	a	,intə'reiʃəl	giữa các chủng tộc
interrogate	v	in'terəgeit	hỏi dò, thẩm vấn
interrogation	n	in,terə'geiʃn	sự hỏi dò, sự thẩm vấn
interrogator	n	in'terəgeitə	người hỏi dò
interrupt	v	,intə'rʌpt	làm gián đoạn, làm đứt quãng
interruption	n	,intə'rʌpʃn	sự gián đoạn, sự bị gián đoạn
intersect	v	,intə'sekt	cắt ngang nhau, chéo nhau
intersection	n	,intə'sekʃn	sự giao nhau, sự cắt ngang
interstate	a	'intəsteit	giữa các nước
interstellar	a	'intə'stelə	giữa các sao
interval	n	'intəvəl	khoảng, khoảng cách
intervene	v	,intə'vi:n	xen vào, can thiệp
intervention	n	,intə'venʃn	sự xen vào, sự can thiệp
interview	n	'intəvju:	sự gặp gỡ, sự gặp mặt
interviewer	n	,intəvju:ə	người gặp riêng
intestinal	a	in'testinl	ruột, giống ruột
intestine	n	in'testin	ruột
intimacy	n	'intiməsi	sự quen thân, sự thân mật
intimate	a	'intimit	thân mật, mật thiết
intimately	d	'intimitli	thân mật, mật thiết
intimidate	v	in'timideit	hăm doạ, đe doạ
intimidating	a		đáng kinh hãi, đáng sợ
intimidation	n	in,timi'deiʃn	sự hăm doạ, sự đe doạ
into	n	'intu, 'intə	vào, vào trong
intolerable	a	in'tɔlərəbl	không thể chịu đựng nổi
intolerance	n	in'tɔlərəns	tính không dung thứ, tính không khoan du
intolerant	a	in'tɔlərənt	không dung thứ, không khoan dung
intoxicated	a	in'tɔksikeitid	say
intoxicating	a	in'tɔksikeitiɳ	làm say
intoxication	n	in,tɔksi'keiʃn	sự say, tình trạng say
intracranial	a		trong sọ
intravenous	a	,intrə'vi:nəs	trong tĩnh mạch
intrepid	a	in'trepid	gan dạ, dũng cảm
intricate	a	'intrikit	rối beng
intrigue	n	in'tri:g	mưu đồ, sự vận động ngầm
intriguing	a	in'tri:giɳ	hấp dẫn, gợi thích thú
intrinsic	a	in'trinsik/ (intrinsical) /in'trinsikəl	bản chất, thực chất
intro	n		sự giới thiệu, sự tiến cử
introduce	v	,intrə'dju:s	giới thiệu
introduction	n	,intrə'dʌkʃn	sự giới thiệu, lời giới thiệu
introductory	a	,intrə'dʌktəri/ (introductive) /,intrə'dʌktiv	để giới thiệu
intrude	v	in'tru:d	ấn bừa, tống ấn
intruder	n	in'tru:də	người vào bừa, người không mời mà đến
intrusion	n	in'tru:ʤn	sự ấn bừa, sự tống ấn
intrusive	a	in'tru:siv	ấn bừa, tống bừa
intubate	v	'intjubeit	sự luồn ống vào
intubation	n	,intju'beiʃn	sự luồn ống vào
intuition	n	,intju:'iʃn	trực giác, sự hiểu biết qua trực giác
intuitive	a	in'tju:itiv	trực giác
invade	v	in'veid	xâm lược, xâm chiếm
invader	n	in'veidə	kẻ xâm lược, kẻ xâm chiếm
invalid	n	'invəli:d	người bệnh tật, người tàn tật
invaluable	a	in'væljuəbl	vô giá
invariably	d		luôn luôn vẫn vậy, lúc nào cũng vậy
invasion	n	in'veiʤn	sự xâm lược, sự xâm chiếm
invasive	a	in'veisiv	xâm lược, xâm chiếm
invent	v	in'vent	phát minh, sáng chế
invention	n	in'venʃn	sự phát minh, sự sáng chế
inventive	a	in'ventiv	có tài phát minh, có tài sáng chế
inventor	n	in'ventə	người phát minh, người sáng chế
inventory	n	in'ventri	sự kiểm kê, nằng kiểm kê
inverness	n	,invə'nes/ (invernesscape) /,invə'nes'keip	áo choàng
inverse	a	'in'və:s	ngược lại
inversion	n	'in'və:ʃn	sự lộn ngược, sự đảo ngược
inverted	n		bị nghịch đảo
invest	v	in'vest	đầu tư
investigate	v	in'vestigeit	điều tra nghiên cứu
investigation	n	in,vesti'geiʃn	sự điều tra nghiên cứu
investigative	a	in'vestigeitiv/ (investigatory) /in'vestigeitəri	điều tra nghiên cứu
investigator	n	in'vestigeitə	người điều tra nghiên cứu
investment	n	in'vestmənt	sự đầu tư, vốn đầu tư
investor	n	in'vestə	người đầu tư
invigorating	a	in'vigəreitiɳ	làm cường tráng, tiếp sinh lực
invincible	a	in'vinsəbl	vô địch, không thể bị đánh bại
invisibility	n	in,vizə'biliti/ (invisibleness) /in,vizəbl'iɳk	tính không thể trông thấy được, tính vô
invisible	a	in'vizəbl	không thể trông thấy được, tính vô hình
invitation	n	,invi'teiʃn	sự mời, lời mời
invite	v	in'vait	mời
inviting	a	in'vaitiɳ	mời mọc
invoice	n	'invɔis	danh đơn hàng gửi
invoke	v	in'vouk	cầu khẩn
involuntarily	d		không cố ý, không chủ tâm
involuntary	a	in'vɔləntəri	không cố ý, không chủ tâm
involve	v	in'vɔlv	gồm, bao hàm
involved	a	in'vɔlvd	rắc rối, phức tạp
involvement	n	in'vɔlvmənt	sự gồm, sự bao hàm
invulnerable	a		không thể bị thương được
inward	a	'inwəd	hướng vào trong, đi vào trong
inwards	a	'inwəd	hướng vào trong, đi vào trong
iodine	n	'aiədi:n	Iot
ion	n	'aiən	Ion
ionic	a	ai'ɔnik	ion
iota	n	ai'outə	lượng rất bé, tí ti
iou	n	'aiou'ju:	của I owe you, văn tự
iq	n		hệ số thông minh )
ira	n		Quân đội Cộng hoà Ailen, Quân đội Cộng h
iranian	a	ai'reinjən	I-ran
iraqi	a	i'rɑ:ki/ (Iraqi) /i'rɑ:ki	I-rắc
irate	a	ai'reit	nổi giận, giận dữ
ire	n	'aiə	sự nổi giận, sự giận dữ
iridium	n	ai'ridiəm	Iriddi
iris	n	'aiəris	mống mắt, tròng đen
irish	a	'aiəriʃ	Ai-len
irishman	n	'aiəriʃmən	người Ai-len
iron	n	'aiən	sắt
ironclad	a	'iaənklæd	bọc sắt
ironic	a	ai'rɔnik/ (ironical) /ai'rɔnikəl	mỉa, mỉa mai
ironically	d		mỉa mai, trớ trêu
ironing	n	'aiəniɳ	sự là
irony	a	'aiəni	giống thép, giống gang
irrational	a	i'ræʃənl	không hợp lý, phi lý
irrationally	d		vô lý, phi lý
irrefutable	a	i'refjutəbl	không thể bác được
irregular	a	i'regjulə	không đều
irregularity	n	i,regju'læriti	tính không đều, cái không đều
irrelevant	a	i'relivənt	không thích đáng, không thích hợp
irreparable	a	i'repərəbl	không thể đền bù lại được, không thể sửa
irreplaceable	a	,iri'pleisəbl	không thể thay thế được
irresistible	n	,iri'ziatəbl	không chống lại được, không thể cưỡng lạ
irrespective	a	,iris'pektiv	không kể, bất chấp
irresponsibility	n	'iris,pɔnsə'biliti/ (irresponsibleness) /,iris'pɔnsəblnis	sự thiếu tinh thần trách nhiệm
irresponsible	a	,iris'pɔnsəbl	thiếu tinh thần trách nhiệm
irreversible	a	,iri'və:səbl	không thể đảo ngược lại, không thể thay
irrevocable	a	i'revəkəbl	không thể bâi bỏ được, không thể huỷ bỏ
irrevocably	d		không thể hủy bỏ, không thể thay đổi
irrigate	v	'irigeit	tưới
irrigation	n	,iri'geiʃn	sự tưới, sự tưới cho tươi tốt
irritability	n	,iritə'biliti/ (irritableness) /,iritəblnis	tính dễ cáu, tính cáu kỉnh
irritable	a	'iritəbl	dễ cáu, cáu kỉnh
irritate	v	'iriteit	làm phát cáu, chọc tức
irritated	a	'iriteitid	tức tối, cáu
irritating	a	'iriteitiɳ	làm phát cáu, chọc tức
irritation	n	,iri'teiʃn	sự làm phát cáu, sự chọc tức
ishmael	n	'iʃmeiəl	người bị xã hội ruồng bỏ
islam	n	'izlɑ:m	đạo Hồi
islamic	a	iz'læmik	đạo Hồi
island	n	'ailənd	hòn đảo
isle	n	ail	hòn đảo nhỏ
iso	n		Tổ chức tiêu chuẩn quốc tế
isolate	v	'aisəleit	cô lập
isolated	a	'aisəleitid	cô lập
isolating	a		đơn lập
isolation	n	,aisə'leiʃn	sự cô lập
isotope	n	'aisoutoup	chất đồng vị
israel	n	'izreiəl	nhân dân Do thái
israeli	a	iz'reili	Do thái
issue	n	'isju:	sự phát ra, sự phát hành
it	n	it	cái đó, điều đó
ita	d	'itə	cũng như vậy
italian	a	i'tæljən	Y
itch	n	itʃ	sự ngứa, bệnh ngứa
itching	n	'itʃiɳ	itch
itchy	a	'itʃi	ngứa, làm ngứa
item	n	'aitem	khoản, món
itinerant	a	ai'tinərənt	đi hết nơi này đến nơi khác, lưu động
itinerary	n	ai'tinərəri	hành trình, con đường đi
ITO	n		Tổ chức thương mại Quốc tế.
its	a	its	của cái đó, của điều đó
itself	n	it'self	bản thân cái đó, bản thân điều đó
itt	n		Công ty điện thoại và điện tín quốc tế
itv	n		Đài truyền hình độc lập
ivan	n	'aivən	anh lính I-van, người Liên xô
ivory	n	'aivəri	ngà
ivy	n	'aivi	dây thường xuân
j	n	dzei	j
jab	n	dʤæb	nhát đâm mạnh, cái thọc mạnh
jabber	n	'dʤæbə	lời nói lúng búng
jack	n	dʤæk	quả mít
jackal	n	'dʤækɔ:l	chó rừng
jackass	n	'dʤækæs	con lừa đực
jacket	n	'dʤækit	áo vét tông, áo vét
jackhammer	n	'dɔæk,hæmə	búa chèn, búa khoan
jackpot	n	'dʤækpɔt	số tiền góp
jackrabbit	n		loại thỏ lớn
jacobite	n		người ủng hộ Giêm II
jacuzzi	n		sự tắm ở nơi có mạch nước ngầm phụt lên
jade	n	dʤeid	ngọc bích
jaded	a	dʤeid	mệt mỏi, mệt rã rời
jaeger	n	'jeigə	vải len jêgơ
jaffa	n		viết hoa loại cam lớn mọc ở Ixraen
jag	n	dʤæg	bữa rượu, bữa chè chén
jagged	a	'dʤægid	, say bí tỉ
jagger	n		xem jag
jaggery	n	'gʤægəri	đường thốt nốt
jaguar	n	'ʤægjuə	báo đốm Mỹ
jail	n	dʤeil	goal
jailbird	n		Cách viết khác : gaolbird
jailbreak	n		sự vượt ngục, sự trốn tù
jain	n		cũng jaina
jake	a		) thoả đáng, được
jakes	n		nhà vệ sinh, nhà xí
jalopy	n	dʤə'lɔpi/ (jaloppy) /dʤə'lɔpi	xe ô tô cọc cạch, máy bay ọp ẹp
jam	n	dʤæm	mứt
jamboree	n	,dʤæmbə'ri:	buổi chè chén, buổi liên hoan
james	n		thánh James-môn đồ và là người anh em củ
jammer	n	'dʤæmə	đài làm nhiễu âm
jammy	a		có phết mứt
jan	n		tháng giêng
jane	n		) đàn bà, phụ nữ
jangle	n	'dʤæɳgl	tiếng kêu chói tai, tiếng om sòm
janitor	n	'dʤænitə	người gác cổng
janitorial	n		xem janitor
january	n	'dʤænjuəri	tháng giêng
japan	n	dʤə'pæn	sơn mài Nhật, đồ sơn mài Nhật
japanese	a	,dʤæpə'ni:z	Nhật bản
jar	n	dʤɑ:	vại, lọ
jargon	n	'dʤɑ:gən	tiếng nói khó hiểu, tiếng nói líu nhíu k
jarl	n		nhà quý tộc Xcandinavi trung cổ địa vị x
jarring	a	'dʤɑ:riɳ	chói tai, nghịch tai
jasmin	n	'dʤæsmin/ (jasmine) /'dʤæsmin/ (jessamine) /'dʤesəmin	cây hoa nhài
jasmine	n		cây hoa nhài jessamine
jasper	n	'dʤæspə	ngọc thạch anh, jatpe
jaundice	n	'dʤɔ:ndis	bệnh vàng da
jaunt	n	dʤɔ:nt	cuộc đi chơi
jaunty	a	'dʤɔ:nti	vui nhộn, vui vẻ
javelin	n	'dʤævlin	cái lao
jaw	n	dʤɔ:	hàm, quai hàm
jay	n	dʤei	chim giẻ cùi
jazz	n	dʤæz	nhạc ja
jazzy	n	dʤæz	nhạc ja
jealous	a	'dʤeləs	ghen tị, ghen ghét
jealously	d		ganh tị, đố kỵ
jealousy	n	'dʤeləsi	lòng ghen tị, lòng ghen ghét
jean	n	dʤein	vải chéo go
jeans	n		quần bằng vải bông dày, mặc khi không cầ
jeep	n	dʤi:p	xe jíp
jeering	n		sự chế giễu, sự nhạo báng
jeeves	n		đầy tớ trung thành, người thân tín
jehovah	n	dʤi'houvə	Giê-hô-va
jelly	n	'dʤeli/ (jell) /dʤel	thịt nấu đông, nước quả nấu đông
jenny	n	'dʤeni	xe cần trục
jeopardise	v	'dʤepədaiz/ (jeopardize) /'dʤepədaiz	nguy hại, gây nguy hiểm
jeopardize	v	'dʤepədaiz/ (jeopardize) /'dʤepədaiz	nguy hại, gây nguy hiểm
jeopardy	n	'dʤepədi	nguy cơ, cảnh nguy hiểm
jeremiah	n	,dʤeri'maiə	nhà tiên đoán yếm thế
jerk	n	dʤə:k	cái giật mạnh thình lình, cái xốc mạnh t
jerky	a	'dʤə:ki	giật giật, trục trặc
jerry	n	'dʤeri	cái bô
jersey	n	'dʤə:zi	áo nịt len
jess	n	dʤes	dây buộc chân
jest	n	dʤest	lời chế nhạo, lời chế giễu
jester	n	'dʤestə	người hay nói đùa, người hay pha trò
jesuit	n	'dʤezjuit	thầy tu dòng Tên
jesus	n		Đức Chúa Giêxu
jet	a	dʤet	bằng huyền
jettison	n	'dʤetisn	sự vứt hàng xuống biển cho nhẹ tàu
jetty	n	'dʤeti	để chắn sóng
jew	n	dʤu:	người Do thái
jewel	n	'dʤu:əl	ngọc đá quý
jeweller	n	'dʤu:ələ	người làm đồ nữ trang, thợ kim hoàn
jewellery	n	'dʤu:əlri/ (jewelry) /'dʤu:əlri	đồ châu báu, đồ nữ trang
jewelry	n	'dʤu:əlri/ (jewelry) /'dʤu:əlri	đồ châu báu, đồ nữ trang
jewess	n	'dʤu:is	người đàn bà Do thái
jewish	a	'dʤu:iʃ	người Do thái
jezebel	n	'dʤezəbl	người đàn bà phóng đâng hư hỏng, người đ
jib	n	dʤib	lá buồm tam giác
jiff	n	'dʤif/ (jiffy) /'dʤifi	chốc lát, thoáng nháy mắt
jiffy	n	'dʤif/ (jiffy) /'dʤifi	chốc lát, thoáng nháy mắt
jig	n	dʤig	điệu nhảy jig
jigger	n	'dʤigə	người nhảy điệu jig
jiggle	n	'dʤigl	động tác đưa đẩy nhẹ, cái xóc xóc nhẹ
jiggly	n		xem jiggle
jigsaw	n	'dʤigsɔ:	cưa xoi
jihad	n	dʤi'hɑ:d/ (jehad) /dʤi'hɑ:d	chiến tranh Hồi giáo
jill	n	dʤil	của Gillian
jimmy	n		xà beng, đòn bẩy
jin	n		như Chin
jingle	n	'dʤiɳgl	tiếng leng keng, tiếng xủng xoảng
jinx	n	dʤiɳks	người hâm tài, người đem lại điều rủi
jitterbug	n	'dʤitəbʌg	người thần kinh dễ bị kích thích, người
jitters	n	'dʤitəz	nỗi bồn chồn lo sợ, sự hốt hoảng kinh hã
jittery	a	'dʤitəri	dễ bị kích thích, bồn chồn lo sợ
jive	n	dʤaiv	nhạc ja
jo	n		người yêu, người tình
joanna	n		đàn pia-nô
job	n	dʤɔb	việc, việc làm
jobless	a	'dʤɔblis	không có việc làm, không có công ăn việc
jock	n	dʤɔk	lính Ê-cốt
jockey	n	'dʤɔki	người cưỡi ngựa đua, dô kề
jocko	n	'dʤɔkou	con tinh tinh
jockstrap	n	'dʤɔkstræp	khố đeo
joe	n	dʤou	not for joe! tớ thì thôi!, thôi đừng cho
joey	n	'dʤoui	con canguru con
jog	n	dʤɔg	cái lắc nhẹ, cái xóc nhẹ
jogger	n		người luyện tập thân thể bằng cách chạy
jogging	n		sự luyện tập thân thể bằng cách chạy bộ
johannes	n		đồng tiền vàng Bồ đào nha thế kỷ 18 và 1
john	n		nhà vệ sinh
johnny	n	'dʤɔni	anh chàng, gã
join	v	dʤɔin	nối lại, chắp
joiner	n	'dʤɔinə	thợ làm đồ gỗ
joining	n		sự nối, chỗ nối
joint	n	dʤɔint	chỗ nối, mối nối
jointly	d	'dʤɔintli	cùng, cùng nhau
joke	n	dʤouk	lời nói đùa, câu nói đùa
joker	n	'dʤoukə	người thích thú đùa, người hay pha trò
jolly	a	'dʤɔli	vui vẻ, vui tươi
jolt	n	dʤoult	cái lắc bật ra, cái xóc nảy lên
jonah	n	'dʤounə	anh chàng số đen
jonathan	n	'dʤɔnəθən	táo jonathan
jordan	n	'dʤɔ:dn	ùi màng để đi đái đêm)
joseph	n	'dʤouzif	người đàn ông chay tịnh
josh	n	dʤɔʃ	lời nói đùa vui, lời bỡn cợt
joss	n	dʤɔs	thần
jostle	n	'dʤɔsl	sự xô đẩy, sự chen lấn
jot	n	dʤɔt	chút, tí tẹo
journal	n	'dʤə:nl	báo hằng ngày
journalism	n	'dʤə:nəlizm	nghề làm báo, nghề viết báo
journalist	n	'dʤə:nəlist	nhà báo
journalistic	a	,dʤə:nə'listik	báo chí, nghề nhà báo
journey	n	'dʤə:ni	cuộc hành trình
joust	n	dʤaust	cuộc cưỡi ngựa đấu thương
jove	n	dʤouv	thần Giu-pi-te
jovial	a	'dʤouvjəl	vui vẻ, vui tính
joy	n	dʤɔi	sự vui mừng, sự hân hoan
joyful	a	'dʤɔiful	vui mừng, hân hoan
joyfully	d		hân hoan, vui vẻ
joyous	a	'dʤɔiəs	vui mừng, vui sướng
joystick	n	'dʤɔistik	cần điều khiển
jp	n		thẩm phẩn hoà giải của toà sơ thẩm
jubilation	n	,dʤu:bi'leiʃn/ (jubilance) /'dʤu:biləns	sự vui sướng, sự mừng rỡ
jubilee	n	'dʤu:bili:	lễ kỷ niệm 50 năm
judaism	n	'dʤu:deiizm	đạo Do thái
judas	n	'dʤu:dəs	Giu-dda
judge	n	'dʤʌdʤ	quan toà, thẩm phán
judgement	n	'dʤʌdʤmənt/ (judgement) /'dʤʌdʤmənt	sự xét xử
judgment	n	'dʤʌdʤmənt/ (judgement) /'dʤʌdʤmənt	sự xét xử
judicial	a	dʤu:'diʃəl	toà án, quan toà
judiciary	a	dʤu:'diʃəlri	toà án, quan toà
judith	n		nữ anh hùng Do Thái
judo	n	'dʤu:dou	võ juddô
judy	n		viết hoa, cô gái
jug	n	dʤʌg	cái bình
juggernaut	n	'dʤʌgənɔ:t	Gia-ga-nát
juggle	n	'dʤʌgl	trò tung hứng, trò múa rối
juggler	n	'dʤʌglə	nghệ sĩ xiên tung hứng, nghệ sĩ múa rối
jugular	a	'dʤʌgjulə	cổ
juice	n	dʤu:s	nước ép
juicer	n	'dʤu:sə	cái ép lấy nước
juicy	a	'dʤu:si	có nhiều nước
juju	n		vật linh thiêng, bùa của dân tộc tây Châ
julian	a	'dʤu:ljən	juliêng, Giu-li-út Xê-za
julienne	n		loại xúp có rau thái dài
july	n	dʤu:'lai	tháng bảy
jumble	n	'dʤʌmbl	jumbal
jumbo	n	'dʤʌmbou	người to lớn chậm chạp, vật to lớn khó c
jump	n	dʤʌmp	sự nhảy, bước nhảy
jumper	n	'dʤʌmpə	người nhảy, thú nhảy
jumpy	a	'dʤʌmpi	hay giật mình, hay hốt hoảng bồn chồn
jun	n		tháng sáu
junction	n	'dʤʌɳkʃn	sự nối liền, sự gặp nhau
juncture	n	'dʤʌɳktʃə	sự nối liền
june	n	dʤu:n	tháng sáu
jungle	n	'ʤʌɳgl	rừng nhiệt đới
junior	a	'dʤu:njə	trẻ tuổi hơn, em
juniper	n	'dʤu:nipə	cây cối
junk	n	dʤʌɳk	ghe mành, thuyền mành
junket	n	'dʤʌɳkit	sữa đông
junkie	n		người nghiện xì ke ma túy
juno	n	'dʤu:nou	nữ thần Giu-nô
junta	n	'dʤʌntə	hội đồng tư vấn, uỷ ban hành chính
jupiter	n	'dʤu:pitə	thần Giu-pi-te
jurassic	a	dʤu'ræsik	kỷ jura
jurisdiction	n	,dʤuəris'dikʃn	quyền lực pháp lý, quyền xử xét
jurisdictional	a		xem jurisdiction
jurisprudence	n	'dʤuəris,pru:dəns	khoa luật pháp, luật học
juror	n	'dʤuərə	hội thẩm, bồi thẩm
jury	n	'dʤuəri	ban hội thẩm, ban bồi thẩm
just	a	dʤʌst	công bằng
justice	n	'dʤʌstis	sự công bằng
justifiable	a	'dʤʌstifaiəbl	có thể bào chữa được, có thể chứng minh
justification	n	,dʤʌstifi'keiʃn	sự bào chữa, sự biện hộ
justified	a		có lý do chính đáng để làm điều gì
justify	v	'dʤʌstifai	bào chữa, biện hộ
justly	n		xem just
jut	n	dʤʌt	phần lòi ra, phần nhô ra
juvenile	a	'dʤu:vinail	thanh thiếu niên, có tính chất thanh thi
k	n	kei	k
kabbalah	n	kə'bɑ:lə/ (kabbalah) /kə'bɑ:lə	phép thần thông, pháp thuật
kabuki	n		kịch kabuki,
kai	n		thức ăn
kaiser	n	'kaizə	hoàng đế
kaka	n	'kɑ:kə	vẹt caca
kale	n	keil/ (kail) /keil	cải xoăn
kaleidoscope	n	kə'laidəskoup	kính vạn hoa
kali	n	'kæli	cây muối
kamikaze	n		phi đội Thần phong của Nhật Bản thời Đệ
kana	n		chữ Kana
kangaroo	n	,kæɳgə'ru:	con canguru
kanji	n		chữ Kanji
kannada	n		tiếng Kannađa
kappa	n		chữ thứ 10 trong bảng chữ cái Hy Lạp
kaput	a	kʌ'put	bị tiêu rồi, bị khử rồi
karaoke	n		hệ thống thính thị đệm nhạc cho một bài
karat	n		carat đơn vị tính tuổi vàng
karate	n		môn võ caratê
karen	n		tộc Caren
karma	n	'kɑ:mə	nghiệp
karmic	n		xem karma
kat	n		cũng khat
kata	n		võ phương đông
kayak	n	'kaiæk/ (kaiak) /'kaiæk	xuồng caiac
kayo	n	'kei'ou	knock-out
kazoo	n		ống sáo cadu
kc	n		Luật sư thượng hạng ở Anh
kebab	n		thịt nướng
keck	v	kek	oẹ
keel	n	ki:k	sà lan than
keen	n	ki:n	bài hát tang
keener	n		xem keen
keenly	d		sắc sảo
keep	v	ki:p	giữ, giữ lại
keeper	n	'ki:pə	người giữ, người gác
keeping	n	'ki:piɳ	sự giữ, sự giữ gìn
keepsake	n	'ki:pseik	vật lưu niệm
keg	n	keg	thùng chứa
kelp	n	kelp	tảo bẹ
kelvin	n	'kelvin	Kilôoat giờ
kemp	n	kemp	lông len thô
ken	n	ken	phạm vi hiểu biết, tầm mắt
kendo	n		thuật đánh kiếm của người Nhật với gươm
kennel	n	'kenl	cống rãnh
keno	n		trò hơi giống như bingo
kent	n	ken	phạm vi hiểu biết, tầm mắt
kenyan	a		thuộc nước Kenya ở Đông châu phi
kept	v	ki:p	giữ, giữ lại
kerb	n	kə:b	lề đường
kerchief	n	'kə:tʃif	khăn vuông trùm đầu
kermit	n		Một giao thức truyền thống không đồng bộ
kern	n	kə:n/ (kerne) /kə:n	lính bộ Ai-len
kernel	n	'kə:nl	nhân
kerosene	n	'kerəsi:n	dầu lửa
kerry	n		loại bò sữa Island
kersey	n	'kə:zi	vải len thô kẻ sọc
ketchup	n	'ketʃəp	nước xốt cà chua nấm
kettle	n	'ketl	ấm đun nước
key	n	ki:	hòn đảo nhỏ
keyboard	n	'ki:bɔ:d	bàn phím, bàn chữ
keyed	a		có khoá
keyhole	n	'ki:houl	lỗ khoá
keynote	n	'ki:nout	âm chủ đạo
keystone	n	'ki:stoun	đá đỉnh vòm
keyword	n		từ khoá
kg	n		Hiệp sự dòng Gatơ
kgb	n		Ưy Ban An Ninh của Nhà nước Liên Xô trướ
khaki	a	'kɑ:ki	có màu kaki
khalifa	n	'kælipəz/ (calif) /'kælif/ (khalifa) /kɑ:'li:fə	vua Hồi, khalip
khan	n	kɑ:n	Khan
khmer	n	'kme	người Khơ-me
khyber	n		đít, mông đít
kibble	n	'kibl	thùng kéo quặng
kibbutz	n		kibbut, khu định cư ở Israel
kick	n	kik	trôn chai
kickback	n	'kikbæk	sự phản ứng mãnh liệt
kickboxing	n		môn võ kết hợp quyền Anh và karatê, quyề
kicker	n	'kikə	người đá
kid	n	kid	con dê non
kidder	n		xem kid
kiddy	n	'kidi	đứa trẻ con, thằng bé
kidnap	v	'kidnæp	bắt cóc
kidnapper	n	'kidnæpə	kẻ bắt cóc
kidnapping	n		sự bắt cóc để tống tiền
kidney	n	'kidni	quả cật, quả bầu dục
kif	n		trạng thái mơ màng, tình trạng bị đánh t
kike	n		tên Do Thái
kill	v	kil	giết, giết chết
killer	n	'kilə	người giết, kẻ giết người
killing	n	'kiliɳ	sự giết chóc, sự tàn sát
killjoy	n	'kildʤɔi	người làm mất vui, người phá đám
kiln	n	kiln	lò
kilogram	n	'kiləgræm/ (kilogramme) /'kiləgræm	kilôgam
kilometer	n	'kilə,mi:tə	kilômet
kilometre	n	'kilə,mi:tə	kilômet
kilt	n	kilt/ (filibeg) /'filibeg	váy
kimono	n	ki'mounou	áo kimônô
kin	n	kin	dòng dõi, dòng họ
kind	n	kaind	loài giống
kindergarten	n	'kində,gɑ:tn	lớp mẫu giáo, vườn trẻ
kindle	v	'kindl	đốt, nhen
kindling	n	'kindliɳ	sự nhen lửa, sự nhóm lửa
kindly	a	'kaindli	tử tế, tốt bụng
kindness	n	'kaindnis	sự tử tế, sự ân cần
kindred	n	'kindrid	bà con anh em, họ hàng thân thích
kinetic	a	kai'netik	động lực, do động lực
king	n	kiɳ	vua, quốc vương
kingdom	n	'kiɳdəm	vương quốc
kingly	a	'kiɳli	vương giả, đường bệ
kingpin	n	'kiɳpin	kingbolt
kingship	n	'kiɳʃip	địa vị làm vua
kink	n	kiɳk	nút, chỗ thắt nút
kinky	a	'kiɳki	quăn, xoắn
kino	n	'ki:nou	chất kinô
kinship	n	'kinʃip	mối quan hệ họ hàng
kinsman	n	'kinzmən	người bà con
kiosk	n	ki'ɔsk/ (kiosque) /ki'ɔsk	quán
kiowa	n		người Ki-ô-oa
kip	n	kip	da súc vật non
kipper	n	'kipə	cá trích muối hun khói
kir	n		rượu vang trắng lẫn với rượu màu
kirk	n	kə:k	nhà thờ, giáo hội
kirsch	n	'kiəʃ/ (kirschwasser) /'kiəʃ,vɑ:sə	rượu anh đào dại
kismet	n	'kismet	số phận, số mệnh
kiss	n	kis	cái hôn
kisser	n	'kisə	người hôn
kissing	n	'kisiɳ	sự hôn, sự ôm hôn
kit	n	kit	của kitten
kitchen	n		phòng bếp, nhà bếp
kitchener	n		lò nấu bếp
kite	n	kait	cái diều
kitsch	n		vật hào nhoáng, nhưng không có giá trị t
kitten	n	'kitn	mèo con
kitty	n	'kiti	nhuây khót vốn chung, vốn góp
kiwi	n	'ki:wi:	chim kivi
kkk	n		vt của Ku-Klux-Klan
klan	n		xem kuklux klan
klaxon	n	'klæksn	còi điện
kleenex	n		khăn giấy
kleptomaniac	n	,kleptou'meiniæk	người ăn cắp vặt, người tắt mắt
km	n		kilomet
kn	n		hải lý/giờ, nót
knack	n	næk	sở trường, tài riêng
knackered	a		mệt lử, kiệt sức
knapsack	n	'næpsæk	ba lô
knave	n	neiv	kẻ bất lương, kẻ đểu giả
knead	v	ni:d	nhào lộn
knee	n	ni:	đầu gối
kneecap	n		xương bánh chè
kneel	v	ni:l	quỳ, quỳ xuống to kneel down)
knell	n	nel	hồi chuông báo tử
knelt	v	ni:l	quỳ, quỳ xuống to kneel down)
knew	v	nou	biết, hiểu biết
knickers	n	'nikəz	knickerbockers
knife	n	naif	con dao
knight	n	nait	hiệp sĩ
knighthood	n	'naithud	tầng lớp hiệp sĩ
knit	v	nit	đan
knitting	n	'nitiɳ	việc đan len
knives	n	naif	con dao
knob	n	nɔb	quả đám
knock	n	nɔk	cú đánh, cú va chạm
knocker	n	'nɔkə	người đánh, người đập
knockout	n		cú đấm nốc ao
knoll	n	noul	đồi nhỏ, gò
knot	n	nɔt	nút, nơ
knotted	a		có mấu
know	v	nou	biết, hiểu biết
knowing	a	'nouiɳ	hiểu biết, thạo
knowingly	d	'nouiɳli	chủ tâm, cố ý
knowledge	n	'nɔlidʤ	sự biết
knowledgeable	a	'nɔlidʤəbl	thông thạo, biết nhiều
known	v	nou	biết, hiểu biết
knuckle	n	'nʌkl	khớp đốt ngón tay
knucklehead	n		người ngu đần
ko	n		hạ đo ván
koala	n	kou'a:lə	gấu túi
kodak	n	'koudæk	máy ảnh côdda
kohl	n	koul	phấn côn
komsomol	n		đoàn thanh niên cộng sản, đoàn thanh niê
kook	n	kuk	người lập dị, người gàn
kooky	a		kỳ cục, lập dị
koran	n	kɔ'rɑ:n	kinh co-ran
korean	a	kə'riən	Triều tiên
kosher	a		phục vụ cho chế độ ăn kiêng
koto	n		đàn kôtô
kowtow	n	'kau'tau/ (kotow) /'kau'tau	sự quỳ lạy, sự cúi lạy sát đất
kraft	n	krɑ:ft	giấy gói hàng loại dày kraft paper)
kraken	n	'krɑ:kən	loài thuỷ quái
kraut	n		tên Đức
kremlin	n	'kremlin	điện Crem-lanh
krill	n		loài nhuyễn thể mà cá voi ăn được
kris	n		dao găm của người Mã Lai
krypton	n	'kriptɔn	Kripton
kt	n		hiệp sự
kudos	n	'kju:dɔs	tiếng tăm, danh tiếng
kurdish	a		xem Kurd chỉ thuộc về
kurdistan	n		tấm thảm do người Kurd dệt
kyle	n		kênh, eo biển nhỏ
l	n	el	L, 50
la	n	lɑ:	nhạc La
lab	n	lə'bɔrətəri/ (lab) /læb	phòng thí nghiệm, phòng pha chế
label	n	'leibl	nhãn, nhãn hiệu
labia	n	'leibiəm/ (labia) /'leibiə	môi
labor	n	'leibə/ (labor) /'leibə	lao động
laboratory	n	lə'bɔrətəri/ (lab) /læb	phòng thí nghiệm, phòng pha chế
laborious	a	lə'bɔ:riəs	cần cù, siêng năng
labour	n	'leibə/ (labor) /'leibə	lao động
laboured	a	'leibəd	nặng nhọc, khó khăn
labourer	n	'leibərə	người lao động chân tay, lao công
labrador	n		loại chó tha mồi có lông đen hoặc vàng
labyrinth	n	'læbərinθ	cung mê
lac	n	læk	cánh kiến đỏ
lace	n	leis	dây, buộc
laced	a		có dây buộc
laceration	n	,læsə'reiʃn	sự xé rách
lack	n	læk	sự thiếu
lackey	n	'læki/ (lacquey) /'læki	người hầu, đầy tớ
lacking	a		ngu độn, ngây ngô
lacquer	n	'lækə/ (lacker) /'lækə	sơn
lacrosse	n		môn thể thao dùng vợt để bắt và ném bóng
lactose	n	'læktous	Lactoza, đường sữa
lacy	a	'leisi	giống như ren
lad	n	læd	chàng trai, chú bé
ladder	n	'lædə	thang & )
laddie	n	'lædi	anh chàng trai trẻ, chú bé tí hon
laden	a	'leidn	chất đầy, nặng trĩu
ladies	n	'leidiz	nơi vệ sinh n
ladle	n	'ledl	cái môi
lady	n	'leidi	vợ, phu nhân
ladybird	n		con bọ rùa
ladybug	n		con bọ rùa
ladylike	a	'leidilaik	có dáng quý phái
ladyship	n	'leidiʃip	thân thế quý tộc
lag	n	læg	người tù khổ sai
lager	n	'lɑ:gə/ (lagerbeer) /'lɑ:gə'biə	rượu bia nhẹ
lagging	n	'lægiɳ	sự đi chậm đằng sau
lagoon	n	'lə'gu:n	phá
laguna	n		hồ nhỏ
lah	n		La
laid	n	lei	bài thơ ngắn, bài vè ngắn
lair	n	leə	hang ổ thú rừng
laird	n	'leəd	địa ch
lake	n	leik	chất màu đỏ tía
lakh	n	læk	cánh kiến đỏ
lam	v	læm	đánh, quật
lama	n	'lɑ:mə	Lama thầy tu ở Tây-tạng
lamb	n	læm	cừu con, cừu non
lambda	n	'læmdə	Lamdda
lambert	n		o lambe
lame	a	leim	què, khập khiễng
lament	n	lə'ment	lời than van, lời rên rỉ
lamentable	a	'læməntəbl	đáng thương, thảm thương
lamented	a	lə'mentid	được thương xót, được thương tiếc
lamia	n	'leimiə	nữ yêu
laminate	v	'læmineit	cán mỏng, dát mỏng
laminated	a	'læmineitid	thành phiến, thành lá
lamp	n	læmp	đèn
lamppost	n	'læmppoust	cột đèn
lampshade	n		chao đèn
lan	n		mạng cục bộ
lancashire	n		pho mát Lancasơ
lance	n	lɑ:ns	giáo, thương
lancer	n	'lɑ:nsə	kỵ binh đánh giáo, kỵ binh đánh thương
land	n	lænd	đất, đất liền
landau	n	'lændɔ:	xe lenddô
landed	a	'lændid	đất đai, có đất
landfall	n	'lændfɔ:l	sự trông thấy đất liền
landing	n	'lændiɳ	sự đổ bộ, sự ghé vào bờ
landlady	n	'læn,leidi	bà chủ nhà
landlord	n	'lændlɔ:d	chủ nhà
landmark	n	'lændmɑ:k	mốc bờ
landmine	n	'lændmain	quả mìn, mìn thả bằng d
landowner	n	'lænd,ounə	địa ch
landscape	n	'lænskeip	phong cảnh
landslide	n	'lændslaid	sự lở đất
lane	n	lein	đường nhỏ, đường làng
language	n	'læɳgwidʤ	tiếng, ngôn ngữ
languish	v	'læɳgwiʃ	ốm yếu, tiều tuỵ
lanky	a	'læɳki	gầy và cao lêu nghêu
lantern	n	'læntən	đèn lồng, đèn xách
lanyard	n	'lænjɑ:d/ (laniard) /'lænjɑ:d	dây buộc
lao	a		người Lào
lap	n	læp	vạt áo, vạt váy
lapel	n	lə'pel	ve áo
lapping	n		sự vỗ nhẹ, tiếng vỗ nhẹ
lapse	n	læps	sự lầm lẫn, sự sai sót
laptop	n		máy tính laptop, máy tính xách tay
lar	n		thần giữ nhà
larceny	n	'lɑ:sni	sự ăn cắp
lard	n	lɑ:d	mỡ lợn
larder	n	'lɑ:də	chạn, tủ đựng thức ăn
large	a	lɑ:dʤ	rộng, lớn
largely	d	'lɑ:dʤli	ở mức độ lớn
largest	n		lớn nhất
largo	a	'lɑ:gou	cực chậm
lark	n	lɑ:k	chim chiền chiện
larva	n	'lɑ:və/ (larvae) /'lɑ:vi:	ấu trùng
larvae	n	'lɑ:və/ (larvae) /'lɑ:vi:	ấu trùng
laryngitis	n	,læriɳ'dʤaitis	viêm thanh quản
larynx	n	'læriɳks/ (larynges) /læ'rindʤi:z	thanh quản
lasagne	n		món bột với cà chua và nước xốt và phó m
lascivious	a	lə'siviəs	dâm dật, dâm đâng
laser	n		la-de
lash	n	læʃ	dây buộc ở đầu roi
lashing	n	'læʃiɳ	sự đánh đập, sự quất bằng roi
lass	n	læs	cô gái, thiếu nữ
lassie	n	'læsi	cô gái, thiếu nữ
lasso	n	'læsou	dây thòng lọng
last	n	lɑ:st	khuôn giày, cốt giày
lasting	n	'lɑ:stiɳ	vải latinh
lastly	d	'lɑ:stli	cuối cùng, sau cùng
lat	n		vĩ tuyến, vĩ độ
latch	n	lætʃ	chốt cửa, then cửa
late	a	leit	muộn, chậm
lately	d	'leitli	cách đây không lâu, mới gần đây
lateness	n	'leitnis	sự chậm trễ, sự muộn
latent	a	'leitənt	ngầm, ngấm ngần
later	n		chậm hơn
lateral	a	'lætərəl	ở bên
latest	a	'leitist	muộn nhất, mới nhất
latex	n	'leiteks	nhựa m
lathe	n	leið	máy tiện turning lathe)
lather	n	'lɑ:ðə	bọt
latin	n	'lætin	người La-tinh
latitude	n	'lætitju:d	độ vĩ, đường vĩ
latrine	n	lə'tri:n	nhà xí
latter	a	'lætə	sau cùng, gần đây
lattice	n	'lætis	lưới, rèm
latvian	n		adj
laudanum	n	'lɔdnəm	Lauddanom, cồn thuốc phiện
lauder	n	lɔ:deitə/ (lauder) /'lɔ:də	người tán dương, người khen
laugh	n	lɑ:f	tiếng cười
laughable	a	'lɑ:fəbl	tức cười, nực cười
laughing	n	'lɑ:fiɳ	sự cười, sự cười đùa
laughter	n	'lɑ:ftə	sự cười, tiếng cười
launch	n	lɔ:ntʃ	xuồng lớn
launcher	n	'lɔ:ntʃə	người phóng, máy phóng
launchpad	n		bệ phóng
launder	v	'lɔ:ndə	giặt là
laundromat	n	'lɔ:ndə'ret/ (laundromat) /'lɔ:ndrəmæt	hiệu giặt tự động
laundry	n	'lɔ:ndri	chỗ giặt là quần áo, hiệu giặt
laura	n		tu viện ở nhà thờ chính giáo phương đông
laureate	a	'lɔ:riit	được giải thưởng
laurel	n	'lɔrəl	cây nguyệt quế
lava	n	'lɑ:və	Lava, dung nham
lavage	n		sự rửa, phương pháp trị liệu bằng cách r
lavatory	n	'lævətəri	phòng rửa mặt
lavender	n	'lævində	cây oải hương, hoa oải hương spike)
lavish	a	'læviʃ	xài phí, lãng phí
law	n	lɔ:	phép, phép tắc
lawful	a	'lɔ:ful	hợp pháp, đúng luật
lawfully	d		hợp pháp, đúng luật
lawless	a	'lɔ:lis	không có pháp luật
lawlessness	n	'lɔ:lisnis	tình trạng không có pháp luật
lawman	n		người thi hành luật, sĩ quan cảnh sát
lawn	n	lɔ:n	vải batit
lawsuit	n	'lɔ:sju:t	việc kiện cáo, việc tố tụng
lawyer	n	'lɔ:jə	luật sư
lax	n	læks	cá hồi
laxative	a	'læksətiv	nhuận tràng
lay	n	lei	bài thơ ngắn, bài vè ngắn
layer	n	'leiə	người đặt, người gài
laying	n	'leiiɳ	sự đặt
layman	n	'leimən	thường dân, người thế tục
Layoffs	n		Sa thải tạm thời
layout	n		bố trí, xếp đặt
lazar	n	'læzərəs	người nghèo đói
lazarus	n	'læzərəs	người nghèo đói
laziness	n	leizinis	sự lười biếng, sự biếng nhác
lazy	a	'leizi	lười biếng, biếng nhác
lazybones	n		anh chàng đại lãn
lb	n		Pao
lcd	n		màn tinh thể lỏng
lea	n	li:	cánh đồng cỏ
leach	n	li:tʃ	nước tro
lead	n	led	chì
leader	n	'li:də	lânh tụ, người lânh đạo
leadership	n	'li:dəʃip	sự lânh đạo
leading	n	'li:diɳ	sự lânh đạo, sự hướng dẫn
leaf	n	li:f	lá cây, lá
leaflet	n	'li:flit	lá non
leafy	a	'li:fi	rậm lá
league	n	li:g	dặm, lý
leak	n	li:k	lỗ thủng, lỗ rò
leakage	n	'li:kidʤ	sự lọt qua, sự rỉ ra
leaky	a	'li:ki	có lỗ rò, có lỗ hở
lean	n	li:n	độ nghiêng, độ dốc
leaning	n	'li:niɳ	khuynh hướng, thiên hướng
leant	n	li:n	độ nghiêng, độ dốc
leap	n	li:p	sự nhảy
leaping	a		nhấp nhô
leapt	n	li:p	sự nhảy
learn	v	lə:n	học, học tập
learned	a	'lə:nid	hay chữ, có học thức
learner	n	'lə:nə	người học, học trò
learning	n	'lə:niɳ	sự học
learnt	v	lə:n	học, học tập
leary	a	'liəri	không xác thực, không đáng tin cậy
lease	n	li:s	hợp đồng cho thuê
leash	n	li:ʃ	dây buộc chó săn, xích chó săn
leasing	n	'li:siɳ	sự dối trá, sự man trá
least	a	li:st	tối thiểu, nhỏ nhất
leather	n	'leðə	da thuộc
leathery	a	'leðəri	như da, dai như da
leave	n	li:v	sự cho phép
leaves	n	li:f	lá cây, lá
lecher	n	'letʃə	kẻ phóng đâng, kẻ dâm đãng
lecherous	a	'letʃərəs	phóng đâng, dâm đãng
lechery	n		sự phóng đãng, sự dâm đãng
lecture	n	'lektʃə	bài diễn thuyết, bài lên lớp
lecturer	n	'lektʃərə	người diễn thuyết, người thuyết trình
ledge	n	'ledʤ	gờ, rìa
ledger	n	'ledʤə	sổ cái
lee	n	li:	chỗ che, chỗ tránh gió
leech	n	li:tʃ	cạnh buồm, mép buồm
leek	n	li:k	tỏi tây
leer	n	liə	cái liếc mắt đểu cáng, cái liếc mắt dâm
leery	a	'liəri	ranh mãnh, láu cá
lees	n	li:z	cặn rượu, cặn
leeway	n	'li:wei	sự trôi giạt
left	a	left	trái, tả
leftist	n	'leftist	người phái tả
leftover	n		phần thừa lại, phần còn lại
lefty	n	'lefti	, người thuận tay trái
leg	n	leg	chân, cẳng
legacy	n	'legəsi	tài sản kế thừa, gia tài
legal	a	'li:gəl	hợp pháp, theo pháp luật
legality	n	li:'gæliti	sự hợp pháp, tính hợp pháp
legalize	v	'li:gəlaiz/ (legalise) /'li:gəlaiz	hợp pháp hoá
legally	d		về phương diện pháp lý
legate	n	li'geit	giáo sĩ đại diện giáo hoàng
legation	n	li'geiʃn	việc cử đại diện, việc cử phái viên
legend	n	'ledʤənd	truyện cổ tích, truyền thuyết
legendary	n	'ledʤəndəri	truyện cổ tích, truyền thuyết
legged	a		có chân
leggings	n	'legiɳz	xà cạp
leggy	a	'legi	có cẳng dài
legible	a		rõ ràng, dễ đọc
legion	n	'li:dʤən	quân đoàn La-mâ, từ ba đến sáu nghìn ngư
legionnaire	n	,li:dʤə'neə	lính lê dương
legislation	n	,ledʤis'leiʃn	sự làm luật, sự lập pháp
legislative	a	'ledʤislətiv	làm luật, lập pháp
legislature	n	'ledʤisleitʃə	cơ quan lập pháp
legit	a		hợp pháp
legitimacy	n	li'dʤitiməsi	tính hợp pháp
legitimate	a	li'dʤitimit	hợp pháp
legitimately	d		hợp pháp
legitimize	v	li'dʤitimaiz/ (legitimise) /li'dʤitimaiz/ (legitimatise) /li'dʤitimətaiz/ (legitimatize) /li'dʤitimətaiz	hợp pháp hoá
legless	a		không có chân
lego	n		đồ chơi bằng vật rắn hay nhựa được xây k
legwork	n		công tác đòi hỏi phải đi đây đó
lei	n	'leu	đồng lây ley)
leisure	n	'leʤə	thì giờ rỗi rãi, lúc thư nhàn
leisurely	a	'leʤəli	rỗi rãi, rảnh rang
lemming	n	'lemiɳ	con lemmut
lemon	n	'lemən	cá bơn lêmon
lemonade	n	,lemə'neid	nước chanh
lemur	n	'li:mə	loài vượn cáo
lend	v	end/ (lent) /lent	cho vay, cho mượn
lender	n	'lendə	người cho vay, người cho mượn
lending	n	'lendiɳ	sự cho vay, sự cho mượn
length	n	leɳθ	bề dài, chiều dài
lengthen	v	'leɳθən	làm dài ra
lengthy	a	'leɳθi	dài, dài dòng
leniency	n	'li:njəns/ (leniency) /'li:njənsi	tính nhân hậu, tính hiền hậu
lenient	a	'li:njənt	nhân hậu, hiền hậu
lens	n	lenz	thấu kính
lent	n	lent	Lent mùa chay, tuần chay
lentil	n	'lentil	đậu lăng
leo	n	'li:ou	cung Sư t
leopard	n	'lepəd	con báo
leotard	n	'li:ətɑ:d	quần áo nịt
leper	n	'lepə	người hủi, người bị bệnh phong
leprechaun	n	,leprə'kɔ:n	quỷ, ma
leprosy	n	'leprəsi	bệnh hủi, bệnh phong
lesbian	n	'lezbiən	người đàn bà thích đồng dục n
lesion	n	'li:ʤn	thương tổn
less	a	les	nhỏ hơn, bé hơn
lessen	v	'lesn	làm nhỏ đi, làm bé đi
lesser	a	'lesə	nhỏ hơn, bé hơn
lesson	n	'lesn	bài học
lest	n	lest	rằng, rằng
let	n	let	sự ngăn cản, sự cản trở
letdown	n		sự thất vong, sự chán ngán
lethal	a	'li:θəl	làm chết người, gây chết người
lethargic	a	le'θɑ:dʤik/ (lethargical) /le'θɑ:dʤikəl	hôn mê
lethargy	n	'leθədʤi	trạng thái hôn mê, giấc ngủ lịm
letter	n	'letə	chữ cái, chữ
letterhead	n	'letəhed	phần in đầu giấy viết thư
lettering	n	'letəriɳ	sự ghi chữ, sự in chữ
letterman	n	'letəmæn	học sinh được thưởng huy hiệu
letting	n		tài sản cho thuê
lettuce	n	'letis	rau diếp
leukaemia	n	lju:'ki:miə/ (leukaemia) /lju:'ki:miə	bệnh bạch cầu
leukemia	n	lju:'ki:miə/ (leukaemia) /lju:'ki:miə	bệnh bạch cầu
lev	n	lef/ (lew) /lef	đồng leva
levee	n	'levi	buổi chiêu đâi
level	n	'levl	ống bọt nước, ống thuỷ
lever	n	'li:və	cái đòn bẩy
leverage	n	'li:və	tác dụng của đòn bẩy, lực của đòn bẩy
leviathan	n	li'vaiəθən	thuỷ quái
levin	n	'levin	chớp, tia chớp
levitate	v	'leviteit	bay lên, làm bay lên
levitation	n	,levi'teiʃn	sự bay lên
levity	n	'leviti	tính coi nhẹ, tính khinh suất
levy	n	'levi	sự thu, tiền thuế thu được
lew	n	lef/ (lew) /lef	đồng leva
lewd	a	lu:d	dâm dục, dâm dật
lewis	n	'lu:is	cái móc đá tảng
lexicon	n	'leksikən	từ điển
ley	n	lei	đất bỏ hoá
lf	n		tần số thấp
li	n		số nhiều là li
Liabilities	n		Nợ.
liability	n	,laiə'biliti	trách nhiệm pháp lý, nghĩa vụ pháp lý
liable	a	'laiəbl	có trách nhiệm về pháp lý, có nghĩa vụ v
liaise	v	li'eiz	giữ liên lạc, bắt liên lạc
liaison	n	li:'eizʤ:ɳ	liên lạc
liana	n	li'ɑ:nə	dây leo
liane	n		xem liana
liao	n		Nhà Liêu
liar	n	'laiə	kẻ nói dối, kẻ nói láo
lib	n		sự giải phóng, sự phóng thích
libel	n	'laibəl	lời phỉ báng, bài viết có tính chất phỉ
liberal	a	'libərəl	rộng rãi, hào phóng
liberalism	n	'libərəlizm	chủ nghĩa tự do
liberate	v	'libəreit	tha, thả
liberation	n	,libə'reiʃn	sự giải phóng, sự phóng thích
liberator	n	'libəreitə	người giải phóng, người giải thoát
libertarian	n	,libə'teəriən	người tự do chủ nghĩa, người tán thành t
libertine	n	'libə:tain	người phóng đâng, người truỵ lạc
liberty	n	'libəti	tự do, quyền tự do
libido	n	li'bi:dou	dục tình
libra	n		cung Thiên Bình
librarian	n	lai'breəriən	người công tác thư viện, cán bộ thư viện
library	n	'laibrəri	thư viện, phòng đọc sách
libyan	n		adj
lice	n	lausə	rận, chấy
licence	v	'laisəns	cho phép, cấp giấy phép
license	v	'laisəns	cho phép, cấp giấy phép
lichen	n	'li:tʃi:	địa y
lick	n	lik	cái liềm
licking	n	'likiɳ	sự liếm, cái liếm
licorice	n	'likəris/ (licorice) /'likəris	cam thảo
lid	n	lid	nắp, vung
lido	n	'li:dou	bể bơi công cộng ngoài trời
lie	n	lai	sự nói dối, sự nói láo
lied	n	li:d	bài ca, bài thơ
liege	n	li:dʤ	lãnh chúa, bá chủ liege lord)
lien	n	'liən	quyền giữ
lieu	n	lju:	in lieu of thay thế vào
lieut	n		trung úy, đại úy hải quân
lieutenant	n	lef'tenənt, (Mỹ) lju:'tenənt	người thay thế, người tạm thay
life	n	laif	sự sống
lifeboat	n	'laifbout	tàu cứu đắm, xuồng cứu đắm
lifeless	a	'laiflis	không có sự sống
lifelike	a	'laiflaik	giống như thật
lifelong	a	'laiflɔɳ	suốt đời
lifer	n	'laifə	người bị tù chung thân
lifetime	n	'laiftaim	đời, cả cuộc đời
lift	n	lift	sự nâng lên, sự nhấc lên
ligament	n	'ligəmənt	dây chằng
ligature	n	'ligətʃuə	dây buộc, dải buộc
light	n	lait	ánh sáng, ánh sáng mặt trời
lighten	v	'laitn	chiếu sáng, rọi sáng
lightening	n	'laitniɳ	sự sa bụng
lighter	n	'laitə	người thắp đèn
lighthouse	n	'laithaus	đèn biển, hải đăng
lighting	n	'laitiɳ	sự thắp đèn, sự chăng đèn
lightly	d	'laitli	nhẹ, nhẹ nhàng
lightness	n	'laitnis	tính nhẹ
lightning	n	'laitniɳ	chớp, tia chớp
lights	n	'laits	phổi súc vật
lightweight	a		hạng cân nhẹ
likable	a	'laikəbl/ (likeable) /'laikəbl	dễ thương, đáng yêu
like	a	laik	giống, giống nhau
likeable	a	'laikəbl/ (likeable) /'laikəbl	dễ thương, đáng yêu
likelihood	n	'laiklihud/ (likeliness) /'laiklinis	sự có thể đúng, sự có thể thật
likely	a	'laikli	chắc đúng, có lẽ đúng
likeness	n	'laiknis	tính chất giống, sự giống
likewise	d	'laikwaiz	cúng thế, giống như cậy
liking	n	'laikiɳ	sự ưa thích, sự mến
lilac	n	'lailək	cây tử đinh hương
lilo	n		nệm phồng được
lily	n	'lili	hoa huệ tây, hoa loa kèn
lima	n		từ chỉ mã hiệu giao tiếp thay chữ l
limb	n	lim	quầng
limber	n	'limbeə	đầu xe
limbo	n	'limbou	chốn u minh, minh phủ
lime	n	laim	chanh lá cam
limelight	n	'laimlait	đèn sân khấu, ánh sáng đèn
limerick	n	'limərik	bài thơ hài hước năm câu
limestone	n	'laimstoun	đá vôi
limey	n	'laimi	limer-juicer
limit	n	'limit	giới hạn, hạn độ
limitation	n	,limi'teiʃn	sự hạn chế, sự hạn định
limited	a	'limitid	có hạn, hạn chế
limiting	a		định ra giới hạn
limitless	a	'limitlis	vô hạn
limousine	n	'limu:zi:n	xe hòm
limp	n	limp	tật đi khập khiễng
linchpin	n	'lintʃpin	đinh chốt trục xe, chốt sắt hình S
linden	n	'lindən/ (lime-tree) /'laimtri:	tree) /'laimtri:/
line	n	lain	dây, dây thép
lineage	n	'liniidʤ	nòi giống, dòng
linear	a	'liniə	nét kẻ, thuộc đường kẻ
lined	a		nhăn nheo
lineman	n	'lainmən	người gác đường
linen	n	'linin	vải lanh
liner	n	'lainə	tàu khách, máy bay chở khách
ling	n	liɳ	cây thạch nam
lingam	n		cái linga
linger	v	'liɳgə	nấn ná, lần lữa
lingerie	n	'le:nʤəri:	đồ vải
lingering	a	'lɳgəriɳ	kéo dài
lingo	n	'liɳgou	tiếng lóng, tiếng la khó hiểu
linguist	n	'liɳgwist	nhà ngôn ngữ học
linguistic	a		ngôn ngữ, ngôn ngữ học
linguistics	a	liɳ'gwistik	ngôn ngữ học
lining	n	'lainiɳ	lớp vải lót
link	n	liɳk	đuốc, cây đuốc
linkage	n	'liɳkidʤ	sự nối lại với nhau, sự kết hợp
linked	a		có sự nối liền, có quan hệ dòng dõi
linking	n		sự nối, sự liên kết
links	n	liɳks	bâi cát gần bờ biển mọc đầy cỏ dại
lino	n		vải sơn lót sàn nhà
linoleum	n	li'mouljəm	vải sơn lót sàn
lint	n	lint	xơ vải buộc vết thương
lion	n	'laiən	con sư tử
lioness	n	'laiənis	sư tử cái
lip	n	lip	môi
lips	n		tên ngôn ngữ lập trình
lipstick	n	'lipstik	son bôi môi
liqueur	n	li'kjuə	rượu, rượu mùi
liquid	a	'likwid	lỏng
liquidate	v	'likwideit	thanh lý, thanh toán
liquidation	n	,likwi'deiʃn	sự thanh toán
liquidity	n	li'kwiditi	trạng thái lỏng
liquor	n	'likə	chất lỏng
liquorice	n	'likəris/ (licorice) /'likəris	cam thảo
lira	n	'liərə	đồng lia
lire	n	'liərə	đồng lia
lisp	n	lisp	sự nói nhịu
lisping	a		nói đớt
list	n	list	trạng thái nghiêng, mặt nghiêng
listen	v	'lisn	nghe, lắng nghe
listener	n	'lisnə	người nghe, thính giả
listening	n	'lisniɳ	sự nghe
listing	n	'listiɳ	sự lập danh sách, sự ghi vào danh sách
listless	a	'listlis	lơ đãng, thờ ơ
litany	n	'litəni	kinh cầu nguyện
lite	n		hình thái ghép tạo danh từ chỉ
liter	n	'li:tə/ (liter) /'litə	lít
literacy	n	'litərəsi	sự biết viết, sự biết đọc
literal	a	'litərəl	chữ, bằng chữ
literally	d	,litə'ræliti	theo nghĩa đen, theo từng chữ
literary	a	'litərəli	văn chương, văn học
literate	a	'litərit	có học, hay chữ
literature	n	'litəritʃə	văn chương, văn học
lithium	n	'liθiəm	Lithi
lithuanian	a	,liθju:'einjən	Lát-vi
litigation	n	,liti'geiʃn	sự kiện tụng, sự tranh chấp
litre	n	'li:tə/ (liter) /'litə	lít
litter	n	'litə	rác rưởi bừa bãi
little	a	'litl	nhỏ bé, be bỏng
livable	a	'livəbl/ (liveable) /'livəbl	có thể ở được
live	v	liv	sống
livelihood	n	'laivlihud	cách sinh nhai, sinh kế
lively	a	'laivli	sống, sinh động
liven	v	'laivn	làm cho hoạt động, làm cho náo nhiệt
liver	n	'livə	người sống
liverwurst	n	'livəwə:st	xúc xích gan
livery	a	'livəri	có màu gan
lives	n	laif	sự sống
livestock	n	'laivstɔk	vật nuôi, thú nuôi
livid	a	'livid	xám xịt, xám ngoẹt
lividity	n	li'viditi/ (lividness) /'lividnis	sắc xám xịt
living	n	'liviɳ	cuộc sống sinh hoạt
lizard	n	'lizəd	con thằn lằn
lizzie	n	'lizi	ô tô loại rẻ tiền tin lizzie)
llama	n	'lɑ:mə	lạc đà không bướu
lo	i	lou	trông kìa!, nhìn kìa!
load	n	loud	vậy nặng, gánh nặng
loaded	a		nặng nề, gay go
loader	n	'loudə	người khuân vác
loading	n	'loudiɳ	sự chất hàng
loads	d		rất nhiều
loaf	n	louf	ổ bánh mì
loafer	n	'loufə	kẻ hay đi tha thẩn, kẻ chơi rong
loan	n	loun	sự vay nợ
loaning	n		đuờng nhỏ, đường hẻm
loath	a	louθ/ (loth) /louθ	ghê, gớm
loathe	v	'louð	ghê tởm, kinh tởm
loathing	n	'louðiɳ	sự ghê tởm, sự kinh tởm
loathsome	a	'louðli/ (loathsome) /'louðsəm	ghê tởm, đáng ghét
loaves	n	louf	ổ bánh mì
lob	n	lɔb	quả lốp
lobby	n	'lɔbi	hành lang
lobbying	n		sự hoạt động ở hành lang nghị viện
lobbyist	n	'lɔbiist	người vận động ở hành lang
lobe	n	loub	thuỳ
lobotomy	n		phẫu thuật thùy não
lobster	n	'lɔbstə	tôm hùm
loca	n		số nhiều của locus
local	a	'loukəl	địa phương
locale	n	'loukəl	nơi xảy ra
locality	n	lou'kæliti	vùng, nơi
localized	n		được định xứ
locally	d	'loukəli	với tính chất địa phương, cục bộ
locate	v	lou'keit	xác định đúng vị trí, xác định đúng chỗ
location	n	lou'keiʃn	vị trí
locator	n	'loukeitə	người quy định ranh giới
loch	n	lɔk	hồ
lock	n	lɔk	món tóc, mớ tóc
locker	n	'lɔkə	người khoá
locket	n	'lɔkit	mề đay
locking	n		sự khoá, chốt
lockout	n		Sự đóng cửa gây áp lực .
locksmith	n	'lɔksmiθ	thợ khoá
loco	n	'loukou	của locomotive
locomotive	n	'loukə,moutiv	đầu máy
locus	n	'loukəs	địa điểm, nơi
locust	n	'loukəst	con châu chấu
lode	n	loud	mạch mỏ
lodge	n	lɔdʤ	nhà nghỉ
lodger	n	'lɔdʤə	người ở trọ
lodging	n	'lɔdʤiɳ	chỗ trọ, chỗ tạm trú
loft	n	lɔft	gác xép
lofty	a	'lɔfti	cao, cao ngất
log	n	lɔg	khúc gỗ mới đốn, khúc gỗ mới xẻ
logan	n	'lɔgən/ (logan-stone) /'lɔgənstoun	stone) /'lɔgənstoun/
logged	a		dùng gỗ nguyên ghép thành
logging	n	'lɔgiɳ	việc đốn gỗ
logic	n	'lɔdʤik	Lôgic
logical	a	'lɔdʤikəl	hợp với lôgic, theo lôgic
logically	d		hợp lý
login	n		khởi nhập, đăng nhập
logistic	a		về hậu cần, liên quan tới hậu cần
logistical	a		về hậu cần, liên quan tới hậu cần
logistics	n	'lou'dʤistiks	Logictic
logo	n		biểu trưng
logos	n	'lɔgɔs	thần ngôn, đạo
lohan	n		la-hán
loin	n	lɔin	chỗ thắt lưng
loiter	v	'lɔitə	đi tha thẩn, la cà
lollipop	n	'lɔlipɔp	kẹo, kẹo que
lolly	n	'lɔli	kẹo
lombard	n		người Lomba 6)
lone	a	loun	hiu quạnh
loneliness	n	'lounlinis	sự vắng vẻ, sự hiu quạnh
lonely	a	'lounli/ (lonesome) /'lounsəm	vắng vẻ, hiu quạnh
loner	n	'lounə	người thui thủi một mình
lonesome	a	'lounli/ (lonesome) /'lounsəm	vắng vẻ, hiu quạnh
long	a	lɔɳ	dài, xa
longer	d	'lɔɳgə	nữa, hơn nữa
longest	n		dài nhất
longevity	n	lɔn'dʤeviti	sự sống lâu
longing	a	'lɔɳiɳ	ước ao, mong đợi
longitude	n	'lɔndʤitju:d	độ kinh
loo	n	lu:	lu
loofah	n	'lu:fɑ:	cây mướp
look	n	luk	cái nhìn, cái ngó
looker	n	'lukə	người nhìn, người xem
loom	n	lu:m	bóng lờ mờ
loon	n	lu:n	thằng vô lại, đồ đểu giả
loony	n	'lu:ni	người điên
loop	n	lu:p	vòng, thòng lọng
looped	a	lu:pt	say rượu
loopy	a	'lu:pi	có vòng, có móc
loose	a	lu:s	lỏng, không chặt
loosely	d	'lu:sli	lỏng, lỏng lẻo
loosen	v	'lu:sn	nới ra, làm lỏng ra
loosening	n		sự nới lỏng
loot	n	lu:t	, trung uý
lop	n	lɔp	cành cây tỉa, cành cây xén xuống
lope	n	loup	sự nhảy cẫng
lor	n		interj
lord	n	lɔ:d	chủ đề, chúa tể
lordship	n	'lɔ:dʃip	quyền thế, uy quyền
lore	n	lɔ:	toàn bộ sự hiểu biết và truyền thuyết
lorry	n	'lɔri	xe tải motor lorry)
lose	v	lu:z	mất không còn nữa
loser	n	'lu:zə	người mất
losing	a	'lu:ziɳ	nhất định thua, nhất định thất bại
loss	n	lɔs	sự mất
lost	v	lu:z	mất không còn nữa
lot	n	lɔt	thăm, việc rút thăm
lotion	n	'louʃn	nước thơm
lottery	n	'lɔtəri	cuộc xổ số
lotto	n	'lɔtou	trò chơi xổ số
lotus	n	'loutəs/ (lotos) /'loutəs	sen
loud	a	laud	to, ầm ĩ, inh ỏi
louder	n		máy chất tải, thiết bị chất tải
loudly	d	'laudili	ầm ĩ, inh ỏi
loudmouth	n	'laudmauθ	người to mồn, người hay kêu
loudspeaker	n		loa phóng thanh speaker)
lounge	n	'laundʤ	sự đi thơ thẩn, sự lang thang không mục
lounging	a	'laundʤiɳ	dùng để mặc trong nhà
loup	v		nhảy
louse	n	lausə	rận, chấy
lousy	a	'lauzi	có rận, có chấy
lout	n	laut	người vụng về, người thô lỗ
louvre	n	'lu:və/ (louvre) /'lu:və	mái hắt louver boards)
lovable	a	'lʌvəbl	đáng yêu, dễ thương
love	n	lʌv	lòng yêu, tình thương
loveable	a		xem lovable
loved	a		thân ái, yêu quý
lovelace	n	'lʌvleis	chàng công tử phong lưu, anh chàng hay t
loveless	a	'lʌvlis	không tình yêu, không yêu
loveliness	n	'lʌvlinis	vẻ đẹp, vẻ đáng yêu
lovelorn	a		sầu muộn vì tình, thất tình
lovely	a	'lʌvli	đẹp đẽ, xinh
lover	n	'lʌvə	người yêu, người ham thích
lovesick	a	'lʌvsik	tương tư
lovey	n		người tình
loving	a	'lʌviɳ	thương mến, thương yêu
lovingly	d		âu yếm, đằm thắm
low	n	lou	tiếng rống
lower	a	'louə	thấp hơn, ở dưới
lowering	a	'louəriɳ	làm yếu, làm suy
lowery	a		tối tăm, u ám
lowest	n		thấp nhất, nhỏ nhất
lowly	a	'louli	tầm thường, ti tiện
lox	n		oxy lỏng
loyal	a	'lɔiəl	trung thành, trung nghĩa
loyalist	n	'lɔiəlist	tôi trung
loyally	d		trung thành, trung nghĩa
loyalty	n	'lɔiəlti	lòng trung thành, lòng trung nghĩa
lp	n		chơi được 33 vòng/phút
lsd	n		loại ma túy mạnh gây ra những ảo giác
luau	n		bữa tiệc ở Ha-oai
lube	n	lu:b	dầu nhờn
lubricant	n	'lu:brikənt	chất bôi trơn, dầu nhờn
lubrication	n	,lu:bri'keiʃn	sự tra dầu mỡ, sự bôi trơn
luce	n	lu:s	cá chó
lucerne	n	lu:'sə:n	cỏ linh lăng
lucid	a	'lu:sid	trong
lucidity	n	lu:'siditi	tính trong
lucifer	n	'lu:sifə	ma vương
luck	n	lʌk	vận, sự may rủi
luckily	d	'lʌkili	may, may mắn
lucky	a	'lʌki	đỏ, gặp may, may mắn, gặp vận may, hạnh
lucrative	a	'lu:krətiv	có lợi, sinh lợi
ludicrous	a	'lu:dikrəs	buồn cười, đáng cười
ludo	n		trò chơi dùng súc sắc và thẻ đếm trên bà
luftwaffe	n		không quân Đức
lug	n	lʌg	giun cát lugworm)
luggage	n	'lʌgidʤ	hành lý
lukewarm	a		âm ấm
lull	n		thời gian yên tựnh, thời gian tạm lắng
lullaby	n		bài hát ru con
lulu	n		người đặc biệt, phi thường
lumbago	n		chứng đau lưng
lumbar	a		thắt lưng, ngang lưng
lumber	n		gỗ xẻ, gỗ làm nhà
lumbering	a	'lʌmbəriɳ	ì ạch kéo lết đi
lumberjack	n	'lʌmbəmən/ (lumberjack) /'lʌmbədʤæk	người thợ đốn gỗ, thợ rừng
lumen	n	'lu:men	Lumen
luminous	a	'lu:minəs	sáng, sáng chói
lump	n	lʌmp	cục, tảng
lumpy	a	'lʌmpi	có nhiều bướu, có nhiều chỗ sưng lên
luna	n		nữ thần mặt trăng
lunacy	n	'lu:nəsi	tình trạng điên rồ, tình trạng mất trí
lunar	a	'lu:nə	mặt trăng
lunatic	n	'lu:nətik	người điên, người mất trí
lunch	n	lʌntʃ	bữa ăn trưa
luncheon	n	'lʌntʃn	tiệc trưa
lunchtime	n		giờ ăn trưa
lune	n	lu:n	hình trăng lưỡi liềm, hình trăng
lung	n	lʌɳ	phổi
lunge	n	lʌndʤ	đường kiếm tấn công bất thình lình
lunged	a		có phổi
lupin	n	'lu:pin	đậu lupin lupine)
lupus	n	'lu:pəs	bệnh luput lupus vulgaris)
lurch	v	lə:tʃ	tròng trành, lắc lư
lure	v	ljuə	gọi chim ưng về bằng cách tung chim giả
lurid	a	'ljuərid	xanh nhợt, tái mét
lurk	d	lə:k	ẩn náu, núp
lurking	a		bị che dấu
luscious	a	'lʌʃəs	ngọt ngào, thơm ngát
lush	a	lʌʃ	tươi tốt, sum sê
lust	v	'lʌst	tham muốn, thèm khát
luster	n	'lʌstə	lustrum
lustful	a	'lʌstful	dâm dật, dâm đâng
lusty	a	'lʌsti	cường tráng, mạnh mẽ
lute	n	lu:t	đàn luýt
lutheran	a	Lutheran	thuyết Lu-ti
lutz	n		điệu nhảy trượt băng quay mình trên khôn
lux	n	lʌks	Luxơ
luxurious	a	lʌg'zjuəriəs	sang trọng, lộng lẫy
luxury	n	'lʌkʃəri	sự xa xỉ, sự xa hoa
lv	n		vé ăn, phiếu ăn
lye	n	lai	thuốc giặt quần áo
lying	n	'laiiɳ	sự nói dối, thói nói dối
lymph	n	limf	bạch huyết
lynch	n	lintʃ	lối hành hình linsơ
lynx	n	liɳks	mèo rừng linh, linh miêu
lyra	n		số nhiều lyrac
lyre	n	'laiə	đàn lia
lyric	n	'lirik	bài thơ trữ tình
lyrical	n	'lirik	bài thơ trữ tình
m	n	em	M, m
ma	n	mɑ:	của mamma) má, mẹ
maar	n		núi lửa miệng rộng, miệng núi lửa
mac	n		xem mackintosh+ông
macabre	a	mə'kɑ:br	rùng rợn, khủng khiếp
macaroni	n	,mækə'rouni	mỳ ống
macaroon	n	,mækə'ru:n	bánh hạnh nhân
mace	n	meis	gậy chơi bi-a
macedonian	n		người Maxêđôni
mach	n		Mác
machete	n	'mætʃit/ (machete) /mə'tʃeiti	dao rựa
machiavelli	n	'mækiəvəl/ (Machiavelli) /,mækiə'veli	chính sách quỷ quyệt, người xảo quyệt
machiavellian	a	,mækiə'veliən	quỷ quyệt, xảo quyệt
machine	n	mə'ʃi:n	máy móc, cơ giới
machinery	n	mə'ʃi:nəri	máy móc, máy
macho	a		đại trượng phu, bậc nam nhi
macintosh	n		như mackintosh
mack	n		xem mackintosh
mackerel	n	'mækrəl	cá thu
mackintosh	n	'mækintɔʃ	áo mưa makintôt
macro	n		lớn, khổng lồ
mad	a	mæd	điên, cuồng
madam	n	'mædəm	bà, phu nhân; quý phu nhân
madame	n		danh hiệu chỉ một phụ nữ lớn tuổi
madcap	n	'mædkæp	người liều, người khinh suất
madden	v	'mædn	làm phát điên lên, làm tức giận
maddening	a	'mædniɳ	làm phát điên lên, làm tức giận
madder	n	'mædə	cây thiên thảo
made	a	meid	làm, hoàn thành
madeira	n		rượu vang ở đảo Mađêra
madeleine	n		bánh mađơlen
mademoiselle	n		tiểu thư
madhouse	n	'mædhaus	bệnh viện tinh thần kinh, nhà thương điê
madly	d		điên rồ, điên cuồng
madman	n	'mædmən	người điên, người mất trí
madness	n	'mædnis	chứng điên, chứng rồ dại
madonna	n	mə'dɔnə	tượng Thánh mẫu, tranh Thánh mẫu
madras	n	mə'drɑ:s	vải maddrai
madwoman	n	'mæd,wumən	người đàn bà điên
maelstrom	n	'meilstroum	vũng nước xoáy & )
maestro	n	mɑ:'estrou	nhà soạn nhạc đại tài, giáo sư nhạc giỏi
mafia	n		băng đảng tội phạm Mafia
mafioso	n		thành viên của băng đảng tội phạm Mafia
mag	n	mæg	đồng nửa xu
magazine	n	,mægə'zi:n	tạp chí
magdalene	n		như magdalen
mage	n	meidʤ	đạo sĩ, pháp sư
magenta	n	mə'dʤentə	Magenta, fucsin thuốc nhuộm
maggot	n	'mægət	con giòi
magi	n	'meigəs	thầy pháp
magic	n	'mædʤik	ma thuật, yêu thuật
magical	n	'mædʤik	ma thuật, yêu thuật
magically	d		kỳ diệu, thần diệu
magician	n	mə'dʤiʃn	thuật sĩ, pháp sư
magistrate	n	'mædʤistrit	quan toà
magma	n	'mægmə	chất nhão
magnanimous	a	mæg'næniməs	hào hiệp, cao thượng
magnate	n	'mægneit	người có quyền thế lớn
magnesium	n	mæg'ni:zjəm	Magiê
magnet	n	'mægnit	nam châm
magnetic	a	mæg'netik	nam châm, có tính từ
magnetism	n	'mægnitizm	từ học
magneto	n	mæg'ni:tou	Manhêtô
magnification	n	,mægnifi'keiʃn	sự phóng đại, sự mở rộng
magnificence	n	mæg'nifisns/ (magnificentness) /mæg'nifisntnis	vẻ tráng lệ, vẻ nguy nga
magnificent	a	mæg'nifisnt	tráng lệ, nguy nga
magnify	v	'mægnifai	làm to ra, phóng to
magnitude	n	'mægnitju:d	tầm lớn, độ lớn
magnolia	n	mæg'nouljə	cây mộc lan
magnum	n	'mægnəm	chai lớn
magpie	n	'mægpai	người hay nói, người hay ba hoa
magus	n	'meigəs	thầy pháp
maharaja	n		hoàng tử
mahatma	n		người được kính trọng, người đạo cao đức
mahogany	n	mə'hɔgəni	cây dái ngựa
maid	n	meid	con gái, thiếu nữ
maiden	n	'meidn	thiếu nữ, trinh nữ
mail	n	meil	áo giáp
mailbox	n	'meilbɔks	hòm thư
mailer	n	'meilə	người gửi thư, người chuẩn bị thư gửi đi
mailing	n		thư từ, thư tín
mailman	n	'meilmæn	người đưa thư
maim	n	meim	thương tật
main	n	mein	cuộc chọi gà
mainframe	n		máy tính lớn
mainland	n	'meinlənd	lục địa, đất liền
mainline	n		đường sắt chính
mainly	d	'meinli	chính, chủ yếu
mainsail	n	'meinsl	buồm chính
mainstream	n		xu hướng/xu thế chủ đạo
maintain	v	men'tein	giữ, duy trì
maintenance	n	'meintinəns	sự giữ, sự duy trì
maitre	n		ông chủ
maize	n	meiz	ngô
majestic	a	mə'ʤestik	uy nghi, oai nghiêm
majesty	n	'mædʤisti	vẻ uy nghi, vẻ oai nghiêm
major	n	'meidʤə	thiếu tá
majority	n	mə'dʤɔriti	phần lớn, phần đông
make	n	meik	hình dáng, cấu tạo
maker	n	'meikə	người làm, người sáng tạo
makeshift	n		cái thay thế tạm thời, cái dùng tạm thời
making	n	'meikiɳ	sự làm, sự chế tạo
malady	n	'mælədi	bệnh tật
malaga	n		rượu nho Malaga
malaise	n	mæ'leiz	nỗi khó chịu, tình trạng khó chịu
malaria	n	mə'leəriə	bệnh sốt rét
malarkey	n		trò bịp bợm, lời nói bậy
malawi	n		người Malauy
malay	a	mə'lei	Mã lai
male	a	meil	trai, đực
maleficent	a	mə'lefisnt	hay làm hại, ác
malevolent	a	mə'levələnt	xấu bụng, ác
malfeasance	n	mæl'fi:zəns	hành động phi pháp, hành động bất lương
malfunction	n		sự chạy, trục trặc
malice	n	'mælis	tính hiểm độc, ác tâm
malicious	a	mə'liʃəs	hiểm độc, có ác tâm
maliciously	d		xem malicious
malign	a	mə'lain	độc ác, thâm hiểm
malignant	a	mə'lignənt	thích làm điều ác, có ác tâm
mall	n		búa nặng, búa tạ
mallard	n	'mæləd	vịt trời
malleable	a	'mæliəbl	dễ dát mỏng, dễ uốn
mallet	n	'mælit	cái vồ
malnourished	a		bị suy dinh dưỡng, thiếu ăn
malnutrition	n	'mælnju:'triʃn	sự kém dinh dưỡng, sự thiếu ăn
malpractice	n	'mæl'præktis	hành động xấu, hành động bất chính
malt	n	mɔ:lt	mạch nha
maltese	n		người Mantơ
mama	n	mə'mɑ:	uây khyếm mẹ
mamba	n		rắn độc ở châu Phi
mambo	n		điệu nhảy giống rumba
mamma	n	mə'mɑ:	uây khyếm mẹ
mammal	n	'mæməl	loài thú, loài động vật có vú
mammogram	n		ảnh của những khối u ở ngực qua tia X
mammoth	n	'mæmθə	voi cổ, voi mamut
mammy	n	'mæmi	uây khyếm mẹ
man	n	mæn	người, con người
manage	v	'mænidʤ	quản lý, trông nom
manageable	a	'mænidʤəbl	có thể quản lý, có thể trông nom
management	n	'mænidʤmənt	sự trông nom, sự quản lý
manager	n	'mænidʤə	người quản lý, quản đốc
managerial	a	,mænə'dʤiəriəl	người quản lý, giám đốc
managing	a	,mænidʤiɳ	trông nom, quản lý
manatee	n	,mænə'ti:	lợn biển
manchu	a		Mãn Châu
mandala	n		hình tròn tượng trưng cho tôn giáo của v
mandarin	n	'mændərin	quan lại
mandate	n	'mændeit	lệnh, trát
mandatory	a	'mændətəri	lệnh
mandible	n	'mændibl	hàm dưới
mandolin	n	'mændəlin/ (mandoline) /,mændə'li:n	đàn măng-ddô-lin
mandrake	n		một loài cây độc có quả vàng
mane	n	mein	bờm
maneuver	n	mə'nu:və	manoeuvre
manganese	n		mangan
mange	n	meindʤ	bệnh lở ghẻ
manger	n	'meindʤə	máng ăn
mangle	n	'mæɳgl	máy cán là
mango	n	'mæɳgou	quả xoài
mangoes	n		quả xoài
mangrove	n	'mæɳgrouv	cây đước
mangy	a	'meindʤi	ghẻ lở
manhole	n		miệng cống, lỗ cống
manhood	n	'mænhud	nhân cách, nhân tính
mania	n	'meinjə	chứng điên, chứng cuồng
maniac	a	'meiniæk	điên cuồng
maniacal	a	mə'naiəkəl	điên, cuồng
maniacally	d		xem maniacal
manic	a		vui buồn thất thường
manicure	n	'mænikjuə	sự cắt sửa móng tay
manicurist	n	'mænikjuərist	thợ cắt sửa móng tay
manifest	n	'mænifest	bản kê khai hàng hoá chở trên tàu
manifestation	n	,mænifes'teiʃn	sự biểu lộ, sự biểu thị
manifesto	n	,mæni'festou	bản tuyên ngôn
manifold	a	'mænifould	rất nhiều, nhiều vẻ
manila	n	mə'nilə/ (Manilla) /mə'nilə	sợi cây chuối sợi manila hemp)
manipulate	v	mə'nipjuleit	vận dụng bằng tay, thao tác
manipulation	n	mə,nipju'leiʃn	sự vận dụng bằng tay, sự thao tác
manipulative	a	mə'nipjuleitiv	sự vận dụng bằng tay, sự thao tác
manipulator	n	mə'nipjuleitə	người vận dụng bằng tay, người thao tác
mankind	n	mæn'kaind	loài người, nhân loại
manliness	n	'mænlinis	tính chất đàn ông, đức tính đàn ông
manly	a	'mænli	có tính chất đàn ông, có đức tính đàn ôn
manna	n	'mænə	lương thực trời cho
mannequin	n	'mænikin	cô gái mặc áo mẫu chiêu hàng
manner	n	'mænə	cách, lối
mannered	a	'mænəd	kiểu cách, cầu kỳ
manoeuvre	n	mə'nu:və	; sự vận động
manor	n	'mænə	trang viên, thái ấp
manpower	n	'mæn,pauə	nhân lực, sức người
manservant	n	'mæn,sə:vənt	đầy tớ trai
mansion	n	'mænʃn	lâu đài
manslaughter	n	'mæn,slɔ:tə	tội giết người
manta	n		cá đuối
mantel	n	'mæntl/ (mantelpiece) /'mæntlpis	mặt lò sưởi
mantelpiece	n	'mæntl/ (mantelpiece) /'mæntlpis	mặt lò sưởi
mantis	n	'mænti:z	con bọ ngựa
mantle	n	'mæntl	áo khoác, áo choàng không tay
mantra	n		câu thần chú cầu thần
mantua	n		áo ngoài rộng của nữ 17, 18
manual	a	'mænjuəl	tay, làm bằng tay
manually	d		được điều khiển bằng tay
manufacture	n	,mænju'fæktʃə	sự chế tạo, sự sản xuất
manufacturer	n	,mænju'fæktʃərə	người chế tạo, người sản xuất
manufactures	n		sự sản xuất, sự gia công
manufacturing	n		sự sản xuất, sự chế tạo
manure	n	mə'njuə	phân bón
manuscript	n	'mænjuskript	bản viết tay, bản thảo
many	a	'meni	nhiều, lắm
maori	n		tiếng Maori
map	n	mæp	bản đồ
maple	n	'meipl	cây thích
mapped	n		được ánh xạ
mapping	n	'mæpiɳ	bản vẽ, bản đồ
maquis	n		đội viên du kích
mar	v	mɑ:	làm hư, làm hỏng
marathon	n	'mærəθən	cuộc chạy đua maratông marathon race)
marauder	n	mə'rɔ:də	kẻ cướp
marauding	a	mə'rɔ:diɳ	cướp bóc
marble	n	'mɑ:bl	đá hoa, cẩm thạch
marc	n	mɑ:k	bã nho
marcel	n	mɑ:'sel	làn sóng tóc
march	n	mɑ:tʃ	March tháng ba
marches	n		biên giới lịch sử giữa Anh và Xcốtlen
marchese	n		số nhiều của marchesa
marchioness	n	'mɑ:ʃənis	bà hầu tước
marconi	v	mɑ:'kouni/ (marconigram) /mɑ:'kounigræm	đánh một bức điện bằng raddiô
mare	n	'meə	ngựa cái
margarine	n	,mɑ:dʤə'ri:n	macgarin marge)
marge	n	mɑ:dʤ	mép, bờ
margin	n	'mɑ:dʤin	mép, bờ
marginal	a	'mɑ:dʤinl	mép, ở mép
marguerite	n	,mɑ:gə'ri:t	cúc mắt bò
marian	a		nữ hoàng Anh Mari Tiudo
marigold	n	'mærigould	cúc vạn thọ
marijuana	n		Cách viết khác : marihuana
marina	n	mə'ri:nə	bến
marinade	n	,mæri'neid	nước xốt marinat
marinate	v		ướp thịt bằng nước ướp
marine	a	mə'ri:n	biển
mariner	n	'mærinə	thuỷ thủ
marionette	n	,mæriə'net	con rối
marital	a	mə'raitl	chồng
maritime	a	'mæritaim	biển, ngành hàng hải
mark	n	mɑ:k	đồng Mác
marked	a	mɑ:kt	rõ ràng, rõ rệt
marker	n	'mɑ:kə	người ghi
market	n	'mɑ:kit	chợ
Marketing	n		Marketing
marking	n		sự ghi nhãn
marksman	n	'mɑ:ksmən	người bắn súng giỏi, nhà thiện xạ
marksmanship	n		thuật xạ kích
marlin	n		cá maclin
marmalade	n	'mɑ:məleid	mứt cam
maroon	a	mə'ru:n	nâu sẫm, màu hạt dẻ
marquee	n	mɑ:'ki:	lều to, rạp bằng vải
marquess	n	mɑ:'kwis/ (marquess) /'mɑ:kwis	hầu tước
marquis	n	mɑ:'kwis/ (marquess) /'mɑ:kwis	hầu tước
marquise	n	mɑ:'ki:z	bà hầu tước
marriage	n	'mæridʤ	sự cưới xin, sự kết hôn
married	a	'mærid	cưới, kết hôn
marrow	n	'mærou	bạn nối khố
marry	v	'mæri	cưới, lấy
mars	n	mɑ:z	thần chiến tranh, chiến tranh
marsala	n		rượu Macxala
marseillaise	n		bài quốc ca của Pháp
marsh	n	mɑ:ʃ	đầm lầy
marshal	n	'mɑ:ʃəl	nguyên soái, thống chế
marshmallow	n		kẹo dẻo
mart	n	mɑ:t	chợ
marten	n	'mɑ:tin	chồn mactet
martial	a	'mɑ:ʃəl	quân sự, chiến tranh
martian	n	'mɑ:ʃjən	người sao Hoả
martin	n	'mɑ:tin	chim nhạn
martini	n		rượu mác-tin
martyr	n	'mɑ:tə	kẻ chết vì nghĩa, kẻ chết vì đạo
martyrdom	n	'mɑ:tədəm	sự chết vì nghĩa, sự chết vì đạo
marvel	n	'mɑ:vəl	vật kỳ diệu, vật tuyệt diệu
marvellous	a	'mɑ:viləs	kỳ lạ, kỳ diệu
marvelous	n		như marvellous
marvelously	n		như marvellously
marxism	n	'mɑ:ksizm	chủ nghĩa Mác
marxist	n	'mɑ:ksist/ (Marxian) /'mɑ:ksjən	người theo chủ nghĩa Mác
marzipan	n	'mɑ:tʃpein/ (marzipan) /,mɑ:zi'pæn	bột bánh hạnh nhân
mascara	n	mæs'kɑ:rə	thuốc bôi mi mắt
mascot	n	'mæskət	vật lấy khước
masculine	a	'mɑ:skjulin	giống đực, đàn ông
masculinity	n	,mæskju'liniti	tính chất đực, tính chất đàn ông
mash	n	mæʃ	hạt ngâm nước nóng, thóc cám nấu trộn
mask	n	mɑ:sk	mạng che mặt của phụ nữ ngày xưa, mặt nạ
masked	a	mɑ:skt	mang mặt nạ, che mặt
masking	n		tấm chắn, tấm che
masochist	n	'mæzəkist	người thông dâm
mason	n	'meisn	thợ nề
masonic	a	mə'sɔnik	hội Tam điểm
masonry	n	'meisnri	nghề thợ nề
masquerade	n	,mæskə'reid	buổi khiêu vũ đeo mặt nạ, dạ hội giả tra
mass	n	mæs	lễ mét
massacre	n	'mæsəkə	sự giết chóc, sự tàn sát
massage	n	'mæsɑ:ʤ	sự xoa bóp
massager	n		người xoa bóp
masseur	n	'mæsə:	người đàn ông làm nghề xoa bóp
masseuse	n	mæ'sə:z	người đàn bà làm nghề xoa bóp
massive	a	'mæsiv	to lớn, đồ sộ
massively	d		đồ sộ
mast	n	mɑ:st	cột buồm
mastectomy	n		thuật mổ vú
master	n	'mɑ:stə	chủ, chủ nhân
masterful	a	'mɑ:stəful	hách, oai
mastermind	n	'mɑ:stəmaind	người có trí tuệ bậc thầy, người làm quâ
masterpiece	n	'mɑ:stəpi:s	kiệt tác, tác phẩm lớn
mastery	n	'mɑ:stəri	quyền lực, quyền làm chủ
mastodon	n	'mæstədɔn	voi răng mấu
masturbate	v	'mæstə:beit	sự thủ dâm
masturbation	n		sự thủ dâm
mat	n	mæt	chiếu
matador	n	'mætədɔ:	người đấu bò
match	n	mætʃ	diêm
matched	n		ngang nhau, tương ứng
matchmaker	n	'mætʃ,meikə	người làm mối, bà mối
matchmaking	n	'mætʃ,meikiɳ	sự làm mối
matchstick	n		que diêm
mate	n	meit	nước chiếu tướng
mater	n	'meitə	, mẹ, bà bô, bà via
material	a	mə'tiəriəl	vật chất
materialism	n	mə'tiəriəlizm	chủ nghĩa duy vật
materialistic	a	mə,tiəriə'listik	duy vật
materialize	v	mə'tiəriəlaiz/ (materialise) /mə'tiəriəlaiz	vật chất hoá
maternal	a	mə'tə:nl	mẹ; của người mẹ; về phía mẹ ) của mẹ mì
maternity	n	mə'tə:niti	tính chất người mẹ, nhiệm vụ người mẹ
matey	a	'meiti/ (maty) /'meiti	thân mật, thân thiết
math	n		toán
mathematical	a	,mæθi'mætikəl	toán, toán học
mathematician	n	,mæθimə'tiʃn	nhà toán học
mathematics	n	,mæθi'mætiks/ (maths) /mæθs	môn toán, toán học
maths	n	,mæθi'mætiks/ (maths) /mæθs	môn toán, toán học
matinee	n		như matinée
matriarch	n	'meitriɑ:k	, bà chúa gia đình
matrices	n	'meitriks	tử cung, dạ con
matrimonial	a	,mætri'mounjəl	hôn nhân
matrimony	n	'mætriməni	hôn nhân, đời sống vợ chồng
matrix	n	'meitriks	tử cung, dạ con
matron	n	'meitrən	đàn bà có chồng
matte	a		mờ; xỉn
matter	n	'mætə	chất, vật chất
mattress	n	'mætris	nệm, đệm
mature	a	mə'tjuə	chín, thành thực
maturity	n	mə'tjuəriti	tính chín, tính thành thực
maudlin	a	'mɔ:dlin	uỷ mị, hay khóc lóc
maul	n	mɔ:l	cái vồ lớn
mauser	n	'mauzə	súng môze
mausoleum	n	,mɔ:sə'liəm	lăng, lăng tẩm
mauve	n	mouv	màu hoa cà
maverick	n	'mævərik	con bê chưa đánh dấu
mavis	n	'meivis	song-thrush
maw	n	mɔ:	dạ dày, dạ múi khế
max	n		tối đa
maxi	n		số nhiều là maxis
maxim	n	'mæksim	cách ngôn, châm ngôn
maximize	v	'mæksimaiz/ (maximise) /'mæksimaiz	làm tăng lên đến tột độ
maximum	n	'mæksiməm/ (maxima) /'mæksimə	điểm cao nhất, cực điểm
maximus	a	'mæksiməs	lớn nhất
maxwell	n		Macxoen
may	v	mei	có thể, có lẽ
maya	n		thế giới vật chất tri giác được
mayan	a		ngôn ngữ Maya, người Maya
maybe	d	'meibi:	có thể, có lẽ
mayday	n		tín hiệu báo nguy của tàu biển hoặc máy
mayflower	n		hoa tháng 5
mayhem	n	'meihem	sự cố ý làm cho tàn tật
mayonnaise	n	,meiə'neiz	nước xốt mayonne
mayor	n	meə	thị trưởng
mayoral	a	'meərəl	thị trưởng
maze	n	meiz	cung mê, đường rồi
mba	n		cử nhân quản trị kinh doanh
mc	n		nghị sĩ của Hoa Kỳ
md	n		bác sĩ y khoa
me	n	mi:	tôi, tao
mead	n	mi:d	rượu mật ong
meadow	n	'medou	đồng cỏ, bãi cỏ
meager	a	'mi:gə/ (meagre) /'mi:gə	gầy còm, gầy gò
meagre	a	'mi:gə/ (meagre) /'mi:gə	gầy còm, gầy gò
meal	n	'mi:l	bột xay chưa mịn)
mealtime	n	'mi:ltaim	giờ ăn
mean	n	mi:n	khoảng giữa, trung độ
meanie	n		anh chàng keo kiệt
meaning	n	'mi:niɳ	nghĩa, ý nghĩa
meaningful	a	'mi:niɳful	đầy ý nghĩa, có ý nghĩa
meaningless	a	'mi:niɳfulnis	vô nghĩa
meanness	n	'mi:nnis	tính hèn hạ, tính bần tiện
means	n		tiền bạc, của cải
meant	n	mi:n	khoảng giữa, trung độ
meantime	n	'mi:n'taim/ (meanwhite) /'mi:n'wail	in the meantime trong lúc ấy, trong khi
meanwhile	n		in the meantime trong lúc ấy, trong khi
measles	n	'mi:zlz	bệnh sởi
measly	a	'mi:zli	lên sởi
measurable	a	'meʤərəbl	đo được, lường được
measure	n	'meʤə	sự đo, sự đo lường
measured	a	'meʤəd	đều đặn, nhịp nhàng
measurement	n	'məʤəmənt	sự đo lường, phép đo
meat	n	mi:t	thịt
meatball	n		thịt viên
meaty	a	'mi:ti	có thịt, nhiều thịt
mecca	n		thánh địa Mecca của hồi giáo
mechanic	n	mi'kænik	thợ máy, công nhân cơ khí
mechanical	a	mi'kænikəl	máy móc, cơ khí
mechanically	d		một cách máy móc
mechanics	n	mi'kæniks	cơ học
mechanism	n	'mekənizm	máy móc, cơ cấu
med	n		thạc sĩ sư phạm
medal	n	'medl	huy chương, mề đay
medalist	n		như medallist
medallion	n	mi'dæljən	huy chương lớn
meddle	v	'medl	xen vào, dính vào
meddlesome	a		hay xen vào việc của người khác, thích x
meddling	n	'medliɳ	sự xen vào việc người khác, sự can thiệp
media	n	'mi:djəm	người trung gian, vật môi giới
medial	a	'mi:djəl	ở giữa
median	a	'mi:djən	ở giữa, qua điểm giữa
mediate	a	'mi:diit	gián tiếp
mediation	n	,mi:di'eiʃn	sự điều đình, sự hoà giải
mediator	n	'mi:dieitə	người điều đình, người dàn xếp
medic	n	'medik	bác sĩ, học sinh trường y
medical	a	'medikəl	y, y học
medicare	n		chương trình của chính phủ Mỹ về việc ch
medicate	v	'medikeit	bốc thuốc, cho thuốc
medication	n	,medi'keiʃn	sự bốc thuốc, sự cho thuốc
medicinal	a	me'disinl	thuốc, dùng làm thuốc
medicine	n	'medsin	y học, y khoa
medieval	a	,medi'i:vəl/ (medieval) /,medi'i:vəl	thời Trung cổ, kiểu trung cổ
mediocre	a	'mi:dioukə	xoàng, thường
mediocrity	n	,mi:di'ɔkriti	tính chất xoàng, tính chất thường
meditate	v	'mediteit	ngẫm nghĩ, trầm ngâm
meditation	n	,medi'teiʃn	sự ngẫm nghĩ, sự trầm ngâm
meditative	a	'meditətiv	hay ngẫm nghĩ, trầm tư
mediterranean	a	,meditə'reinjən	ở giữa lục địa, cách xa biển
medium	n	'mi:djəm	người trung gian, vật môi giới
mediums	n		số nhiều của medium
medley	n	'medli	sự pha trộn, sự hỗn hợp
medusa	n	mi'dju:zə	con sứa
meek	a	mi:k	hiền lành, nhu mì
meet	n	mi:t	cuộc gặp gỡ
meeting	n	'mi:tiɳ	cuộc mít tinh, cuộc biểu tình
meg	n		Chữ viết tắt phổ biến của megabyte
mega	n		Tiền tố để chỉ 1 triệu
megalomaniac	a	'megəlou'meiniæk	thích làm lớn, mắc chứng hoang tưởng tự
megaphone	n	'megəfoun	loa
megatron	n		Megatron
melancholic	a	,melən'	u sầu, sầu muộn
melancholy	n	,melənkəli	sự u sầu, sự sầu muộn
melanoma	n		khối u độc, khối u ác tính
melissa	n		cây xả
mellow	a	'melou	chín, ngọt dịu
melodic	a	mi'lɔdik	giai điệu
melodious	a	mi'loudjəs	du dương, êm tai
melodrama	n	'melə,drɑ:mə	kịch mêlô
melodramatic	a	,meloudrə'mætik	kịch mêlô, như kịch mêlô
melody	n	'melədi	giai điệu
melon	n	'melən	dưa tây
melt	n	melt	sự nấu chảy, sự tan
meltdown	n		hiện tượng lõi lò phản ứng hạt nhân chảy
melting	n	'meltiɳ	sự nấu chảy, sự tan
member	n	'membə	chân, tay
membership	n	'membəʃip	tư cách hội viên, địa vị hội viên
membrane	n	'membrein	màng
memento	n	mi'mentou	dấu, vật để nhớ
memo	n	,memə'rændə	sự ghi để nhớ
memoir	n	'memwɑ:	luận văn
memorabilia	n	,memərə'biliə	những sự việc đáng ghi nhớ
memorable	a	'memərəbl	đáng ghi nhớ, không quên được
memorandum	n	,memə'rændə	sự ghi để nhớ
memorial	a	mi'nɔ:riəl	kỷ niệm, để ghi nhớ
memorise	v	'meməraiz	ghi nhớ, ghi chép
memorize	n		Cách viết khác : memorise
memory	n	'meməri	sự nhớ, trí nhớ
memsahib	n		thưa bà
men	n	mæn	người, con người
menace	n	menəs	mối đe doạ
menacing	a		hăm doạ, đe doạ
menagerie	n	mi'nædʤəri	bầy thú
mend	n	mend	chỗ vá, chỗ mạng
mending	n		vật được vá/tu sữa/sửa chữa
menial	a	'mi:njəl	người ở, đầy tớ
meningitis	n	,menin'dʤaitis	viêm màng não
menopause	n	'menoupɔ:z	sự mãn kinh, sự tuyệt kinh
menorah	n		cây đàn có nhiều nhánh
menstrual	a	'menstruəl	kinh nguyệt
menstruation	n	,menstru'eiʃn	sự thấy kinh
menswear	n		y phục nam giới
mental	a	'mentl	cằm
mentality	n	men'tæliti	tác dụng tinh thần, tính tinh thần
mentally	d	'mentəli	thầm, nhẩm
menthol	n	'menθɔl	Mentola
mention	n	'menʃn	sự kể ra, sự nói đến
mentor	n	'mentɔ:	người thầy thông thái, người cố vấn dày
menu	n	'menju:	thực đơn
meow	v		kêu meo meo
mercantile	a	'mə:kəntail	buôn, buôn bán
mercenary	a	'mə:sinəri	làm thuê, làm công
mercer	n	'mə:sə	người buôn bán tơ lụa vải vóc
merchandise	n	'mə:tʃəndaiz	hàng hoá
merchandising	n		nghề buôn, sự buôn bán
merchant	n	'mə:tʃənt	nhà buôn, lái buôn
merciful	a	'mə:siful	hay thương xót, nhân từ
mercifully	d		nhân từ, khoan dung
merciless	a	'mə:silis	nhẫn tâm, tàn nhẫn
mercilessly	d		nhẫn tâm, tàn nhẫn
mercury	n	'mə:kjuri	thuỷ ngân
mercy	n	'mə:si	lòng thương, lòng nhân từ
mere	n	miə	ao; hồ
merely	d	'miəli	chỉ, đơn thuần
merge	v	mə:dʤ	hoà vào, hoà hợp
merger	n	'mə:dʤə	sự hợp, sự hợp nhất
meridian	a	mə'ridiən	buổi trưa
meringue	n	mə'ræɳ	bánh trứng đường
merit	n	'merit	giá trị
merle	n	mə:l	chim hét
merlin	n	'mə:lin	chim cắt êxalon
mermaid	n	'mə:meid	cô gái mình người đuôi cá
merman	n	'mə:mæn	người cá
merrily	d	'merili	vui, vui vẻ
merriment	n	'merimənt	sự vui vẻ, sự hớn hở
merry	a	'meri	vui, vui vẻ
mes	n		tiền tố
mesa	n	'meisə	núi mặt bàn
mescaline	n		như mescalin
mesdames	n		số nhiều của Madame
mesh	n	meʃ	mắc lưới
mess	n	mes	tình trạng hỗn độn, tình trạng lộn xộn
message	n	'mesidʤ	thư tín, điện
messenger	n	'mesindʤə	người đưa tin, sứ giả
messiah	n	mi'saiə	Chúa cứu thế
messy	a	'mesi	hỗn độn, lộn xộn
met	n	mi:t	cuộc gặp gỡ
meta	n		tiền tố
metabolic	a	,metə'bɔlik	sự trao đổi vật chất
metabolism	n	me'tæbəlizm	sự trao đổi chất
metal	n	'metl	kim loại
metallic	a	mi'tælik	kim loại, như kim loại
metamorphosis	n	,metə'mɔ:fəsis	sự biến hình, sự biến hoá
metaphor	n	'metəfɔ	phép ẩn dụ
metaphorical	a	,metə'fɔrik/ (metaphorical) /,metə'fɔrikəl	ẩn dụ
metaphorically	d		bằng phép ẩn dụ
metaphysical	a	,metə'fizikəl	siêu hình
metaphysics	n	,metə'fiziks	siêu hình học
mete	n	mi:t	giới bạn, biên giới
meteor	n	'mi:tjə	sao sa, sao băng
meteoric	a	,mi:ti'ɔrik	sao băng, như sao băng
meteorite	n	'mi:tjərait	đá trời, thiên thạch
meteorological	a	,mi:tjərə'lɔdʤikəl	khí trời, thời tiết
meteorologist	n	,mi:tjə'rɔlədʤist	nhà khí tượng học
meter	n	'mi:tə	cái đo, cái đòng hồ đo
methadone	n		thuốc ngủ gây tê
methane	n	'meθein	Metan
methanol	n	'meθənɔl	Metanola
methinks	v	mi'θiɳks	đối với tôi, hình như
method	n	'meθəd	phương pháp, cách thức
methodical	a	mi'θɔdikəl	có phương pháp
methodically	d		có phương pháp
methodist	n	'meθədist	người theo hội Giám lý
methodology	n	,meθə'dɔlədʤi	phương pháp học
meticulous	a	mi'tikjuləs	tỉ mỉ, quá kỹ càng
meticulously	d		tỉ mỉ, kỹ càng
metre	n	'mi:tə	vận luật
metric	a	'metrik	mét
metro	n	'metrou	xe điện ngầm
metronome	n	'metrənoum	máy nhịp
metropolis	n	,mi'trɔpəlis	thủ đô, thủ phủ
metropolitan	a	,metrə'pɔlitən	thủ đô, có tính chất thủ đô
mettle	n	'metl	khí chất, tính khí
mew	n	mju:	mòng biển sea mew)
mews	n	mju:z	chuồng ngựa
mexican	a	'meksikən	Mê-hi-cô
mezzanine	n	'mezəni:n	gác lửng
mg	n		miligam
mi	n	mi:	Mi
mia	n		quân nhân bị mất tích trong chiến tranh
mica	n	'maikə	mi ca
mice	n	maus - mauz	mauz/
mick	n		người Ai-len
micro	n		vi, tiểu, nhỏ
microbe	n	'maikroub	vi trùng, vi khuẩn
microchip	n		mạch vi xử lý, vi mạch
microcosm	n	'maikroukɔzm	thế giới vi mô
microfilm	n	'maikroufilm	micrôfim
microphone	n	'maikrəfoun	micrô mike)
microscope	n	'maikrəskoup	kính hiển vi
microscopic	a	,maikrəs'kɔpik/ (microscopical) /,maikrəs'kɔpikəl	kính hiển vi, bằng kính hiển vi
microsoft	n		Tên hãng phần mềm máy tính lớn nhất thế
microwave	n	'maikrəweiv	sóng cực ngắn, vi ba
mid	a	mid	giữa
midday	n	'middei	trưa, buổi trưa
middle	n	'midl	giữa
middleman	n	'midlmæn	người môi giới
middleweight	n		vận động viên/võ sĩ hạng trung
midfield	n		phần giữa của sân bóng đá, khu trung tuy
midge	n	midʤ	ruồi nhuế
midget	n	'midʤit	người rất nhỏ
midland	n	'midlənd	trung du
midnight	n	'midnait	nửa đêm, mười hai giờ đêm
midshipman	n	'midʃipmən/ (middy) /'midi	chuẩn uý hải quân
midst	n	midst	giữa
midsummer	n	'mid,sʌmə	giữa mùa hè
midterm	n	'midtə:m	giữa năm học, giữa nhiệm kỳ
midway	n	'mid'wei	nửa đường, giữa đường
midwife	n	'midwaif	bà đỡ, bà mụ
might	n	mait	sức mạnh, lực
mightily	d	'maitili	mạnh mẽ, mãnh liệt
mighty	a	'maiti	mạnh, hùng cường
migraine	n	'mi:grein	chứng đau nửa đầu
migrant	a	'maigrənt	di trú
migrate	v	mai'greit	di trú, ra nước ngoài
migration	n	mai'greiʃn	sự di trú
migratory	a	mai'greitəri	di trú, nay đây mai đó
mikado	n	mi'kɑ:dou	thiên hoàng
mike	n	maik	microphone
mil	n	mil	nghìn
milady	n	mi'leidi	phu nhân
mild	a	maild	nhẹ
mildew	n	'mildju:	nấm minddiu, nấm mốc sương
mildly	d	'maildli	nhẹ, nhẹ nhàng
mile	n	mail	dặm, lý
mileage	n	'mailidʤ/ (milage) /'mailidʤ	tổng số dặm đã đi được
milestone	n	'mailstoun	cột kilômét cọc
mili	n		Tiền tố chỉ một phần ngàn
milieu	n		số nhiều là milieux
militant	a	'militənt	chiến đấu
militarily	d	'militərili	với tính chất quân sự, với tính chất quâ
military	a	'militəri	quân đội, quân sự
militia	n	mi'liʃə	dân quân
milk	n	milk	sữa
milkman	n	'milkmən	người bán sữa, người đi giao sữa
milky	a	'milki	sữa, như sữa
mill	n	mil	min
millennia	n	mi'leniəm	nghìn năm, mười thế kỷ
millennial	n	mi'lenjəl	gồm một nghìn, nghìn năm
millennium	n	mi'leniəm	nghìn năm, mười thế kỷ
miller	n	'milə	chủ cối xay
millet	n	'milit	cây kê
millimetre	n	'mili,mi:tə	Milimet
milling	n	'miliɳ	sự xay, sự nghiền
million	a	'miljən	triệu
millionaire	n	,miljə'neə	nhà triệu phú, người giàu bạc triệu
millionth	a	'miljənθ	bằng một phần triệu
millisecond	n	'mili,sekənd	một phần nghìn giây
millstone	n	'milstoun	đá cối xay
milord	n	mi'lɔ:/ (milord) /mi'lɔ:	người quý tộc Anh, người nhà giàu Anh
milt	n	milt	lá lách
mime	n	'maim	kịch điệu bộ Hy-lạp)
mimic	a	'mimik	bắt chước
mimosa	n	mi'mouzə	cây xấu hổ, cây trinh n
min	n		tối thiểu
mince	n	mins	thịt băm, thịt thái nhỏ
mincemeat	n	'minsmi:t	nhân quả băm
mind	n	maind	tâm, tâm trí
minded	a	'maindid	thích, sãn lòng
mindful	a		chú ý, lưu tâm
mindless	a		không chú ý, không lưu tâm
mine	n		đại từ sở hữu
minefield	n		bãi mìn
miner	n		công nhân mỏ
mineral	a	'minərəl	khoáng
minerva	n	mi'nə:və	nữ thần Mi-néc-vơ
ming	n		Nhà Minh
mingle	v	'miɳgl	trộn lẫn, lẫn vào
mini	n		xe mini
miniature	n	'minjətʃə	bức tiểu hoạ
minibus	n		xe búyt nhỏ chứa khoảng 12 người
minimal	a	'miniml	rất nhỏ li ti
minimalist	n	'miniməlist	người theo phe thiểu số
minimise	v	'minimaiz/ (minimize) /'minimaiz	giảm đến mức tối thiểu
minimize	v	'minimaiz/ (minimize) /'minimaiz	giảm đến mức tối thiểu
minimum	n	'miniməm	số lượng tối thiểu, mức tối thiểu
mining	n	'mainiɳ	sự khai mỏ
minion	n	'minjən	khuốm khuỹ người được ưa chuộng
miniskirt	n	'miniskə:t	váy ngắn
minister	n	'ministə	bộ trưởng
ministerial	a	,minis'tiəriəl	bộ trưởng, quốc vụ khanh
ministry	n	'ministri	Bộ
mink	n	miɳk	chồn vizon
minnie	n	'mini	nuây má
minnow	n	'minou	cá tuế
minor	a	'mainə	nhỏ, không quan trọng
minority	n		phần ít, thiểu số
minotaur	n	'mainətɔ:	quỷ đầu trâu
minster	n	minster	nhà thờ tu viện
minstrel	n	'minstrəl	người hát vè rong
mint	n	mint	cây bạc hà
minty	a	'minti	có bạc hà, có mùi bạc hà
minuet	n	,minju'et	điệu nhảy mơnuet
minus	n	'mainəs	trừ
minuscule	a	mi'nʌskju:l	nhỏ xíu, rất nhỏ
minute	n	'minit	phút
minx	n	miɳks	người đàn bà lăng loàn, người đàn bà chu
miracle	n	'mirəkl	phép mầu, phép thần diệu
miraculous	a	mi'rækjuləs	thần diệu, huyền diệu
miraculously	d		kỳ diệu, phi thường
mirage	n	'mirɑ:ʤ	ảo tượng
mire	n	'maiə	bùn, vũng bùn
mirror	n	'mirə	gương
mirth	n	mə:θ	sự vui vẻ, sự vui đùa
mis	n		hệ thông tin quản lý, hệ quản lý nhân sự
misadventure	n	'misəd'ventʃə	sự rủi ro, sự bất hạnh
misbehave	v	'misbi'heiv	cư xử không đứng đắn, ăn ở bậy bạ
miscalculation	n	'mis,kælkju'leiʃn	sự tính sai, sự tính nhầm
miscarriage	n	mis'kæridʤ	sự sai, sự sai lầm
miscellaneous	a	,misi'leinjəs	tạp, pha tạp
mischief	n	'mistʃif	điều ác, việc ác
mischievous	a	'mistʃivəs	hay làm hại
misconception	n	'miskən'sepʃn	sự quan niệm sai, sự nhận thức sai
misconduct	n	mis'kɔndəkt	đạo đức xấu, hạnh kiểm xấu
miscreant	a	'miskriənt	vô lại, ti tiện
misdemeanor	n		như misdemeanour
misdirection	n	'misdi'rekʃn	sự chỉ dẫn sai, sự hướng dẫn sai
miser	n	'maizə	người keo kiệt, người bủn xỉn
miserable	a	'maizərəbl	cực khổ, khốn khổ
miserably	n		trạng từ
miserly	a	'maizəli	hà tiện, keo kiệt
misery	n	'mizəri	cảnh nghèo khổ, cảnh khổ cực
misfire	n	'mis'faiə	phát súng tịt, đạn không nổ
misfit	n	'misfit	quần áo không vừa
misfortune	n	mis'fɔ:tʃn	sự rủi ro, sự bất hạnh
misguided	a		sai lầm trong ý kiến, suy nghĩ
mishap	n	'mishæp	việc rủi ro, việc không may
misheard	v	'mis'hiə	nghe lầm
misinformation	n	'mis,infə,meiʃn	sự báo tin tức sai
misinterpret	v	'misin'tə:prit	hiểu sai, giải thích sai
misjudge	v	'mis'dʤʌdʤ	xét sai, đánh giá sai
mislaid	v	mis'leid/ (mislay) /mis'lei	để thất lạc, để lẫn mất
mislead	v	mis'li:d/ (misled) /mis'led	làm cho lạc đường, làm cho lạc lối
misleading	a	mis'li:diɳ	làm cho lạc đường, làm cho lạc lối
misled	v	mis'li:d/ (misled) /mis'led	làm cho lạc đường, làm cho lạc lối
misogynist	n	mai'sɔdʤinist	người ghét kết hôn
misplace	v	'mis'pleis	để không đúng chỗ & )
misread	v	'mis'ri:d	đọc sai
miss	n	mis	cô
misshapen	a		méo mó, chẳng ra hình thù gì
missile	a	'misail	có thể phóng ra
missing	a	'misiɳ	vắng, thiếu
mission	n	'miʃn	sứ mệnh, nhiệm vụ
missionary	a	'miʃnəri/ (missioner) /'miʃnə	hội truyền giáo, có tính chất truyền giá
missis	n	'misiz/ (missus) /'misəz	Bà, thưa bà
misstep	n		lỗi sơ suất
missus	n	'misiz/ (missus) /'misəz	Bà, thưa bà
missy	n	'misi	; cô
mist	n	mist	sương mù
mistake	n	mis'teik	lỗi, sai lầm
mistaken	a	mis'teikən	sai lầm
mistakenly	n		trạng từ
mistakes	n		hiểu lầm, sai lẫm // khuyết điểm
mister	n	'mistə	Mr. ông
mistletoe	n	'misltou	cây tầm gửi
mistook	n	mis'teik	lỗi, sai lầm
mistreat	v	'mis'tri:t	ngược đãi
mistress	n	'mistris	bà chủ nhà
mistrial	n	mis'traiəl	vụ xử án sai
mistrust	n	'mis'trʌst	không tin, nghi ngờ
misty	a	'misti	mù sương, đầy sương mù
misunderstand	v	'misʌndə'stænd	hiểu lầm, hiểu sai
misunderstanding	n	'misʌndə'stændiɳ	sự hiểu lầm
misunderstood	v	'misʌndə'stænd	hiểu lầm, hiểu sai
misuse	n	'mis'ju:zidʤ/ (misuse) /'mis'ju:s	sự dùng sai, sự lạm dụng
mite	n	mait	phần nhỏ
mitigate	v	'mitigeit	giảm nhẹ, làm dịu bớt
mitigation	n	,miti'geiʃn	sự làm nhẹ, sự làm dịu
mitral	a	'maitrəl	mũ tế, như mũ tế
mitt	n	'mitn/ (mitt) /mit	găng tay hở ngón
mitten	n	'mitn/ (mitt) /mit	găng tay hở ngón
mix	v	miks	trộn, trộn lẫn
mixed	a	mikst	lẫn lộn, pha trộn
mixer	n	'miksə	người trộn, máy trộn
mixture	n	'mikstʃə	sự pha trộn, sự hỗn hợp
mnemonic	a	ni:'mɔnik	trí nhớ, giúp trí nh
mo	n	mou	moment
moan	n	moun	tiếng than van, tiếng kêu van
moat	n	mout	hào
mob	n	mɔb	đám đông
mobile	a	'moubail	chuyển động, di động
mobilise	v	'moubilaiz/ (mobilise) /'moubilaiz	huy động, động viên
mobility	n	mou'biliti	tính chuyển động, tính di động
mobilization	n	,moubilai'zeiʃn	sự huy động, sự động viên
mobilize	v	'moubilaiz/ (mobilise) /'moubilaiz	huy động, động viên
mobster	n		kẻ cướp
mocha	n	'moukə	cà phê môca
mock	n	mɔk	sự chế nhạo, sự nhạo báng
mockery	n	'mɔkəri	thói chế nhạo, sự nhạo báng
mockingly	d	'mɔkiɳli	chế nhạo, nhạo báng
mod	n		thành viên của một nhóm thanh niên nổi l
mode	n	moud	cách, cách thức
model	n	moud	kiểu, mẫu
modelling	n	'mɔdliɳ	nghệ thuật làm mẫu vật, nghệ thuật làm m
modem	n		bộ điều giải, modem
moderate	a	'mɔdərit	vừa phải, phải chăng
moderately	d		ở một mức độ vừa phải, không nhiều lắm
moderation	n	,mɔdə'reiʃn	sự tiết chế, sự điều độ
moderator	n	'mɔdəreitə	người điều tiết, máy điều tiết
modern	a	'mɔdən	hiện đại
modernity	n	mɔ'də:niti	tính chất hiện đại
modernize	v	'mɔdə:naiz/ (modernise) /'mɔdə:naiz	hiện đại hoá, đổi mới
modest	a	'mɔdist	khiêm tốn, nhún nhường
modesty	n	'mɔdisti	tính khiêm tốn, tính nhún nhường
modi	n		số nhiều của modus
modicum	n	'mɔdikəm	số lượng ít ỏi, số lượng nhỏ
modification	n	,mɔdifi'keiʃn	sự sửa đổi, sự biến cải
modify	v	'mɔdifai	giảm bớt, làm nhẹ
mods	n		kỳ thi phần thứ nhất bằng tú tài văn chư
modular	n		tính chất môđun, môđun tính
module	n		đơn vị đo
modus	n		danh từ số nhiều modi
mogul	a		Mogul thuộc Mông-cổ
mohawk	n		người Mô-hóoc
moist	a	mɔist	ẩm; ẩm ướt, ướt lấp nhấp
moisture	n	'mɔistʃə	hơi ẩm, nước ẩm đọng lại
molar	a	'moulə	răng hàm
molasses	n	mə'læsiz	mật, nước rỉ đường treacle)
mold	n	mould	mould
mole	n	moul	đê chắn sóng
molecular	a	mou'lekjulə	phân t
molecule	n	'mɔlikju:l	phân t
molehill	n	'moulhil	đất chuột chĩu đùn lên
molest	v	mou'lest	quấy rầy, quấy nhiễu
molestation	n	,moules'teiʃn	sự quấy rầy, sự quấy nhiễu
molester	n	mou'lestə	người quấy rầy, người làm phiền
moll	n	mɔl	gun_moll
molly	n	'mɔli	người đàn ông ẻo lả, cậu bé ẻo lả
moloch	n	'moulɔk	thần Mô-lốc
molten	a	'moultən	nấu chảy
mom	n	mə'mɑ:	uây khyếm mẹ
moment	n	'moumənt	chốc, lúc
momentarily	n		trạng từ
momentary	a	'mouməntəri	chốc lát, nhất thời
momentous	a	mou'mentəs	quan trong, trọng yếu
Moments	n		Mô men
momentum	n	mou'mentəm	động lượng, xung lượng
momma	n	mə'mɑ:	uây khyếm mẹ
mommy	n		mẹ mummy
mon	n		thứ Hai
monarch	n	'mɔnək	vua, quốc vương & )
monarchy	n	'mɔnəki	nền quân chủ, chế độ quân chủ
monastery	n	'mɔnəstəri	tu viện
monastic	a	mə'næstik	tu viện
monday	n	'mʌndi	ngày thứ hai
monde	n	mʤ:ɳd	thế giới
monetary	a	'mʌnitəri	tiền tệ
money	n	'mʌni	tiền, tiền tệ
monger	n	'mʌɳgə	lái, lái buôn
mongol	a	'mɔɳgɔl/ (Mongolian) /mɔɳ'gouljən	Mông-c
mongolian	a	'mɔɳgɔl/ (Mongolian) /mɔɳ'gouljən	Mông-c
mongoloid	a		có đặc tính của người Mông Cổ
mongoose	n	'mɔɳgu:s	cầy mangut
mongrel	n	'mʌɳgrəl	chó lai
monies	n		xem money
moniker	n		tên lóng, biệt danh
monitor	n	'mɔnitə	trưởng lớp, cán bộ lớp
monitoring	n		sự định phân
monk	n	mʌɳk	thầy tu, thầy tăng
monkey	n	'mʌɳki	con khỉ
monocle	n	'mɔnɔkl	kính một mắt
monogamous	a	mɔ'nɔgəməs	một vợ, một chồng
monogamy	n	mɔ'nɔgəmi	chế độ một vợ một chồng
monogram	n	'mɔnəgræm	chữ viết lồng nhau
monolith	n	'mɔnouliθ	đá nguyên khối
monologue	n	'mɔnəlɔg	kịch một vai, độc bạch
monopolize	v	mə'nɔpəlaiz/ (monopolise) /mə'nɔpəlaiz	giữ độc quyền
monopoly	n	mə'nɔpəli	độc quyền, vật độc chiếm
monorail	n	'mɔnoureil	đường một ray
monotone	a	'mɔnətoun	monotonous
monotonous	a	mə'nɔtnəs	đều đều, đơn điệu
monotony	n	mə'nɔtnəsnis/ (monotony) /mə'nɔtni	trạng thái đều đều, sự đơn điệu
monsieur	n	mə'siə:	ông
monsoon	n	mɔn'su:n	gió mùa
monster	n	'mɔnstə	quái vật, yêu quái
monstrosity	n	mɔns'trɔsiti	sự kỳ quái, sự quái dị & )
monstrous	a	'mɔnstrəs	kỳ quái, quái dị
montage	n	mɔn'tɑ:ʤ	sự dựng phim
monte	n		bãi cây lúp xúp, khu rừng con
month	n	mʌnθ	tháng
monthly	a	'mʌnθli	hàng tháng
monument	n	'mɔnjumənt	vật kỷ niệm, đài kỷ niệm
monumental	a	,mɔnju'mentl	công trình kỷ niệm, dùng làm công trình
moo	n	mu:	tiếng bò rống
mooch	v	mu:tʃ/ (mouch) /mu:tʃ	đi lang thang, thơ thẩn
mood	n	mu:d	lối, thức
moody	a	'mu:di	buồn rầu, ủ r
moon	n	mu:n	mặt trăng
moonbeam	n	'mu:nbi:m	tia sáng trăng
moonlight	n	'mu:nlait	ánh trăng, ánh sáng trăng
moonlighting	n	'mu:n,laitiɳ	sự làm đêm ngoài gi
moonlit	a	'mu:nlit	dãi ánh trăng, có ánh trăng soi
moonshine	n	'mu:nʃain	ánh trăng
moonstone	n	'mu:nstoun	đá mặt trăng
moor	n	muə	Moor người Ma-rốc
moose	n	mu:s	nai sừng tấm Bắc m
moot	n	mu:t	sự thảo luận, sự tranh luận
mop	v	mɔp	túi lau sàn, giẻ lau sàn
mope	n	moup	người chán nản, người rầu rĩ
moped	n		xe máy có bàn đạp và một động cơ chạy bằ
mopping	n		sự lau dọn sàn nhà
moral	a	'mɔrəl	đạo đức, luân lý
morale	n	mɔ'rɑ:l	tính thần, chí khí
morality	n	mə'ræliti	đạo đức
morally	d		một cách có đạo đức
moratorium	n	,mɔrə'tɔ:riəm	lệnh đình trả nợ, lệnh hoãn trả nợ
morbid	a	'mɔ:bid	bệnh tật, ốm yếu
more	a	mɔ:	nhiều hơn, lớn hơn
morel	n	mɔ'rel	nấm moscela
morello	n		một loại anh đào có vị chua
moreover	d	mɔ:'rouvə	hơn nữa, ngoài ra
mores	n		tục lệ, tập tục
morgue	n	mɔ:g	nhà xác
mormon	n	'mɔ:mən	người nhiều v
morn	n	mɔ:n	buổi sáng
morning	n	'mɔ:niɳ	buổi sáng
moro	n		nhóm bộ tộc ở đảo Midanao và các đảo lân
moroccan	a	mə'rɔkən	Ma-rốc
morocco	n	mə'rɔkou	da ma-rốc
moron	n	'mɔ:rɔn	người trẻ nít
moronic	a	mə'rɔnik	người trẻ nít
morose	a	mə'rous	buồn rầu, rầu rĩ
morpheus	n	'mɔ:fju:s	thần mộng, thần ngủ
morphine	n	'mɔ:fjə/ (morphine) /'mɔ:fi:n	Mocfin
morphing	n		Một kỹ xảo hoạt hình bằng máy tính để vẽ
morris	n	'mɔris	điệu nhảy morit morris dance)
morrow	n	'mɔrou	ngày hôm sau
morse	n	mɔ:s	con moóc
morsel	n	'mɔ:səl	miếng, mấu
mort	n	'mɔ:t	tiếng báo hiệu thú săn đã cùng đường
mortal	a	'mɔ:tl	chết, có chết
mortality	n	mɔ:'tæliti	tính có chết
mortally	d	'mɔ:təli	đến chết được, ghê gớm
mortar	n	'mɔ:tə	vữa, hồ
Mortgage	n		Thế chấp.
mortician	n	mɔ:'tiʃn	người làm nghề lo liệu đám ma
mortifying	a	'mɔ:tifaiiɳ	hành xác, khổ hạnh
mortuary	a	'mɔ:tjuəri	sự chết, việc tang
mos	n		Chất bán dẫn thu được bởi sự kết tọa của
mosaic	a	mə'zeiik	khảm
mosey	v		la cà
mosque	n	mɔsk	nhà thờ Hồi giáo
mosquito	n	məs'ki:tou	con muỗi
moss	n	mɔs	rêu
most	a	moust	lớn nhất, nhiều nhất
mostly	d	'moustli	hầu hết, phần lớn
mot	n	mou	lời nói dí dỏm
motel	n	mou'tel	khách sạn cạnh đường cho khách có ô tô
moth	n	mɔθ	nhậy
mother	n	'mʌðə	mẹ, mẹ đẻ
motherboard	n		bo mạch chủ
motherhood	n	'mʌðəhud	chức năng làm mẹ, bổn phận làm mẹ
motherland	n	'mʌðəlænd	quê hương, tổ quốc
motherless	a	'mʌðəlis	mồ côi mẹ
motherly	a	'mʌðəli	mẹ; có những tình cảm của người mẹ; có n
motif	n	mou'ti:f	chủ đề quán xuyến
motion	n	'mouʃn	sự vận động, sự chuyển đông
motionless	a	'mouʃnlis	bất động, không chuyển động
motivate	v	'moutiveit	thúc đẩy, làm động cơ thúc đẩy
motivation	n	,mouti'veiʃn	sự thúc đẩy, động cơ thúc đẩy
motive	a	'moutiv	vận động, chuyển động
motley	a	'mɔtli	sặc sỡ, nhiều màu
motor	n	'moutə	động cơ mô tô
motorbike	n		xe môtô hạng nhẹ
motorcade	n	'moutəkeid	đoàn xe ô tô hộ tống
motorcycle	v	'moutə,saikl	đi xe mô tô, lái xe mô tô
motoring	n		môn thể thao đua ô tô
motorist	n	'moutəraiz	người lái xe ô tô, người chơi xe ô tô
motorized	a		cơ giới hoá
motorway	n	'moutəwei	đường lớn dành cho ô tô chạy nhanh, xa l
motto	n	'mɔtou	khẩu hiệu, phương châm
mouch	v	mu:tʃ/ (mouch) /mu:tʃ	đi lang thang, thơ thẩn
mould	n	mould	đất tơi xốp
mouldy	a	'mouldi	bị mốc, lên meo
mound	n	maund	ụ , mô
mount	n	maunt	núi đặt trước danh từ riêng Mt)
mountain	n	'mauntin	núi
mountaineer	n	,maunti'niə	người miền núi
mountaineering	n	,maunti'niəriɳ	sự leo núi, sự trèo núi
mountainous	a	'mauntinəs	có núi, lắm núi
mountainside	n		cạnh dốc của một ngọn núi
mounted	a	'mɔtld	cưỡi
mounting	n	'mouldiɳ	sự trèo, sự lên
mourn	v	mɔ:n	than khóc, thương tiếc
mournful	a	'mɔ:nful	buồn rầu, ảm đạm
mourning	n	'mɔ:niɳ	sự đau buồn, sự buồn rầu
mouse	n	maus - mauz	mauz/
mousetrap	n	'maustræp	bẫy chuột
mousse	n	mu:s	món kem mút
moustache	n	məs'tɑ:ʃ	râu mép, ria mustache)
mousy	a	'mausi	lắm chuột
mouth	n	mauθ - mauð	mauð/
mouthed	n		có kiểu mồm như thế nào đó
mouthful	n	'mauθful	miếng
mouthpiece	n	'mauθpi:s	miệng
mouthwash	n		thuốc sát trùng để súc miệng
mouthy	a	'mauði	hay nói, hay la hét
move	n	mu:v	sự chuyển động, sự di chuyển
movement	n	'mu:vmənt	sự chuyển động, sự vận động
mover	n	'mu:və	động cơ, động lực
movie	n	'mu:vi	phim xi nê
moving	a	'mu:viɳ	động, hoạt động
mow	n	mou	đống, đụn
mower	n	'mouə	thợ cắt, thợ gặt
moxie	n	'mɔksi	tính sôi nổi, tính sinh động
mozzarella	n		một loại phó mát của ý
mp	n		nghị sĩ
mr	n		vt của mister
mrs	n		vt của mistress
ms	n		Microsoft
mt	n		núi
mu	n		muy
much	a	mʌtʃ	nhiều, lắm
muck	n	mʌk	phân chuồng
mucky	a	'mʌki	bẩn thỉu, nhớp nhúa
mucous	a	'mju:kəs	nhầy
mucus	n	'mju:kəs	nước nhầy
mud	n	mʌd	bùn & )
muddle	n	'mʌdl	tình trạng lộn xộn, tình trạng lung tung
muddy	a	'mʌdi	lầy bùn, lấy lội
muff	n	mʌf	bao tay
muffin	n	'mʌfin	bánh nướng xốp
muffler	n	'mʌflə	khăn choàng cổ
mug	n	mʌg	ca; chén vại; ca , chén
mugger	n	'mʌgə	cá sấu Ân-ddộ
mulatto	n	mju:'lætou	người da trắng lai da đen
mulberry	n	'mʌlbəri	cây dâu tằm
mulch	n	mʌlʃ	lớp phủ, bổi
mule	n	mju:l	con la
mull	n	mʌl	vải mun
mullah	n		giáo sĩ hồi giáo
muller	n	'mʌlə	cái nghiền
mullet	n	'mʌlit	grey mullet cá đối
multi	n		tiếp đầu ngữ, chỉ nhiều
multimillionaire	n	'mʌlti'liɳgwəl	người giàu hàng triệu
multinational	a		bao gồm nhiều nước, đa quốc gia
multiple	a	'mʌltipl	nhiều, nhiều mối
multiplex	n		multiplex, sự dồn
multiplication	n	,mʌltipli'keiʃn	sự nhân
multiply	v	'mʌltiplai	nhân lên, làm bội lên
multitasking	n		đa nhiệm
multitude	n	'mʌltitju:d	vô số
mum	a	mʌm	lặng yên, lặng thinh
mumble	n	'nʌmbl	tiếng nói lầm bầm
mummification	n		phương pháp ướp xác
mummy	n	'mʌmi	xác
mumps	n	mʌmps	bệnh quai bị
munch	v	mʌntʃ	nhai, nhai tóp tép
mundane	a	'mʌndein	cõi trần, thế tục
mungo	n	'mʌɳgou	len xấu, dạ xấu
municipal	a	mju:'nisipəl	thành phố, đô thị
municipality	n	mju:,nisi'pæliti	đô thị tự trị, thành phố tự trị
mural	a	'mjuərəl	tường, như tường
murder	n	'mə:də	tội giết người, tội ám sát
murderer	n	'mə:dərə	kẻ giết người
murderess	n	'mə:dəris	người đàn bà giết người
murderous	a	'mə:dərəs	giết người, sát hại
murky	a	'mə:ki	tối tăm, u ám
murmur	n	'mə:mə	tiếng rì rầm, tiếng rì rào
murphy	n	'mə:fi	khoai tây, khoai lang
muscle	n	'mʌsl	bắp thịt, cơ
muscular	a	'mʌskjulə	bắp thịt, cơ
muse	n	mju:z	Muse thần nàng thơ
museum	n	mju:'ziəm	nhà bảo tàng
mush	n	mʌʃ	hồ bột, chất đặc sệt
mushroom	n	'mʌʃrum	nấm
mushy	a	'mʌʃi	mềm, xốp
music	n	'mju:zik	nhạc, âm nhạc
musical	a	'mju:zikəl	nhạc, âm nhạc
musician	n	mju:'ziʃn	nhạc sĩ
musk	n	mʌsk	xạ hương
musket	n	'mʌskit	súng hoả mai, súng trường
musketeer	n	,mʌski'tiə	lính cầm súng hoả mai
muslim	n		Cách viết khác : Moslem
muslin	n	'mʌzlin	vải muxơlin
muss	n	mʌs	tình trạng lộn xộn, tình trạng hỗn độn
mussel	n	'mʌsl	con trai
must	n	mʌst - məst	məst/
mustache	n	məs'tɑ:ʃ	râu mép, ria mustache)
mustang	n	'mʌstæɳ	ngựa thảo nguyên
mustard	n	'mʌstəd	cây mù tạc
muster	n	'mʌstə	sự tập hợp, sự tập trung
musty	a	'mʌsti	mốc, có mùi mốc
mutant	a		kết quả của sự thay đổi, về sự đột biến
mutate	v		làm cho... bị biến âm sắc/bị umlau hoá
mutation	n	mju:'teiʃn	sự thay đổi, sự biến đổi
mute	a	mju:t	câm, thầm lặng
mutilate	v	'mju:tileit	cắt, xẻo
mutilation	n	,mju:ti'leiʃn	sự cắt, sự xẻo
mutiny	n	'mju:tini	cuộc nổi dậy chống đối, cuộc nổi loạn
mutt	n	mʌt	chó lai
mutter	n	'mʌtə	sự thì thầm, tiếng thì thầm
muttering	n		xem utter
mutton	n	'mʌtn	thịt cừu
mutual	a	'mju:tjuəl	lẫn nhau, qua lại
mutually	d	'mju:tjuəli	lẫn nhau, qua lại
muzak	n		loại sáo thường chơi ở các nơi quãng cáo
muzzle	n	'mʌzl	mõm
muzzy	a	'mʌzi	mụ mẫm, ngây dại
my	a	mai	của tôi
myriad	n	'miriəd	mười nghìn
myrrh	n		chất nhựa thơm
myrtle	n	'mə:tl	cây mía
myself	n	mai'self	tự tôi
mysterious	a	mis'tiəriəs	thần bí, huyền bí
mystery	n	'mistəri	điều huyền bí, điều thần bí
mystic	n	'mistik	người thần bí
mystical	n	'mistik	người thần bí
mysticism	n	'mistisizm	đạo thần bí
mystique	n	mis'ti:k	không khí thần bí
myth	n	miθ	thần thoại
mythic	a		tưởng tượng, hoang đường
mythical	a	miθikəl	thần thoại
mythological	a	,miθə'lɔdʤik/ (mythological) /,miθə'lɔdʤikəl	thần thoại học, thần thoại
mythology	n	mi'θɔlədʤi	thần thoại
n	n	en	n
naacp	n		Hiệp hội quốc gia vì sự tiến bộ của ngườ
nab	v	næb	tóm cổ
nacho	n		bánh khoai tây rán
nadir	n	'neidiə	đế
nag	n	næg	con ngựa nhỏ
nagging	n	'nægiɳ	mè nheo
nail	n	neil	móng, móng vuốt
nailing	a		hết ý, tuyệt
naive	a	nɑ:'i:v/ (naive) /neiv	ngây thơ, chất phác
naivety	n	nɑ:'i:vtei/ (na...vety) /nɑ:'i:vti/ (naivety) /'neivti	tính ngây thơ, tính chất phác
naked	a	'neikid	trần, trần truồng
nakedness	n	'neikidnis	sự trần truồng, sự trơ trụi
name	n	neim	tên, danh
nameless	a	'neimlis	không tên, vô danh
namely	d	'neimli	là, ấy là
namesake	n	'neimseik	người trùng tên, vật cùng tên
nance	n	'nænsi	người ẻo lả như đàn bà
nancy	n	'nænsi	người ẻo lả như đàn bà
nandu	n	'nændu	đà điểu Mỹ
nanny	n	'næni	ruấy khũi bõ
nano	n		Tiền tố chỉ một phần tỷ
nanosecond	n		nanô giây, nanosec
nap	n	næp	giấc ngủ chợp, giấc trưa
napalm	n	nei'pɑ:m	Napan
nape	n	neip	gáy the nape of the neck)
napkin	n	'næpkin	khăn ăn
napoleon	n	nə'pouljən	đồng napôlêông
nappy	a	'næpi	có bọt, bốc mạnh
narcissism	n	nɑ:'sisizm	tính tự yêu mình, tính quá chú ý chăm só
narcissist	n	nɑ:'sisist	người tự yêu mình, người quá chú ý chăm
narcissistic	a	,nɑ:sə'sistik	tự yêu mình, quá chú ý đến vẻ đẹp của mì
narcissus	n	nɑ:'sisəs	hoa thuỷ tiên
narcolepsy	n	'nɑ:kəlepsi	chứng ngủ rũ
narcotic	a	nɑ:'kɔtik	làm mơ mơ màng màng
narrate	v	næ'reit	kể lại, thuật lại
narration	n	næ'reiʃn	sự kể chuyện, sự tường thuật
narrative	n	'nærətiv	chuyện kể, bài tường thuật
narrator	n	næ'reitə	người chuyện kể, người tường thuật
narrow	a	'nærou	hẹp, chật hẹp
narrowly	d	'nærouli	chật hẹp, hẹp hòi & )
narrows	n		cửa biển hẹp
nasa	n		Cơ quan hàng không và không gian Hoa Kỳ
nasal	a	'neizəl	mũi
nastiness	n	'nɑ:stinis	tính bẩn thỉu, tính dơ dáy
nasty	a	'nɑ:sti	bẩn thỉu, dơ dáy
natal	a	'neitl	sinh
nation	n	'neiʃn	dân tộc
national	a	'neiʃənl	dân tộc
nationalism	n	'næʃnəlizm	chủ nghĩa dân tộc
nationalist	n	'næʃnəlist	người theo chủ nghĩa dân tộc
nationality	n	,næʃə'næliti	tính chất dân tộc, tính chất quốc gia
nationally	d	'næʃnəli	về mặt dân tộc, về mặt quốc gia
nationwide	a		khắp cả nước, toàn quốc
native	a	'neitiv	nơi sinh
nativity	n	nə'tiviti	sự sinh đẻ
nato	n		Tổ chức minh ước Bắc Đại Tây Dương
natty	a	'næti	đẹp, chải chuốt
natural	a	'nætʃrəl	tự nhiên, thiên nhiên
naturalist	n	'nætʃərəlist	nhà tự nhiên học
naturally	d	'nætʃrəli	vốn, tự nhiên
nature	n	'neitʃə	tự nhiên, thiên nhiên
naught	n	nɔ:t	không
naughty	a	nɔ:ti	hư, hư đốn, nghịch ngợm
nausea	n	'nɔ:sjə	sự buồn nôn, sự lộn mửa
nauseating	a		làm cho buồn nôn, gây buồn nôn
nauseous	a	'nɔ:sjəs	tanh tưởi, làm nôn mửa
nautical	a	'nɔ:tikəl	biển, hàng hải
nautilus	n	'nɔ:tiləs	ốc anh vũ
naval	a	'neivəl	hải quân, thuỷ quân
nave	n	veiv	trục bánh xe
navel	n	'neivəl	rốn
navigate	v	'nævigeit	lái
navigation	n	,nævi'geiʃn	nghề hàng hải, sự đi biển
navigator	n	'nævigeitə	nhà hàng gải, người đi biển
navy	n	'neivi	hải quân
nay	n	nei	sự từ chối, sự cự tuyệt
nazi	n	'nɑ:tsi	đảng viên đảng Quốc xã
nazism	n	'nɑ:tsizm	chủ nghĩa quốc xã
nbc	n		Công ty phát thanh quốc gia
nco	n		hạ sự quan
neal	v		nung
neanderthal	a		thuộc về giống người Nêanđectan
neapolitan	a		thuộc về xứ Naples
near	a	niə	gần, cận
nearby	a		gần, không xa
nearly	d	'niəli	gần, sắp
neat	a	ni:t	sạch gọn, ngăn nắp
neath	p	'ni:θ	dưới, ở dưới
neatly	d		gọn gàng, ngăn nắp
neb	n	neb	mũi, mỏ
nebula	n	'nebjulə	tinh vân
necessarily	d	'nesisərili	tất yếu, nhất thiết
necessary	a	'nesisəri	cần, cần thiết
necessity	n	ni'sesiti	sự cần thiết, điều tất yếu
neck	n	nek	cổ
necking	n	'nekiɳ	cổ cột
necklace	n	'neklis	chuỗi hạt
neckline	n		đường viền cổ áo
necktie	n	'nektai	ca vát
necromancer	n	'nekroumænsə	thầy đồng gọi hồn
necrosis	n	ne'krousis	sự chết hoại
nectar	n	'nektə	rượu tiên
neddy	n	'nedi	con lừa
nee	a		sinh ra với tên là
need	n	ni:d	sự cần
needful	a	'ni:dful	cần, cần thiết
needle	n	'ni:dl	cái kim, kim
needless	a	'ni:dlis	không cần thiết, thừa
needlessly	d		thừa, vô ích
needlework	n	'ni:dlwə:k/ (needle-craft) /'ni:dlkrɑ:ft	craft) /'ni:dlkrɑ:ft/
needs	d	'ni:dz	túng phải tính
needy	a	'ni:di	nghèo túng
nefarious	a	ni'feəriəs	hung ác
negate	v	ni'geit	phủ định, phủ nhận
negative	a	'negətiv	không, phủ định
negativity	n	'negətivnis/ (negativity) /,negə'tiviti	tính chất phủ định, tính chất phủ nhận
neglect	n	ni'glekt	sự sao lãng, sự cẩu thả
neglected	a		lôi thôi lếch thếch
negligee	n		quần áo xuềnh xoàng mặc ở nhà
negligence	n	'neglidʤəns	tính cẩu thả, tính lơ đễnh
negligent	a	'neglidʤənt	cẩu thả, lơ đễnh
negligible	a	'neglidʤəbl	không đáng kể
negotiable	a	ni'gouʃjəbl	có thể thương lượng được
negotiate	v	ni'gouʃieit	điều đình, đàm phán
negotiation	n	ni,gouʃi'eiʃn	sự điều đình, sự đàm phán
negotiator	n	ni'gouʃieitə	người điều đình, người đàm phán
negro	n	'ni:grou	người da đen
neigh	n	nei	tiếng hí
neighbor	n		như neighbour
neighborhood	n		hàng xóm
neighboring	n		như neighbouring
neighborly	n		như neighbourly
neighbour	n	'neibə	người hàng xóm, người láng giềng
neighbourhood	n	'neibəhud	hàng xóm, láng giềng
neighbouring	a	'neibəriɳ	bên cạnh, láng giềng
neither	a	'naiðə, (Mỹ) 'ni:ðə	không, không... này mà cũng không... kia
nelly	n	'neli	chim hải âu lớn
nelson	n		một môn đấu vật
nemesis	n	'nemisis	nữ thần báo ứng
neo	n		tiền tố
neolithic	a	,ni:ou'liθik	thời kỳ đồ đá mới
neon	n	'ni:ən	nê-ông
nephew	n	'nevju:	cháu trai
nepotism	n	'nepətizm	gia đình trị, thói kéo người nhà vào làm
neptune	n	'neptju:n	thần biển, hải thần
nerve	n	nə:v	dây thần kinh
nervous	a	'nə:vəs	thần kinh
nervously	d		bồn chồn, lo lắng
nervousness	n	'nə:vəsnis/ (nervosity) /nə:'vɔsiti	tính nóng nảy, sự bực dọc
nest	n	nest	tổ, ổ
nestor	n	'nestɔ:	Ne-xto
net	n	net	lưới, mạng
nether	a	'neðə	dưới, ở dưới
netting	n	'netiɳ	lưới, mạng lưới
nettle	n	'netl	cây tầm ma
network	n	'netwə:k	lưới, đồ dùng kiểu lưới
neural	a	'njuərəl	thần kinh
neurological	a		thần kinh, hệ thần kinh
neurologist	n	njuə'rɔlədʤist	nhà thần kinh học
neurology	n	njuə'rɔlədʤi	khoa thần kinh, thần kinh học
neuroses	n	njuə'rousis	chứng loạn thần kinh chức năng
neurosis	n	njuə'rousis	chứng loạn thần kinh chức năng
neurosurgeon	n	,njuərou'sə:dʤən	nhà giải phẫu thần kinh
neurosurgery	n	,njuərou'sə:dʤəri	khoa giải phẫu thần kinh
neurotic	a	njuə'rɔtik	loạn thần kinh chức năng
neuter	a	'nju:tə	trung, giống trung
neutral	a	'nju:trəl	trung lập
neutralise	v	'nju:trəlaiz/ (neutralise) /'nju:trəlaiz	trung lập hoá
neutrality	n	nju:'træliti	tính chất trung lập, thái độ trung lập
neutralize	v	'nju:trəlaiz/ (neutralise) /'nju:trəlaiz	trung lập hoá
neutrino	n		nơtrinô
neutron	n	'nju:trɔn	Nơtron
never	d	'nevə	không bao giờ, không khi nào
nevermind	n	'nevə'maind	sự chú ý, sự quan tâm
nevermore	d	'nevə'mɔ:	không bao giờ nữa, không khi nào nữa
nevertheless	d	,nevəðə'les	tuy nhiên, tuy thế mà
new	a	nju:	mới, mới mẻ
newborn	a		mới sinh
newcomer	n	'nju:'kʌmə	người mới đến
newfoundland	n	nju:'faundlənd	giống chó niufalan newfoundland dog)
newly	d	'nju:li	mới
newlywed	n		người vừa mới lập gia đình
news	n	nju:z	tin, tin tức
newscast	n	'nju:zkɑ:st	bản tin ở đài
newscaster	n	'nju:zkɑ:stə	người phát thanh bản tin ở đài
newsflash	n		tin tức hoặc công điện khẩn cấp phát trê
newsman	n		ký giả, nhà báo
newspaper	n	'nju:z,peipə	báo
newspaperman	n		nhà báo
newsreader	n		Cách viết khác : newscaster
newsreel	n		phim thời sự
newsworthy	a		đáng đưa thành tin, đáng đưa lên mặt báo
newt	n	nju:t	sa giông
next	a	nekst	sát, gần
nexus	n	'neksəs	mối quan hệ, mối liện hệ
nhs	n		Sở y tế quốc dân
ni	n		lợi tức quốc dân, thu nhập quốc dân
nibble	n	'nibl	sự gặm, sự nhắm
nibs	n		đức ngài, đức ông
nice	a	nais	thú vị, dễ chịu
nicely	d	'naisli	thú vị, dễ chịu
niceness	n	'naisnis	sự thú vị, sự dễ chịu
niche	n	nitʃ	hốc thường
nick	n	nik	nấc, khía
nickel	v	'nikl/ (nickelise) /'nikəlaiz/ (nickelize) /'nikəlaiz	mạ kền
nickname	n	'nikneim	tên hiệu, tên riêng
nicotine	n	'nikəti:n	nicôtin
niece	n	ni:s	cháu gái
nifty	a	'nifti	đúng mốt, diện sộp
nig	v		đẽo đá
nigger	n	'nigə	màu nâu sẫm, màu sôcôla nigger brown)
nigh	a	nai	thơ gần, ở gần
night	n	nait	đêm, tối
nightcap	n	'naitkæp	màn ngủ
nightfall	n	'naitfɔ:l	lúc sẩm tối, lúc chập tối
nightingale	n	'naitiɳgeil	chim sơn ca
nightly	a	'naitli	về đêm, đêm đêm
nightmare	n	'naitmeə	cơn ác mộng
nightmarish	a	'naitmeəriʃ	như một cơn ác mộng
nights	n		đêm tối
nightshade	n	'naitʃeid	cây ớt mả, cây lu lu đực
nightstand	n		xem night-table
nightstick	n		gậy tuần đêm
nighty	n	'naiti	quần áo ngủ
nil	n	nil	không
nim	v		lấy
nimble	a	'nimbl	lanh lẹ, nhanh nhẹn
nimbus	n	'nimbəs	mây mưa, mây dông
nincompoop	n	'ninkəmpu:p	người ngốc nghếch, người khờ dại
nine	a	nain	chín
nineteen	a	'nain'ti:n	mười chín
nineteenth	a	'nain'ti:nθ	thứ mười chín
nineties	n		độ tuổi từ 9 o đến 99
ninety	a	'nainti	chín mươi
ninny	n	'nini	người ngờ nghệch, người ngu xuẩn
ninth	a	nainθ	thứ chín
niobe	n	'naiəbi	nữ thần Ni-ốp
nip	n	nip	của Nipponese
nipped	a		bị kẹt trong băng
nipper	n	'nipə	người cấu, người véo
nipping	a	'nipiɳ	rét buốt, cóng cắt da cắt thịt
nipple	n	'nipl	núm vú, đầu vú cao su
nippy	a	'nipi	lạnh, tê buốt
nirvana	n		cõi niết bàn
nit	n	nit	trứng chấy, trứng rận
nitrate	n	'naitreit	Nitrat
nitric	a	'naitrik	Nitric
nitrogen	n	'naitridʤən	Nitơ
nitrous	a	'naitrəs	Nitrơ
nitwit	n	'nitwit	người ngu đần
nix	i	niks	chú ý!, hãy cẩn thận!
no	d	nou	không
noah	n		thuyền Nô-ê
nob	n	nɔb	cái đầu
nobby	a	'nɔbi	bảnh, sang
nobility	n	nou'biliti	tính cao quý, tính cao thượng
noble	a	'noubl	quý tộc, quý phái
nobleman	n	'noublmən	người quý tộc, người quý phái
nobly	d	'noubli	cao thượng, hào hiệp
nobody	n	'noubədi	không ai, không người nào
nocturnal	a	nɔk'tə:nl	đêm, về đêm
nod	n	nɔd	cái gật đầu, sự cúi đầu
node	n	noud	mấu, đốt
noel	n	nou'el	ngày lễ Nô-en
nog	n	nɔg	rượu bia bốc
noggin	n	'nɔgin	ca nhỏ
noise	n	nɔiz	tiếng, tiếng ồn ào
noisily	d		ồn ào, huyên náo
noisy	a	'nɔizi	ồn ào, om sòm
nomad	n	'nɔməd	dân du cư, người sống nay đây mai đó
nomadic	a	nou'mædik	nay đây mai đó, du cư
nominal	a	'nɔminl	tên, danh
nominate	v	'nɔmineit	chỉ định, chọn
nomination	n	,nɔmi'neiʃn	sự chỉ định, sự bổ nhiệm
nominee	n	,nɔmi'ni:	người được chỉ định, người được bổ nhiệm
non	n		không
nonce	n	nɔns	for the nonce trong dịp này, thời gian n
nonchalant	a	'nɔnʃələnt	thờ ơ, hờ hững
nondescript	a	'nɔndiskript	khó nhận rõ, khó tả
none	n	nʌn	không ai, chẳng một ai
nonetheless	n		trạng từ
nonprofit	a		không vì mục đích lợi nhuận, bất vụ lợi
nonsense	n	'nɔnsəns	lời nói vô lý, lời nói vô nghĩa
nonsensical	a	nɔn'sensikəl	vô lý, vô ý nghĩa
nonviolence	n	'nɔn'vaiələnt	sự bất bạo động, sự không dùng bạo lực
nonviolent	a	'non'vaiələnt	bất bạo động, không dùng bạo lực
noodle	n	'nu:dl	người ngớ ngẩn, người xuẩn ngốc
nook	n	nuk	góc, xó
noon	n	nu:n	trưa, buổi trưa
noose	n	nu:s	thòng lọng
nope	d	noup	, không
nor	d	nɔ:	mà... cũng không, và... không
nordic	a	'nɔ:dik	Bắc-Âu
norm	n	nɔ:m	quy tắc tiêu chuẩn
normal	a	'nɔ:məl	thường, thông thường
normalcy	n	'nɔ:məlsi	normality
normality	n	nɔ:'mæliti	trạng thái thường, tính chất bình thường
normally	d	'nɔ:məli	thông thường, như thường lệ
norman	a	'nɔ:mən	người Nóoc-măng
norse	a	nɔ:s/ (Norsk) /nɔ:sk	Na-uy
north	n	nɔ:θ	hướng bắc, phương bắc
northbound	a		về hướng bắc, theo hướng bắc
northern	a	'nɔ:ðən	bắc
northward	n	'nɔ:θwəd	hướng bắc
northwest	n		miền tây bắc
norwegian	a	nɔ:'wi:dʤən	Na-uy
nos	n		hệ điều hành mạng
nose	n	nouz	mũi, mõm
nosebleed	n		sự chảy máu từ mũi ra, sự chảy máu cam
nosedive	n	'nouzdaiv	sự đâm bổ nhào, sự bổ nhào xuống
nosey	a	'nouzi/ (nosey) /nosey	có mũi to
nosh	n	nɔʃ	quà vặt, món ăn vặt
nostalgia	n	nɔs'tældʤiə	nỗi nhớ nhà, lòng nhớ quê hương
nostalgic	a	nɔs'tældʤik	nhớ nhà, nhớ quê hương
nostril	n	'nɔstril	lỗ mũi
nosy	a	'nouzi/ (nosey) /nosey	có mũi to
not	d	nɔt	không
notable	a	'noutəbl	có tiếng, trứ danh
notably	d	'noutəbli	đáng kể, đáng chú ý
notarized	a		do công chứng viên lập ra
notary	n	'noutəri	công chứng viên notary public)
notation	n	nou'teiʃn	ký hiệu
notch	n	nɔtʃ	vết khía hình V
note	n	nout	lời ghi, lời ghi chép
notebook	n	'noutbuk	sổ tay, sổ ghi chép
noted	a	'noutid	nổi tiếng, có danh tiếng
notepad	n		tập giấy dùng để ghi chép
noteworthy	a	'nout,wə:ði	đáng chú ý, đáng để ý
nothing	n	'nʌθiɳ	sự không có, sự không tồn tại
nothingness	n	'nʌθiɳnis	hư vô, hư không
notice	n	'noutis	thông tri, yết thị
noticeable	a	'noutisəbl	đáng chú ý, đáng để ý
notification	n	,noutifi'keiʃn	sự báo, sự khai báo
notify	v	'noutifai	báo, khai báo
notion	n	'nouʃn	ý niệm, khái niệm
notoriety	n	,noutə'raiəti	trạng thái rõ ràng, trạng thái hiển nhiê
notorious	a	nou'tɔ:riəs	rõ ràng, hiển nhiên
notoriously	d		lừng danh, khét tiếng
notwithstanding	d	,nɔtwiθ'stændiɳ	cũng cứ, ấy thế mà
nougat	n	'nu:gɒ:	kẹo nuga
nought	n	nɔ:t	số không
noun	n	naun	danh t
nourish	v	'nʌriʃ	nuôi, nuôi nấng
nourishing	a	'nʌriʃiɳ	b
nourishment	n	'nʌriʃmənt	sự nuôi, sự nuôi dưỡng
nous	n	naus	trí tuệ, lý trí
nova	n	'nouvə	sao mới hiện
novel	a	'nɔvəl	mới, mới lạ
novelist	n	'nɔvə'list	người viết tiểu thuyết
novelty	n	'nɔvəlti	tính mới, tính mới lạ
november	n	nou'vembə	tháng mười một
novice	n	'nɔvis	người tập việc, người mới học
now	d	nau	bây giờ, lúc này
nowadays	d	'nauədeiz	ngày nay, đời nay
nowhere	d	'nouweə	không nơi nào, không ở đâu
noxious	a	'nɔkʃəs	độc, hại
nozzle	n	'nɔzl	miệng, vòi
nt	n		biểu hiệu vùng danh lam thắng cảnh cần b
nu	n		nuy
nuance	n	nju:'Ỵ:ns	sắc thái
nub	n	nʌb	cục nhỏ nubble)
nuclear	a	'nju:kliə/ (nucleate) /'nju:kliit	hạt nhân
nuclei	n	'nju:kliəs	tâm, trung tâm & )
nucleus	n	'nju:kliəs	tâm, trung tâm & )
nude	a	nju:d	trần, trần truồng
nudge	n	nʌdʤ	cú đánh bằng khuỷ tay, cú thúc bằng khuỷ
nudie	n		vũ nữ thoát y
nudist	n	'nju:dist	người theo chủ nghĩa khoả thân
nudity	n	'nju:diti	tình trạng trần truồng, sự trần trụi
nugget	n	'nʌgit	vàng cục tự nhiên, quặng vàng
nuisance	n	'nju:sns	mối gây thiệt hại, mối gây khó chịu
nuke	n		Xoá toàn bộ một thư mục hoặc toàn bộ đựa
null	a	nʌl	vô hiệu, không có hiệu lực
numb	a	nʌm	tê, tê cóng
number	n	'nʌmbə	số
numbering	n		sự ghi số vào cái gì, sự đánh số
numbness	n	'nʌmnis	tình trạng tê, tình trạng tê cóng
numbskull	n	'nʌmskʌl/ (numbskull) /'nʌmskʌl	người đần độn, người ngốc nghếch
numerical	a	nju:'merikəl	số
numerous	a	'nju:mərəs	đông, đông đảo
nun	n	nʌn	bà xơ, nữ tu sĩ
nunnery	n	'nʌnəri	nữ tu viện
nuptial	a	'nʌpʃəl	hôn nhân, lễ cưới
nuptials	n		lễ cưới
nurse	n	nə:s	cá nhám
nursemaid	n	'nə:smeid/ (nurserymaid) /'nə:srimeid	cô giữ trẻ, chị bảo mẫu
nursery	n	'nə:sri	phòng dành riêng cho tre bú
nursing	n		sự chăm sóc bệnh nhân, sự điều dưỡng
nurture	n	'nə:tʃə	đồ ăn
nut	n	nʌt	quả hạch
nutcracker	n	'nʌt,krækə	cái kẹp quả hạch
nutmeg	n	'nʌtmeg	hạt nhục đậu khấu
nutrient	a	'nju:triənt	bổ, dinh dưỡng, dùng làm chất nuôi dưỡng
nutrition	a	nju:'triʃn	sự nuôi dưỡng, sự dinh dưỡng
nutritional	a		dinh dưỡng
nutritionist	n		nhà nghiên cứu về lĩnh vực dinh dưỡng
nutritious	a	nju:'triʃəs	bổ, có chất bổ; dinh dưỡng
nuts	a		dở hơi
nutshell	n	'nʌtʃel	bỏ quả hạch
nutter	n		người hái lượm quả hạch
nutty	a	'nʌti	nhiều quả hạch
nylon	n	'nailən	ni lông
nymph	n	nimf	nữ thần
nympho	n	'nimfou	người đàn bà cuồng dâm
nymphomaniac	n	,nimfə'meiniæk	chứng cuồng dâm
o	n	ou	o
oaf	n	ouf	đứa bé sài đẹn, đứa bé bụng ỏng đít eo
oak	n	ouk	cây sồi
oar	n	ɔ:	mái chèo
oasis	n	ou'eisi:z	ốc đảo
oat	n	out	yến mạch
oath	n	ouθ	lời thề, lời tuyên thệ
oatmeal	n	'outmi:l	bột yến mạch
ob	n		vt của Latin obiit
obedience	n	ə'bi:djəns	sự nghe lời, sự vâng lời
obedient	a	ə'bi:djənt	biết nghe lời, biết vâng lời
obediently	n		Phó từ của obedient
obelisk	n	'ɔbilisk	đài kỷ niệm, tháp
obese	a	ou'bi:s	béo phị, trệ
obesity	n	ou'bi:siti	sự béo phị, sự trệ
obey	v	ə'bei	vâng lời nghe lời, tuân theo
obi	n	'oubi	obeah
obit	n	'ɔbit	lễ cầu hồn, lễ kỷ niệm
obituary	n	ə'bitjuəri	lời cáo phó
object	n	'ɔbdʤikt	đồ vật, vật thể
objection	n	əb'dʤekʃn	sự phản đối, sự chống đối
objectionable	a	əb'dʤekʃənbl	có thể bị phản đối, đáng chê trách
objective	a	ɔb'dʤektiv	khách quan
objectively	n		trạng từ
objectivity	n	ɔb'dʤektivnis/ (objectivity) /,ɔbdʤek'tiviti	tính khách quan
obligation	n	,ɔbli'geiʃn	nghĩa vụ, bổn phận
obligatory	a	ɔ'bligətəri	bắt buộc, cưỡng bách
oblige	v	ə'blaidʤ	bắt buộc, cưỡng bách
obliged	a		biết ơn
obliging	a	ə'blaidʤiɳ	hay giúp người, sẵn lòng giúp đỡ
oblique	a	ə'bli:k	xiên, chéo
obliterate	v	ə'blitəreit	xoá, tẩy
oblivion	n	ə'bliviən	sự lãng quên
oblivious	a	ə'bliviəs	quên, lâng quên
obnoxious	a	əb'nɔkʃəs	khó chịu, đáng ghét
oboe	n	'oubou	kèn ôboa
obscene	a	ɔb'si:n	tục tĩu, tà dâm
obscenity	n	ɔb'si:niti	sự tục tĩu, sự tà dâm
obscure	a	əb'skjuə	tối, tối tăm
obscurity	n	əb'skjuəriti	sự tối tăm, sự mờ mịt
observant	a	əb'zə:vənst	hay quan sát, tinh mắt
observation	n	,ɔbzə:'veiʃn	sự quan sát, sự để ý
observational	a	,ɔbzə:'veiʃənl	sự quan sát, sự theo dõi
observatory	n	əb'zə:vətri	đài thiên văn
observe	v	əb'zə:v	quan sát, nhận xét
observed	n		the observed
observer	n	əb'zə:və	người theo dõi, người quan sát
observing	a	əb'zə:viɳ	có khả năng nhận xét, hay quan sát
obsess	v	əb'ses	ám ảnh
obsession	n	əb'seʃn	sự ảm ảnh, tình trạng bị ám ảnh
obsessive	a	əb'sesiv	ám ảnh
obsessively	d		một cách ám ảnh
obsidian	n	ɔb'sidiən	Opxiđian, đá vỏ chai
obsolete	a	'ɔbsəli:t	không dùng nữa, cổ xưa
obstacle	n	'ɔbstəkl	vật chướng ngại, trở lực
obstetrician	n	,ɔbste'triʃn	thầy thuốc khoa sản, bác sĩ khoa sản
obstetrics	n	ɔb'stetriks	khoa sản
obstinacy	n	'ɔbstinəsi	tính bướng bỉnh, tính cứng đầu cứng cổ
obstinate	a	'ɔbstinit	bướng bỉnh, cứng đầu cứng cổ
obstruct	v	əb'strʌkt	làm tắc, làm bế tắc
obstruction	n	əb'strʌkʃn	sự làm tắc nghẽn, sự tắc nghẽn
obtain	v	əb'tein	đạt được, thu được
obtuse	a	əb'tju:s	cùn, nhụt
obvious	a	'ɔbviəs	rõ ràng, rành mạch
obviously	a		một cách rõ ràng, có thể thấy được
oc	n		sĩ quan chỉ huy
occasion	n	ə'keiʤn	dịp, cơ hội
occasional	a	ə'keiʤənl	thỉnh thoảng, từng thời kỳ
occasionally	d	ə'keiʤnəli	thỉnh thoảng, thảng hoặc
occipital	a	ɔk'sipitl	chẩm
occult	a	ɔ'kʌlt	sâu kín, huyền bí
occupancy	n	'ɔkjupənsi	sự chiếm đóng, sự chiếm giữ
occupant	n	'ɔkjupənt	người chiếm giữ, kẻ chiếm đóng
occupation	n	,ɔkju'peiʃn	sự chiếm, sự giữ
occupational	a	,ɔkju'peiʃənl	nghề nghiệp
occupied	a		đang sử dụng
occupy	v	'ɔkjupai	chiếm, chiếm giữ
occur	v	ə'kə:	xảy ra, xảy đên
occurrence	n		sự kiện, sự cố
ocean	n	'ouʃn	đại dương, biển
oceanic	a	,ouʃi'ænik	đại dương, biển
och	n		interj
ock	n		hậu tố tạo thành danh từ có nghĩa là nhỏ
octagon	n	'ɔktəgən	hình tám cạnh, hình bát giác
octave	n	'ɔktiv	quãng tám, tổ quãng tám
october	n	ɔk'toubə	tháng mười
octopus	n	'ɔktəpəs	con tuộc, con mực phủ
ocular	a	'ɔkjulə	mắt, cho mắt
od	n	ɔd	lực kỳ lạ
odd	n	ɔd	cú đánh thêm
oddball	n		người kỳ quặc, người lập dị
oddity	n	'ɔditi	sự kỳ cục, sự kỳ quặc
oddly	d	'ɔdli	lẻ
odds	n	ɔdz	sự chênh lệch, sự so le
ode	n	oud	thơ ca ngợi
odious	a	'oudjəs	ghê tởm
odor	n	'oudə	odour
odorless	a	'oudəlis	odourless
odour	n	'oudə	mùi &
odyssey	n	'ɔdisi	ô-đi-xê
oedipus	n	'i:dipəs	người giải đáp câu đố
of	p	ɔv, əv	của
off	d	ɔ:f	tắt
offal	n	offal	đồ vứt đi, đồ bỏ di
offence	n	ə'fens	sự phạm tội, tội
offend	v	ə'fend	xúc phạm, làm bực mình
offender	n	ə'fendə	người phạm tội, người phạm lỗi
offending	n	ə'fendiɳ	sự xúc phạm, sự phạm tội
offense	n	ə'fens	offence
offensive	n	ə'fensiv	sự tấn công, cuộc tấn công
offer	n	'ɔfə	sự đưa tay ra, sự tỏ ra sẵn sàng cho
offering	n	'ɔfəriɳ	sự biếu, sự tặng
offhand	a		quá tự nhiên, lấc cấc
office	n	'ɔfis	sự giúp đỡ
officer	n	'ɔfisə	sĩ quan
official	a	ə'fiʃəl	chính quyền, văn phòng
officially	d	ə'fiʃəli	chính thức
officiate	v	ə'fiʃieit	làm nhiệm vụ, thi hành chức vụ
offing	n	'ɔfiɳ	ngoài khơi, biển khơi
offset	n	'ɔ:fset	chồi cây, mầm cây
offshore	a		xa bờ biển, ở ngoài khơi
offside	a		việt vị
offspring	n	'ɔ:fspriɳ	con, con cái
offstage	a		ngoài sân khấu, sau sân khấu
oft	d	ɔ:ft	thường thường
often	d	'ɔ:fn/ (oftentimes) /'ɔ:fntaimz	thường, hay
oftentimes	d	'ɔ:fn/ (oftentimes) /'ɔ:fntaimz	thường, hay
ogle	n	'ougl	cái liếc mắt đưa tình
ogling	n		nét thu ba
ogre	n	'ougə	yêu tinh, quỷ ăn thịt người
oh	i	ou	chao, ôi chao
ohm	n	oum	Ôm
oho	i	ou'hou	ô hô, ô
oil	n	ɔil	dầu
oiled	a	'ɔild	có tra dầu
oily	a	'ɔili	như dầu, nhờn như dầu
ointment	n	'ɔintmənt	thuốc mỡ
ok	n		đồng ý, được
oka	n		cây chua me
okay	n		sự đồng ý, sự tán thành
okra	n	'ɔkrə	cây mướp tây
old	a	ould	già
olden	a	'ouldən	xưa, ngày xưa
oldie	n		người già hoặc vật việc cũ
ole	n		liên kết và nhúng đối tượng
olfactory	a	ɔl'fæktəri	sự ngửi
olive	n	'ɔliv	cây ôliu
olympiad	n	'ɔləpɔ'dri:də	thời kỳ bốn năm
olympian	a	ou'limpiən	núi Ô-lim-pi
olympic	a	ou'limpəs	Ô-lim-pích
olympus	n	ou'limpəs	núi Ô-lim-pi
om	n		vt của Order of Merit
omega	n	'oumigə	Omega, o dài
omelet	n	'ɔmlit/ (omelette) /'ɔmlit	trứng tráng
omelette	n	'ɔmlit/ (omelette) /'ɔmlit	trứng tráng
omen	n	'oumən	điềm
omer	n		đơn vị đo lường Do thái cổ bằng 3, 5 lít
omicron	n	ou'maikrən	o ngắn
ominous	a	'ɔminəs	báo điềm
omission	n	ou'miʃn	sự bỏ sót, sự bỏ quên
omit	v	ou'mit	bỏ sót, bỏ quên
omitted	n		bị bỏ qua không lấy
omnibus	n	'ɔmnibəs	xe ô tô hai tầng
omnipotent	a	ɔm'nipətənt	có quyền tuyệt đối, có quyền vô hạn
omnipresent	a	'ɔmni'prezənt	có mặt ở khắp nơi
omniscient	a	ɔm'nisiənt	thông suốt mọi sự, toàn trí toàn thức
on	n	ɔn	trên, ở trên
once	d	wʌns	một lần
oncologist	n		bác sĩ chuyên khoa ung thư
oncology	n	ɔn'kɔlədʤi	khoa ung thư
oncoming	n	'ɔn,kʌmiɳ	sự sắp đến, sự đang đến
one	a	wʌn	một
oneness	n	'wʌnnis	tính chất duy nhất, tính chất độc nhất
oneself	n	wʌn'self	bản thân mình, tự mình
onion	n	'ʌnjən	củ hành
online	a		trực tuyến
only	a	'ounli	chỉ có một, duy nhất
ono	n		nhất là trong các quảng cáo đã được phân
onset	n	'ɔnset	sự tấn công, sự công kích
onslaught	n	'ɔnslɔ:t	sự công kích dữ dội, sự tấn công dữ dội
onstage	a		trên sân khấu, cử toạ trông thấy được
onto	p	'ɔntu	về phía trên, lên trên
onward	n	'ɔnwəd	về phía trước, tiến lên
onwards	d	'ɔnwədz	onward
onyx	n	'ɔniks	Onixơ, mã não dạng dải
oodles	n	'u:dlz	sự quá nhiều, sự vô vàn
oof	n	u:f	tiền, của
oolong	n	'u:lɔɳ	chè ô long
oomph	n	u:mf	sự gợi tình
oops	n		Viết tắt của object-oriented programming
ooze	n	u:z	bùn sông, bùn cửa biển
op	n		vt của operation
opal	n	'oupəl	Opan
opaque	a	ou'peik	mờ đục, không trong suốt
ope	v	oup	open
open	a	'oupən	mở, ngỏ
opener	n	'oupnə	người mở
opening	n	'oupniɳ	khe hở, lỗ
openly	d	'oupnli	công khai
openness	n	'oupnnis	sự mở, tình trạng mở
opera	n	'ɔpərə	Opêra
operate	v	'ɔpəreit	hoạt động
operated	n		được điều khiển
operatic	a	pə'rætik	opêra, như opêra
operation	n	,ɔpə'reiʃn	sự hoạt động, quá trình hoạt động
operational	a	,ɔpə'reiʃənl	hoạt động, thuộc quá trình hoạt động
operative	a	'ɔpərətiv	có tác dụng, có hiệu lực
operator	n	'ɔpəreitə	người thợ máy, người sử dụng máy móc
operetta	n	,ɔpə'retə	Opêret
ophthalmologist	n	,ɔfθæl'mɔlədʤist	bác sĩ chữa mắt
opiate	a	'oupiit	có thuốc phiện
opinion	n	ə'pinjən	ý kiến, quan điểm
opinionated	a	ə'pinjəneitid/ (opinionative) /ə'oiniəneitiv	khăng khăng giữ ý kiến mình
opium	n	'oupjəm	thuốc phiện & )
opponent	a	ə'pounənt	phản đối, đối lập
opportune	a	'ɔpətju:n	hợp, thích hợp
opportunist	a	'ɔpətju:nist/ (opportunistic) /,ɔpətju:'nistik	cơ hội chủ nghĩa
opportunistic	a	'ɔpətju:nist/ (opportunistic) /,ɔpətju:'nistik	cơ hội chủ nghĩa
opportunity	n	,ɔpə'tju:niti	cơ hội, thời cơ
opposable	a	ə'pouzəbl	có thể chống đối, có thể phản đối
oppose	v	ə'pouz	đối kháng, đối lại
opposed	a		chống lại, phản đối
opposite	a	'ɔpəzit	đối nhau, ngược nhau
opposition	n	,ɔpə'ziʃn	sự đối lập, sự đối nhau
oppress	v	ə'pres	đè bẹp, đè nặng
oppression	n	ə'preʃn	sự đàn áp, sự áp bức
oppressive	a	ə'presiv	đàn áp, áp bức
oppressor	n	ə'presə	kẻ đàn áp, kẻ áp bức
ops	n		sự hoạt động, quá trình hoạt động
opt	v	ɔpt	chọn, chọn lựa
optic	a	'ɔptik	mắt
optical	a	'ɔptikəl	sự nhìn, thị giác
optics	n	'ɔptiks	quang học
optimal	a	'ɔptiməl	tốt nhất
optimism	n	'ɔptimizm	sự lạc quang, tính lạc quan
optimist	n	'ɔptimist	người lạc quan
optimistic	a	,ɔpti'mistik	lạc quan chủ nghĩa
optimization	n		sự tối ưu hoá
optimum	n	'ɔptiməm	điều kiện tốt nhất, điều kiện thuận lợi
option	n	'ɔpʃn	sự chọn lựa, quyền lựa chọn
optional	a	'ɔpʃənl	tuỳ ý, không bắt buộc
optometrist	n	ɔp'tɔmitrist	người đo thị lực
opulent	a	'ɔpjulənt	giàu có, phong phú
opus	n	'oupəs	op., số nhiều của opera
or	n	ɔ:	vàng
ora	n		số nhiều
oracle	n	'ɔrəkl	lời sấm, thẻ
oral	a	'ɔ:rəl	bằng lời nói, nói miệng
orally	d	'ɔ:rəli	bằng cách nói miệng, bằng lời
orange	n	'ɔrindʤ	quả cam
orator	n	'ɔrətə	người diễn thuyết, nhà hùng biện
oratory	n	'ɔrətəri	nhà thờ nhỏ
orb	n	ɔ:b	hình cầu, quả cầu
orbit	n	'ɔ:bit	ổ mắt
orbital	a	'ɔ:bitl	ổ mắt
orbiter	n		người/vật đi theo quỹ đạo
orc	n	ɔ:k/ (orca) /'ɔ:kə	loại cá kình
orca	n	ɔ:k/ (orca) /'ɔ:kə	loại cá kình
orchard	n	'ɔ:tʃəd	vườn cây ăn quả
orchestra	n	'ɔ:kistrə	ban nhạc, dàn nhạc
orchestral	a	ɔ:'kistrəl	dàn nhạc, dành cho dàn nhạc
orchestrate	v	'ɔ:kistreit	phối dàn nhạc, soạn lại cho dàn nhạc
orchestration	n	,ɔ:kes'treiʃn	sự phối dàn nhạc, sự soạn lại cho dàn nh
orchid	n	'ɔ:kid	cây lan, cây phong lan orchis)
ordeal	n	'ɔ:di:l	sự thử thách
order	n	'ɔ:də	thứ, bậc
ordered	a		ngăn nắp
Ordering	n		Xếp thứ tự.
orderly	a	'ɔ:dəli	thứ tự, ngăn nắp
ordinance	n	'ɔ:dinəns	sắc lệnh, quy định
ordinarily	d		theo cách bình thường
ordinary	a	'ɔ:dnri	thường, thông thường
ordnance	n	'ɔ:dnəns	pháo, súng lớn
ore	n	ɔ:	quặng
organ	n	'ɔ:gən	đàn ống, đàn hộp barrel organ)
organic	a	ɔ:'gænik	cơ quan
organically	d	'ɔ:gænikəli	hữu cơ
organise	n		xem organize
organism	n	'ɔ:gənizm	cơ thể, sinh vật
organist	n	'ɔ:gənist	người đánh đàn ống
organization	n	,ɔ:gənai'zeiʃn	sự tổ chức, sự cấu tạo
organizational	a		tổ chức, cơ quan
organize	v	'ɔ:gənaiz/ (organise) /'ɔ:gənaiz	tổ chức, cấu tạo
organized	a		có trật tự, ngăn nắp
organizer	n	'ɔ:gənaizə	người tổ chức
orgasm	n	'ɔ:gæzm	lúc cực khoái
orgasmic	a		xem orgasmic
orgy	n	'ɔ:dʤi	cuộc chè chén say sưa, cuộc truy hoan
orient	n	'ɔ:riənt	phương đông
oriental	a	,ɔ:ri'entl	ở phương đông
orientation	n	,ɔ:fien'teiʃn	sự định hướng
orifice	n	'ɔrifis	lỗ, miệng
origami	n		từ loại
origin	n	'ɔridʤin	gốc, nguồn gốc
original	a	ə'ridʤənl	gốc, nguồn gốc
originality	n	ə,ridʤi'næliti	tính chất gốc, tính chất nguồn gốc
originally	d	ə'ridʤnəli	với tính chất gốc, về nguồn gốc
originate	v	ə'ridʤineit	bắt đầu, khởi đầu
orion	n	ə'raiən	chòm sao O-ri-on
orleans	n	ɔ:'liɔnz	mận oolêăng
ornament	n	'ɔ:nəment	đồ trang hoàng, đồ trang trí
ornamental	a	,ɔ:nə'mentl	có tính chất trang hoàng, có tính chất t
ornate	a	ɔ:'neit	trang trí công phu, trang sức lộng lẫy
ornery	a		) xấu tính
orphan	a	'ɔ:fən	mồ côi
orphanage	n	'ɔ:fənidʤ	cảnh mồ côi
orthodontist	n	,ɔ:θou'dɔntist	bác sĩ chỉnh răng
orthodox	a	'ɔ:θədɔks	chính thống
orthodoxy	n	'ɔ:θədɔksi	tính chất chính thống
orthopedic	a	,ɔ:θou'pi:dik/ (orthopaedic) /,ɔ:θou'pi:dik	thuật chỉnh hình, khoa chỉnh hình
os	n		vt của Ordinary Seaman
oscar	n	'ɔskə	giải thưởng về diễn xuất
oscillator	n	'ɔsileitə	máy dao động
osprey	n	'ɔspri	chim ưng biển ossifrage)
ostensibly	d		có vẻ là, bề ngoài là
ostentatious	a	,ɔsten'teiʃəs	phô trương, khoe khoang
osteoporosis	n		chứng loãng xương
ostia	n		số nhiều
ostrich	n	'ɔstritʃ	đà điểu Châu phi
ot	n		vt của Old Testament
other	a	'ʌðə	khác
others	n		đại từ
otherwise	d	'ʌðəwaiz	khác, cách khác
otter	n	'ɔtə	con rái cá
otto	n	'ætə/ (otto) /'ɔtou	tinh dầu hoa hồng
ottoman	n	'ɔtəmən	ghế dài có đệm
ou	n		vt của Open University
ouch	n	autʃ	mốc, khoá
ought	v	ɔ:t	phải
ouija	n	'wi:dʤɑ:	bảng chữ để xin thẻ thánh, bảng thẻ ouij
ounce	n	auns	oz
our	a	'auə	của chúng ta, của chúng tôi
ours	n	'auəz	cái của chúng ta, cái của chúng tôi
ourself	n	,auə'self	số ít của ourselves
ourselves	n	,auə'selvz	bản thân chúng ta, bản thân chúng tôi
oust	v	aust	đuổi, trục xuất
out	d	aut	ngoài, ở ngoài
outage	n	'autidʤ	sự ngừng chạy vì thiếu điện, thiếu chất
outback	a	'autbæk	xa xôi hẻo lánh
outbid	v	aut'bid	trả giá cao hơn, hứa hẹn nhiều hơn
outboard	a	'autbɔ:d	ở phía ngoài tàu, về phía ngoài tàu
outbreak	n	'autbreik	sự phun lửa
outburst	n	'autbə:st	sự phun lửa
outcast	n	'autkɑ:st	người bị xã hội ruồng bỏ
outcome	n	'autkʌm	hậu quả, kết quả
outcry	n	'autkrai	sự la thét, tiếng la thét
outdated	a	aut'deitid	lỗi thời, cổ
outdid	v	aut'du:	vượt, hơn hẳn
outdo	v	aut'du:	vượt, hơn hẳn
outdone	v	aut'du:	vượt, hơn hẳn
outdoor	a	'autdɔ:	ngoài trời, ở ngoài
outdoors	d	'aut'dɔ:z	ở ngoài trời, ở ngoài nhà
outer	a	'autə	ở phía ngoài, ở xa hơn
outfield	n	'autfi:ld	ruộng đất xa trang trại, ruộng bỏ cỏ mọc
outfit	n	'autfit	đồ trang bị, quần áo giày mũ...
outgoing	n	'aut,gouiɳ	outgo
outgrew	v	aut'grou	lớn hơn, mọc cao hơn
outgrow	v	aut'grou	lớn hơn, mọc cao hơn
outgrown	v	aut'grou	lớn hơn, mọc cao hơn
outhouse	n	'authaus	nhà phụ, nhà ngoài
outing	n	'autiɳ	cuộc đi chơi, cuộc đi nghỉ hè
outlandish	a	aut'lændiʃ	của người nước ngoài
outlast	v	aut'lɑ:st	tồn tại lâu hơn, dùng được lâu hơn
outlaw	n	'autlɔ:	người sống ngoài vòng pháp luật, người k
outlet	n	'autlet	chỗ thoát ra, lối ra
outline	n	'autlain	nét ngoài, đường nét
outlive	v	aut'liv	sống lâu hơn
outlook	n	'autluk	quang cảnh, viễn cảnh
outlying	a	'aut,laiiɳ	ở xa, ở ngoài rìa
outmoded	a	'aut'moudid	không phải mốt, không còn mốt nữa
outnumber	v	aut'nʌmbə	đông hơn
outpatient	n	'aut,peiʃənt	người bệnh ở ngoài, người bệnh ngoại trú
outpost	n	'autpoust	tiền đồn
outpouring	n	'aut,pɔ:riɳ	sự đổ ra, sự chảy tràn ra
output	n	'autput	sự sản xuất
outrage	n	'autreidʤ	sự xúc phạm, sự làm phương hại
outrageous	a	aut'reidʤəs	xúc phạm, làm tổn thương
outrageously	d		kỳ quặc
outrank	v	aut'ræɳk	hơn cấp, ở cấp cao hơn
outreach	v	aut'ri:tʃ	vượt hơn
outright	a	aut'rait	hoàn toàn, toàn bộ
outrun	v	aut'rʌn	chạy nhanh hơn, chạy vượt
outset	n	'autset	sự bắt đầu
outshine	v	aut'ʃain	sáng, chiếu sáng
outside	n	'aut'said	bề ngoài, bên ngoài
outsider	n	'aut'saidə	người ngoài cuộc, người không thể cho nh
outskirts	n	'autskə:ts	vùng ngoài, ngoại ô
outsmart	v	aut'smɑ:t	khôn hơn, láu hơn
outsourcing	n		sự đồng ý nhận linh kiện, phụ tùng do mộ
outspoken	a	aut'spoukn	nói thẳng, trực tính
outstanding	a	aut'stændiɳ	nổi bật, đáng chú ý
outstretched	a	'autstetʃt	kéo dài ra, trải dài ra
outward	v	'autwəd	đi xa hơn, đi nhanh hơn
outwardly	d	'autwədli	bề ngoài
outwards	d	'autwədz	ra phía ngoài, hướng ra ngoài
outweigh	v	aut'wei	nặng hơn, nặng quá đối với
outwit	v	aut'wind	khôn hơn, mưu mẹo hơn
outwith	n	aut'wit	ngoài ra
ouzo	n		rượu Hy-lạp có mùi hồi, thường được pha
oval	a	'ouvəl	có hình trái xoan
ovarian	a	ou'veəriən	buồng trứng
ovary	n	'ouvəri	buồng trứng
ovation	n	ou'veiʃn	sự hoan hô, sự tung hô
oven	n	'ʌvn	lò
over	n	'ouvə	trên, ở trên
overall	a	'ouvərɔ:l	toàn bộ, toàn thể
overbearing	a	,ouvə'beəriɳ	hống hách
overblown	a	'ouvə'bloun	nở to quá, sắp tàn
overboard	d	'ouvəbɔ:d	qua mạn tàu, từ trên mạm tàu xuống biển
overcame	v	,ouvə'kʌm	thắng, chiến thắng
overcast	v	,ouvə'kɑ:st	làm u ám, phủ mây
overcoat	n	'ouvə'kout	áo khoác ngoài
overcome	v	,ouvə'kʌm	thắng, chiến thắng
overconfident	a		quá tin, cả tin
overcrowded	a		chật ních, đông nghịt
overcrowding	n		tình trạng có quá nhiều người tại một nơ
overdid	v	'ouvə'du:	làm quá trớn, làm quá
overdo	v	'ouvə'du:	làm quá trớn, làm quá
overdone	v	'ouvə'du:	làm quá trớn, làm quá
overdose	n	'ouvədous	liều quá mức
overdraft	n	'ouvədrɑ:ft	sự rút quá số tiền gửi
overdrawn	v	'ouvə'drɔ:	rút quá số tiền gửi
overdrive	v	'ouvə'draiv	ốp, bắt làm quá sức , bắt kéo quá sức
overdue	a	'ouvə'dju:	quá chậm
overestimate	n	'ouvər'estimit	sự đánh giá quá cao['ouvər'estimeit]
overextended	a		trải rộng
overflow	n	'ouvəflou	sự tràn ra
overflowing	a	,ouvə'flouiɳ	tràn đầy, chan chứa['ouvə
overgrown	v	'ouvə'grou	mọc tràn ra, mọc che kín
overhaul	n	'ouvəhɔ:l	sự kiểm tra kỹ lưỡng, sự xem xét toàn bộ
overhead	a	'ouvəhed	ở trên đầu
overhear	v	,ouvə'hiə	nghe lỏm, nghe trộm
overheard	v	,ouvə'hiə	nghe lỏm, nghe trộm
overheat	v	'ouvə'hi:t	đun quá nóng, hâm quá nóng
overheating	n		sự quá nhiệt, sự đun quá nóng
overjoyed	a	,ouvə'dʤɔid	vui mừng khôn xiết
overkill	n	'ouvəkil	khả năng tàn phá quá mức cần thiết để th
overland	a	'ouvəlænd	bằng đường bộ, qua đất liền
overlap	n	'ouvəlæp	sự gối lên nhau
overlapping	n		sự chồng
overlay	n	'ouvəlei	vật phủ
overload	n	'ouvəloud	lượng quá tải
overlook	v	'ouvə'luk	trông nom, giám sát
overlord	n	'ouvəlɔ:d	chúa tể
overly	d	'ouvəli	quá, thái quá
overnight	d	'ouvə'nait	qua đêm
overpaid	v	'ouvə'pei	trả quá nhiều, trả thù lao quá cao
overpass	n	'ouvəpɑ:s	cầu bắc qua đường, cầu chui[
overpopulation	n	'ouvə,pɔpju'leiʃn	sự đông dân quá
overpower	v	,ouvə'pauə	áp đảo, chế ngự
overpowering	a	,ouvə'pauəriɳ	áp dảo, chế ngự
overprotective	a		bảo vệ quá mức cần thiết
overrated	a		được đánh giá cao
overreact	v		phản ứng quá mạnh mẽ, quá dữ dội đối với
overreaction	n		sự phản ứng quá mạnh mẽ, quá dữ dội đối
override	v	,ouvə'raid	cưỡi đến kiệt lực
overriding	a		quan trọng hơn bất cứ nhận định nào khác
overrule	v	,ouvə'ru:l	cai trị, thống trị
overrun	n	'ouvərʌn	sự lan tràn, sự tràn ra
oversaw	v	'ouvə'si:	trông nom, giám thị
overseas	a	'ouvə'si:/ (overseas) /'ouvə'si:z	ngoài nước, hải ngoại
oversee	v	'ouvə'si:	trông nom, giám thị
overseer	n	'ouvəsiə	giám thị
overshot	a	'ouvə'ʃu:t	chạy bằng sức nước
oversight	n	'ouvəsaid	sự quên sót, điều lầm lỗi
oversized	n	'ouvəvəsaiz	vật ngoại khổ
oversleep	v	'ouvə'sli:p	ngủ quá giờ, ngủ quá giấc
overslept	v	'ouvə'sli:p	ngủ quá giờ, ngủ quá giấc
overstep	v	'ouvə'step	đi quá & )
overt	a	'ouvə:t	công khai, không úp mở
overtake	v	,ouvə'teikn	bắt kịp, vượt
overtaken	v	,ouvə'teikn	bắt kịp, vượt
overthrew	n	'ouvəθrou	sự lật đổ, sự phá đổ
overthrow	n	'ouvəθrou	sự lật đổ, sự phá đổ
overthrown	n	'ouvəθrou	sự lật đổ, sự phá đổ
overtime	a	'ouvətaim	quá giờ, ngoài giờ
overtly	d		công khai, không úp mở
overtook	v	,ouvə'teikn	bắt kịp, vượt
overture	n	'ouvətjuə	sự đàm phán, sự thương lượng
overturn	n	'ouvətə:n	sự lật đổ, sự đảo lộn[
overview	n		sự khái quát, miêu tả chung
overwatch	v		canh giữ quá lâu, quá mệt
overweight	n	'ouvəweit	trọng lượng trội & )
overwhelm	v	,ouvə'welm	chôn vùi, tràn
overwhelming	a	,ouvə'welmiɳ	tràn ngập
overwhelmingly	d		tràn ngập, làm chôn vùi
overwork	n	'ouvə:wə:k	sự làm việc quá sức
overwrought	a	'ouvə'rɔ:t	phải làm việc quá nhiều, mệt rã rời
overzealous	a	'ouvə'zeləs	quá hăng hái, quá tích cực
ovulation	n		sự rụng trứng, sự sản ra hoặc rơi ra từ
ow	i	au	ối, đau!
owe	v	ou	nợ, hàm ơn
owing	a	'ouiɳ	còn phải trả nợ
owl	n	aul	con cú
own	a	oun	của chính mình, của riêng mình
owner	n	'ounə	người chủ, chủ nhân
ownership	n	'ounəʃip	quyền sở hữu
ox	n	ɔks	con bò, con bò đực thiến
oxen	n	'ɔksə	số nhiều của ox
oxford	n		giây thấp buộc dây ở cổ chân
oxide	n	'ɔksaid	Oxyt
oxy	a		chứa đựng/sử dụng oxy
oxygen	n	'ɔksidʤən	Oxy
oxymoron	n	,ɔksi'mɔ:rɔn	phép nghịch hợp
oyster	n	'ɔistə	con hàu
oz	n		của aoxơ
ozone	n	'ouzoun	Ozon
p	n	pi:	vật hình P
pa	n	pɑ:	của papa ba, bố
pace	n	peis	bước chân, bước
pacemaker	n		người dẫn đầu
pacer	n	'peisə	pace-maker
pacific	a	pə'sifik	thái bình, hoà bình
pacifier	n	'pæsifaiə	người bình định
pacifist	n	pə'sifisist/ (pacifist) /'pæsifist	người theo chủ nghĩa hoà bình
pacify	v	'pæsifai	bình định, dẹp yên
pack	n	pæk	bó, gói; ba lô
package	n	'pækidʤ	gói đồ, kiện hàng
packaged	a		được đóng gói
packaging	n		bao bì
packed	a		nhồi nhét
packer	n	'pækə	người gói hàng, máy gói hàng
packet	n	'pækit	gói nhỏ
packing	n	'pækiɳ	sự gói đồ, sự đóng kiện
pact	n	pækt	hiệp ước, công ước
pad	n	pæd	đường cái
padded	a		bịt, độn
padding	n	'pædiɳ	sự đệm, sự lót
paddle	n	'pædl	cái giầm, cánh
paddock	n	'pædək	bãi cỏ
paddy	n	'pædi	Paddy người Ai-len
padlock	n	'pædlɔk	cái khoá móc
padre	n	'pɑ:dri	cha, thầy cả
paedophile	n		người có quan hệ tình dục với trẻ em
paella	n		cơm thập cẩm
pagan	n	'peigən	người tà giáo, người theo đạo nhiều thần
page	n	peidʤ	trang, trang sử
pageant	n	'pædʤənt	đám rước lộng lẫy
pager	n		như beeper
paging	n		số trang của quyển sách
pagoda	n	pə'goudə	chùa
pah	i	pɑ:	hừ!, chà!
paid	v	pei	trả, nộp
pail	n	peid	cái thùng, cái xô
pain	n	pein	sự đau đớn, sự đau khổ
pained	a	peind	đau đớn, đau khổ
painful	a	'peinful	đau đớn, đau khổ
painfully	d		đau đớn, đau khổ
painless	a	'peinlis	không đau đớn
painlessly	d		không đau đớn, không buồn đau
pains	n		pain
painstaking	a	'peinz,teikiɳ	chịu khó, cần cù
painstakingly	d		chịu khó, cần cù
paint	n	peint	sơn
paintbrush	n	peintbrʌʃ	chổi sơn, bút vẽ
painter	n	peintə	thợ sơn
painting	n	'peintiɳ	sự sơn
pair	n	peə	đôi, cặp
paired	n		thành cặp, thành đôi
pairing	n		danh từ
paisley	a		có hoạ tiết là những đường cong hình cán
pajamas	n	pə'dʤɑ:məz/ (pajamas) /pə'dʤɑ:məz	pijama, quần áo ngủ
pakistani	a	,pɑ:kis'tɑ:ni	Pa-ki-xtăng
pal	n	pæl	bạn
palace	n	'pælis	cung, điện
paladin	n	'pælədin	lạc hầu
palais	n		vũ trường công cộng
palanquin	n	,pælən'ki:n/ (palanquin) /,pælən'ki:n	kiệu, cáng
palatable	a	'pælətəbl	ngon
palate	n	'pælətl	vòm miệng
palatial	a	pə'leiʃəl	như lâu đài, như cung điện
pale	v	peil	làm rào bao quanh, quây rào
palestinian	a	,pæləs'tiniən	Pa-le-xtin
palette	n	'pælit	bảng màu pallet)
pali	n	'pɑ:li	tiếng Pa-li
pall	n	pɔ:l	vải phủ quan tài
palladium	n	pə'leidjəm	tượng thần Pa-lát
pallet	n	'pælit	ổ rơm, nệm rơm
pally	a	'pæli	thân thiết, nối kh
palm	n	pɑ:m	cây cọ, cây họ cau dừa
palmer	n	'pɑ:mə	người đi viếng đất thánh mang cành cọ về
palomino	n		ngựa màu vàng với bờm và đuôi màu sáng
palp	n	pælp/ (palpus) /'pælpəs	tua cảm, xúc tu
palpable	a	'pælpəbl	sờ mó được
palsy	n	'pɔ:lzi	sự tê liệt & )
paltry	a	'pɔ:ltri	không đáng kể, tầm thương
pam	n	pæm	quân J nhép
pamper	v	'pæmpə	nuông chiều, làm hư
pamphlet	n	'pæmflit	Pamfơlê, cuốn sách nhỏ
pan	n	pæn - pɑ:n	pɑ:n/
panache	n	pə'næʃ	đuôi seo
panama	n	,pænə'mɑ:	mũ panama panama hat)
pancake	n	'pænkeik	bánh kếp
pancreas	n	'pæɳkriəs	tuỵ, tuyến tuỵ
pancreatic	a	,pæɳkri'ætik	tuỵ
panda	n	'pændə	gấu trúc
pandemic	a	pæn'demik	dịch lớn, có tính chất dịch lớn
pandemonium	n	,pændi'mounjəm	địa ngục, xứ quỷ
pander	n	'pændə	ma cô, kẻ dắt gái
pandit	n	'pʌndit/ (pandit) /'pʌndit	nhà học giả Ân-độ
pandora	n	pæn'dɔ:rə/ (pandore) /pæn'dɔ:	đàn banđua
pane	n	pein	ô cửa kính
panel	n	'pænl	cán ô, panô
pang	n	pæɳ	sự đau nhói, sự đau đớn
panhandle	n	'pæn,hændl	cán xoong
panic	n	'pænik	cây tắc
panicky	a	'pænik	hay hoảng sợ, yếu bóng vía
panning	n		sự đãi, sự phân tích trọng lượng
panorama	n	,pænə'rɑ:mə	bức tranh cuộn tròn dở lần lần
panoramic	a	,pænə'ræmik	có cảnh tầm rộng, có tính chất toàn cảnh
pansy	n	'pænzi	cây hoa bướm, cây hoa păng-xê
pant	n	pænt	sự thở hổn hển, sự đập thình thình
pantheon	n	pæn'θi:ən	đền thờ bách thần
panther	n	'pænθə	con báo
panties	n	'pænti:z	quần trẻ con, xì líp
pantomime	n	'pæntəmaim	kịch câm, diễn viên kịch câm
pantry	n	'pæntri	phòng để thức ăn, phòng để đồ dùng ăn uố
pants	n	pænts	quần lót dài
pantyhose	n		quần chật ống, áo nịt
panzer	a	'pæntsə	thiết giáp
pap	n	pæp	thức ăn sền sệt
papa	n	pə'pɑ:	uây b
papacy	n	'peipəsi	chức giáo hoàng
papal	a	'peipəl	giáo hoàng
paparazzo	n		số nhiều paparazzi
papaya	n	pə'pɔ:/ (papaya) /pə'paiə	cây đu đủ
paper	n	'peipə	giấy
paperback	n		sách đóng trên bìa giấy mềm, sách bìa mề
paperweight	n		cái chặn giấy
paperwork	n		công việc giấy tờ
pappy	a	'pæpi	sền sệt
paprika	n	'pæprikə	ớt cựa gà
papyrus	n	pə'paiərai	cây cói giấy
par	a	pɑ:	trung bình, bình thường
para	n		lính nhảy dù
parable	n	'pærəbl	truyện ngụ ngôn
parabolic	a	,pærə'bɔlik	parabolic parabolical)
parachute	n	'pærəʃu:t	cái dù
parade	n	pə'reid	sự phô trương
paradigm	n	'pærədaim	mẫu
paradise	n	'pærədaiz	thiên đường, nơi cực lạc
paradox	n	'pærədɔks	ý kiến ngược đời
paradoxical	a	,pærə'dɔksikəl	ngược đời, nghịch lý
paraffin	n	'pærəfin	Parafin
paragon	n	'pærəgən	mẫu mực, tuyệt phẩm
paragraph	n	'pærəgrɑ:f	đoạn văn
paraguay	n	'pærəgwai	chè matê
parakeet	n	'pærəki:t/ (paroquet) /'pærəkit	vẹt đuôi dài
parallel	a	'pærəlel	song song
paralysed	a		làm tê liệt, làm đờ người
paralysis	n	pə'rælisi:z	chứng liệt
paralytic	a	,pærə'litik	bị liệt
paralyze	v	'pærəlaiz/ (paralyze) /'pærəlaiz	làm liệt
paramedic	n		người phụ giúp về công việc y tế
parameter	n	pə'ræmitə	thông số, tham số
paramilitary	a	,pærə'militəri	nửa quân sự
paramount	a	'pærəmaunt	tối cao
paramour	n	'pærəmuə	nhân tình, nhân ngâi
paranoia	n	,pærə'ni:ə/ (paranoia) /,pærə'nɔiə	Paranoia, chứng hoang tưởng bộ phận
paranoid	a		chứng paranoia, chứng bệnh hoang tưởng
paranormal	a		huyền bí, siêu linh
parapet	n	'pærəpit	tường chân mái, tường góc lan can
paraphernalia	n	,pærəfə'neiljə	đồ tế nhuyễn của riêng tây, đồ dùng linh
paraphrase	n	'pærəfreiz	ngữ giải thích, chú giải dài dòng
paraplegic	n		xem paraplegia
parasite	n	'pærəsait	kẻ ăn bám
parasitic	a	,pærə'sitik/ (parasitical) /,pærə'sitikəl	ăn bám, ký sinh
parasol	n	,pærə'sɔl	cái dù
paratrooper	n	'pærə,tru:pə	lính nhảy dù
parcel	n	'pɑ:sl	gói, bưu kiện postal parcel)
parchment	n	'pɑ:tʃmənt	giấy da
pardon	n	'pɑ:dn	sự tha thứ, sự tha lỗi
parent	n	'peərənt	cha, mẹ
parental	a	pə'rentl	cha mẹ
parentheses	n	pə'renθisis	) dấu ngoặc đơn
parenthood	n	'peərənthud	tư cách làm cha mẹ, hàng cha mẹ
parenting	n		việc nuôi nấng con cái
parfait	n		bánh pút-dinh lạnh có kem, sữa...
pariah	n	'pæriə	người hạ đẳng
parietal	a	pə'raiitl	đỉnh
parish	n	'pæriʃ	xứ đạo, giáo khu
parishioner	n	'pæriʃənə	người dân trong giáo khu, người dân tron
parisian	a	pə'rizjən	Pa-ri
park	n	pɑ:k	vườn hoa, công viên
parka	n	'pɑ:kə	áo paca
parker	n		xem park
parking	n	'pɑ:kiɳ	sự đỗ xe
parkway	n	'pɑ:kwei	đại lộ
parlance	n	'pɑ:ləns	cách nói
parlay	n	'pɑ:lei	sự đánh cuộc
parley	n	'pɑ:li	cuộc thương lượng, cuộc đàm phán
parliament	n	'pɑ:ləmənt	nghị viện, nghị trường
parliamentary	a	,pɑ:lə'mentəri/ (parliamentarian) /,pɑ:ləmen'teəriən	nghị trường, của nghị viện
parlor	n	'pɑ:lə/ (parlour) /'pɑ:lə	phòng khách
parlour	n		phòng khách
parmesan	n	,pɑ:'næsiən	phó mát pacma parmesan cheese)
parochial	a	pə'roukjəl	xã; giáo khu
parody	n	'pærədi	văn nhại, thơ nhại
parole	n	pə'roul	lời hứa danh dự
parolee	n	,pærə'li:	người được tha theo lời hứa danh dự
parr	n	pɑ:	cá hồi con
parrot	n	'pærət	con vẹt & )
parry	n	'pæri	miếng đỡ, miếng gạt
parsley	n	'pɑ:sli	rau mùi tây
parsnip	n	'pɑ:snip	cây củ cần
parson	n	'pɑ:sn	cha xứ
part	n	pɑ:t	phần, bộ phận
partake	v	pɑ:'teik	tham dự, cùng có phần
parted	n		tính từ
partial	a	'pɑ:ʃəl	bộ phận, cục bộ
partially	d		không hoàn chỉnh, cục bộ
participant	n	pɑ:'tisipənt	người tham gia, người tham dự
participate	v	pɑ:'tisipeit	tham gia, tham dự
participation	n	pɑ:,tisi'peiʃn	sự tham gia, sự tham dự
particle	n	'pɑ:tikl	chút, tí chút
particular	a	pə'tikjulə	đặc biệt, đặc thù
particularly	d	pə'tikjuləli	đặc biệt, cá biệt
parting	n	'pɑ:tiɳ	sự chia ly, sự chia tay
partisan	n	,pɑ:ti'zæn	người theo một đảng phái, đảng viên
partition	n	pɑ:'tiʃn	sự chia ra
partly	d	'pɑ:tli	một phần, phần nào
partner	n	'pɑ:tnə	người cùng chung phần, người cùng canh t
partnership	n	'pɑ:tnəʃip	sự chung thân
parton	n		hạt cơ bản theo giả thiết tạo thành neut
partridge	n	'pɑ:tridʤ	gà gô
party	n	'pɑ:ti	đảng
pas	n	pɑ:	quyền đi trước, quyền ưu tiên
pascal	n		Paxcan
paschal	a	'pɑ:skəl	lễ Quá hải
pasha	n	'pɑ:ʃə/ (pacha) /'pa:ʃə	Pasa, tổng trấn
pass	v	pɑ:s	đi, đi lên; đi qua, đi ngang qua
passable	a	'pɑ:səbl	có thể qua lại được
passage	n	'pæsidʤ	sự đi qua, sự trôi qua
passageway	n		hành lang, đường phố nhỏ
passe	a		đã quá thời, lỗi thời
passed	a		hợp qui cách
passenger	n	'pæsindʤə	hành khách
passing	n	'pɑ:siɳ	sự qua, sự trôi qua
passion	n	'pæʃn	cảm xúc mạnh mẽ, tình cảm nồng nàn
passionate	a	'pæʃənit	sôi nổi, say sưa
passionately	d		một cách say đắm, nhiệt tình
passive	a	'pæsiv	bị động, thụ động
passkey	n	'pɑ:ski:	chìa khoá vạn năng
passover	n	'pɑ:s,ouvə	lễ Quá hải, con cừu dâng lễ Quá hải
passport	n	'pɑ:spɔ:t	hộ chiếu
password	n	'pɑ:swə:d	khẩu lệnh
past	a	pɑ:st	quá khứ, đã qua
pasta	n		mì ống, mì sợi
paste	n	peist	bột nhồi, bột nhâo
pastel	n	pæs'tel	cây tùng lam
pastime	n	'pɑ:staim	trò tiêu khiển
pasting	n		một trận đoàn nhừ tử, thất bại
pastis	n		rượu pha hạt anit
pastor	n	'pɑ:stə	mục sư
pastoral	a	'pɑ:stə	người chăn súc vật, mục đồng
pastrami	n		thịt bò hun khói tẩm nhiều gia vị
pastry	n	'peistri	bột nhồi, bột nhão
pasture	n	'pɑ:stʃə	đồng cỏ, bãi cỏ
pasty	n	'pwsti	chả nướng bọc bột
pat	n	pæt	cái vỗ nhẹ, cái vỗ về
patch	n	pætʃ	miếng vá
patchouli	n	'pætʃuli:	cây hoắc hương
patchwork	n	'pætʃwə:k	miếng vải chấp mảnh
patchy	a	'pætʃi	vá víu, chắp vá & )
pate	n	peit	đầu, đầu óc
patent	a	'peitənt	có bằng sáng chế, có bằng công nhận đặc
patented	n		tính từ
patently	d	'peitəntli	rõ ràng, hiển nhiên
Patents	n		Bằng sáng chế.
pater	n	'peitə	, bố, ông bố
paternal	a	pə'tə:nl	của cha, thuộc cha
paternity	n	pə'tə:niti	tư cách làm cha, địa vị làm cha
path	n	pɑ:θ, snh pɑ:ðz	đường mòn, đường nhỏ
pathetic	a	pə'θetik	cảm động, lâm ly
pathetically	d		cảm động, lâm ly
pathogen	n		mầm bệnh, nguồn bệnh
pathological	a	,pæθə'lɔdʤik/ (pathological) /,pæθə'lɔdʤikəl	bệnh học, bệnh lý
pathologist	n	pə'θɔlədʤist	nhà nghiên cứu bệnh học
pathology	n	pə'θɔlədʤi	bệnh học, bệnh lý
pathos	n	'peiθɔs	tính chất cảm động
paths	n		như path
pathway	n	'pɑ:θwei	đường mòn, đường nhỏ
patience	n	'peiʃəns	tính kiên nhẫn, tính nhẫn nại
patient	a	'peiʃənt	kiên nhẫn, nhẫn nại
patiently	n		xem patient
patio	n	'pætiou	sân trong
patriarch	n	'peitriɑ:k	tộc trưởng, gia trưởng
patriarchal	a	,peitri'ɑ:kəl	tộc trưởng, gia trưởng
patriot	n	'peitriət	người yêu nước
patriotic	a	,pætri'ɔtik	yêu nước
patriotism	n	'pætriətizm	lòng yêu nước
patrol	n	pə'troul	đội tuần tra, việc tuần tra
patrolman	n	pə'troulmæn	cảnh sát
patrolmen	n		cảnh sát tuần tra
patron	n	'peitrən	người bảo trợ, người đỡ đầu
patronage	n	'peitrənidʤ	sự bảo trợ, sự đỡ đầu
patronise	v	'pætrənaiz/ (patronize) /'pætrənaiz	bảo trợ, đỡ đầu
patronising	a		ra vẻ kẻ cả, kẻ bề trên
patronize	v	'pætrənaiz/ (patronize) /'pætrənaiz	bảo trợ, đỡ đầu
patronizing	a		ra vẻ kẻ cả, kẻ bề trên
patsy	n		thằng khờ
patter	n	'pætə	tiếng lộp độp, tiếng lộp cộp
pattern	n	'pætən	kiểu mẫu, gương mẫu
patterned	a		được trang trí bằng mẫu vẽ, được trang t
patty	n	'pæti	cái chả nhỏ, chả bao bột nhỏ
paul	n		con cóc, vấu tỳ
pauline	a	'pɔ:lain	thánh Pôn
paunch	n	pɔ:ntʃ	dạ cỏ
pauper	n	'pɔ:pə	người nghèo túng, người ăn xin
pause	n	pɔ:z	sự tạm nghỉ, sự tạm ngừng
pave	v	peiv	lát
pavement	n	'peivmənt	mặt lát
pavilion	n	pə'viljən	lều vải, rạp
paving	n		mặt bằng được lát
paw	n	pɔ:	chân
pawn	n	pɔ:n	con tốt
pawnbroker	n	'pɔ:n,broukə	chủ hiệu cầm đồ
pawnee	n	pɔ:'ni:	người nhận vật cầm
pawnshop	n	'pɔ:nʃɔp	hiệu cầm đồ
pax	n	pæks	tượng thánh giá
pay	v	pei	trả, nộp
payable	a	'peiəbl	có thể trả, phải trả
payback	n		lợi tức thu được từ một cuộc đầu tư
payload	n		trọng tải trả tiền
payment	n	'peimənt	sự trả tiền, sự nộp tiền
payroll	n		bảng lương
pc	n		máy tính cá nhân
pd	n		đã trả tiền
pda	n		máy trợ lý cá nhân dùng kỹ thuật số
pe	n		vt của physical education
pea	n	pi:	đậu Hà-lan, đậu
peace	n	pi:s	hoà bình, thái bình
peaceful	a	'pi:sful	hoà bình, thái bình
peacefully	d		hoà bình, thái bình
peacekeeper	n		người bảo vệ hoà bình, quân nhân trong l
peacekeeping	n		sự gìn giữ/duy trì hoà bình, sự bảo vệ h
peacemaker	n	'pi:s,meikə	người hoà giải
peacetime	n		thời bình
peach	n	pi:tʃ	quả đào
peachy	a	'pi:tʃi	mơn mởn đào tơ
peacock	n	'pi:kɔk	con công
peak	n	pi:k	lưỡi trai
peaked	a	pi:kt/ (peaky) /'pi:ki	có lưỡi trai
peaking	n		sự khuếch đại tần cao, sự làm nhọn xung
peaky	a	pi:kt/ (peaky) /'pi:ki	có lưỡi trai
peal	n	pi:l	cá đù
peanut	n	'pi:nʌt	cây lạc, củ lạc
pear	n	peə	quả lê
pearl	n	pə:l	đường viền quanh dải đăng ten
pearly	a	'pə:li	long lanh như hạt ngọc trai
peasant	n	'pezənt	nông dân
pease	n	pi:z	đậu Hà-lan, đậu
peat	n	pi:t	than bùn
pebble	n	'pebl	đá cuội, sỏi
pecan	n	pi'kæn	cây hồ đào pêcan
peck	n	pek	thùng, đấu to
pecker	n	'pekə	chim gõ, chim hay mổ trong từ ghép)
peckish	a	'pekiʃ	đói bụng, kiến bò bụng
peculiar	a	pi'kju:ljə	riêng, riêng biệt
ped	n		cái giỏ
pedal	n	'pedl	bàn đạp
pedantic	a	pi'dæntik	thông thái rởm
peddle	v	'pedl	bán rong, báo rao
peddler	n	'pedlə/ (peddler) /'pedlə	người bán rong
peddling	n	'pedliɳ	nghề bán rong, nghề bán rao
pedes	n		số nhiều
pedestal	n	'pedistl	bệ, đôn
pedestrian	a	pi'destriən	bằng chân, bộ
pediatric	n		Cách viết khác : paediatric
pediatrician	n		bác sĩ khoa nhi
pediatrics	n	,pi:di'ætriks/ (pediatrics) /,pi:di'ætriks	khoa trẻ em
pedicure	n	'pedikjuə	chiropody
pedigree	n	'pedigri:	phả hệ
pee	n	pi:	sự đi đái, sự đi giải
peek	v	pi:k	hé nhìn, lé nhìn
peekaboo	n		ú oà
peel	n	pi:l	tháp vuông
peeler	n	'pi:lə	người bóc vỏ, người lột da
peeling	n	'pi:liɳ	vỏ bóc ra, vỏ gọt ra
peep	n	pi:p	tiếng kêu chít chít, tiếng kêu chim chiế
peeper	n	'pi:pə	người nhìn hé
peer	n	piə	người cùng địa vị xã hội, người ngang hà
peerless	a	'piəlis	có một không hai, vô song
peeved	a	pi:vd	cáu kỉnh, phát cáu
peg	n	peg	cái chốt, cái ngạc
pegasus	n	'pegəsəs	ngựa pêgat, thi mã
pel	n		điểm chấm
pele	n		tháp tường dày
pelican	n	'pelikən	con bồ nông
pellet	n	'pelit	viên vê nhỏ
pelt	n	pelt	tấm da con lông
pelvic	a	'pelvik	chậu, khung chậu
pelvis	n	'pelvis	chậu, khung chậu
pembroke	n	'pembruk/ (pembroke_table) /'pembruk'teibl	bàn gấp
pen	n	pen	bút lông chim
penal	a	'pi:nl	hình phạt, hình sự
penalty	n	'penlti	hình phạt, tiền phạt
penance	n	'penəns	sự ăn năn, sự hối lỗi
pence	n	'peni	đồng xu penni
penchant	n	'pỴ:ɳʃỴ:ɳ	thiên hướng
pencil	n	'pensl	bút chì
pendant	n	'pendənt	tua tòn ten
pending	a	'pendiɳ	chưa quyết định, chưa giải quyết
pendulum	n	'pendjuləm	quả lắc, con lắc
penelope	n	pi'neləpi	người vợ chung thuỷ
penetrate	v	'penitreit	thâm nhập, lọt vào
penetrating	a	'penitreitiɳ	buốt thấu xương, thấm thía
penetration	n	,peni'treiʃn	sự thâm nhập, sự lọt vào
penguin	n	'peɳgwin	chim cụt
penicillin	n	,peni'silin	Pênixilin
peninsula	n	pi'ninsjulə	bán đảo
penis	n	'pi:nis	dương vật
penitence	n	'penitəns	sự ăn năn, sự hối lỗi
penitent	a	'penitənt	ăn năn, hối lỗi
penitentiary	n	,peni'tenʃəri	trại cải tạo, trại cải tạo gái điếm
penknife	n	'pennaif	dao nhíp
penmanship	n	'penmənʃip	thuật viết, cách viết
pennant	n	'penənt	dây móc thòng lọng pendant)
penner	n		xem pen
pennies	n	'peni	đồng xu penni
penniless	a	'penilis	không tiền, không một đồng xu dính túi
penny	n	'peni	đồng xu penni
pension	n	'penʃn	lương hưu
pensioner	n	'penʃənəri	người được hưởng lương hưu
pensive	a	'pensiv	trầm ngâm, suy nghĩ
pent	a	pent	bị nhốt, bị giam chặt
pentagon	n	'pentəgən	hình năm cạnh
pentagram	n	'pentəgræm	sao năm cánh
penthouse	n	'penthaus	lều một mái
peon	n	'pi:ən	người liên lạc, cần vụ
peony	n	'piəni/ (paeony) /'piəni	cây mẫu đơn
people	n	'pi:pl	dân tộc
pep	n	pep	tinh thần hăng hái, tinh thần dũng cảm
pepper	n	'pepə'ri:nou	hạt tiêu, hồ tiêu
peppermint	n	'pepəmint	cây bạc hà cay
pepperoni	n		xúc xích bò và heo rắc thêm tiêu
peppy	a	'pepi	đầy nghị lực, đầy dũng khí
per	n	pə:	mỗi
perceive	v	pə'si:v	hiểu, nhận thức
percent	n		phần trăm
percentage	n	pə'sentidʤ	tỷ lệ phần trăm
percentile	n		phân vi
perception	n	pə'sepʃn	sự nhận thức
perceptive	a	pə'septiv	nhận thức được, cảm thụ được
perch	n	pə:tʃ	cá pecca
perchance	d	pə'tʃɑ:ns	có lẽ, có thể
percussion	n	pə:'kʌʃn	sự đánh, sự gõ
percussive	a	pə:'kʌsiv	đánh gõ, để đánh gõ
perdition	n	pə:'diʃn	sự diệt vong, cái chết vĩnh viễn
pere	a		cha
peregrine	a	'perigin/ (peregrine) /'perigin	ngoại lai, nhập cảng
perennial	a	pə'renjəl	có quanh năm, kéo dài quanh năm
perfect	a	'pə:fikt	hoàn hảo, hoàn toàn
perfection	n	pə'fekʃn	sự hoàn thành, sự hoàn hảo
perfectionist	n	pə'fekʃənist	người theo thuyết hoàn hảo
perfectly	d	'pə:fiktli	hoàn toàn, hoàn hảo
perfecto	n		điếu xì gà giữa to hai đầu nhỏ
perform	v	pə'fɔ:m	làm, thực hiện
performance	n	pə'fɔ:məns	sự làm, sự thực hiện
performer	n	pə'fɔ:mə	người biểu diễn
performing	a	pə'fɔ:miɳ	biểu diễn, làm xiếc
perfume	n	'pə:fju:m	hương thơm, mùi thơm
perfumed	a	'pə:fju:md	thơm, đượm hương thơm
perhaps	d	pə'hæps, (Àthtục) præps/ (praps) /praps	có lẽ, có thể
peri	n	'piəri	tiên nữ, thần thiện
pericardial	n		xem pericardium
pericardium	n	,peri'kɑ:djəm	màng ngoài tim
peril	n	'peril	sự nguy hiểm, hiểm hoạ
perilous	a	'periləs	nguy hiểm, nguy nan
perimeter	n	pə'rimitə	chu vi
period	n	'piəriəd	kỷ, kỳ, thời kỳ, giai đoạn, thời gian
periodic	a	,piəri'ɔdik	chu kỳ
periodically	d		một cách định kỳ
peripheral	a	pə'rifərəl	chu vi
periphery	n	pə'rifəri	chu vi
periscope	n	'periskoup	kính tiềm vọng
perish	v	'periʃ	diệt vong, chết
perished	a		chết đi được
perishing	a	'periʃiɳ	hết sức khó chịu, chết đi được
periwinkle	n	'peri,wiɳkl	cây dừa cạn
perjure	v	'pə:dʤə	thề ẩu
perjured	a	'pə:dʤəd	có tội khai man trước toà
perjury	n	'pə:dʤəri	sự thề ẩu, lời thề ẩu
perk	v	pə:k	ngẩng đầu lên, vểnh lên
perky	a	'pə:ki	tự đắc, vênh váo
perm	n	pə:m	của permanentwave
permafrost	n		tầng đất bị đóng băng vĩnh cửu
permanence	n	'pə:mənəns	sự lâu dài, sự lâu bền
permanent	a	'pə:mənənt	lâu dài, lâu bền
permanently	n		xem permanent
permian	a	'pə:miən	hệ pecmi
permissible	a	pə'misəbl	cho phép được, chấp nhận được
permission	n	pə'miʃn	sự cho phép, sự chấp nhận
permit	n	'pə:mit	giấy phép
pernicious	a	pə:'niʃəs	độ hại, nguy hiểm
peroxide	n		peroxyt
perpendicular	a	,pə:pən'dikjulə	vuông góc, trực giao
perpetrator	n	'pə:pitreitə	thủ phạm, kẻ gây ra
perpetual	a	pə'petjuəl	vĩnh viễn, bất diệt
perpetually	d		vĩnh viễn, bất diệt
perpetuate	v	pə'petjueit	làm thành vĩnh viễn, làm cho bất diệt
perpetuity	n	,pə:pi'tju:iti	tính chất vĩnh viễn
perplexed	a	pə'plekst	lúng túng, bối rối
perplexing	a	pə'pleksiɳ	làm lúng túng, làm bối rối
perry	n	'peri	rượu lê
persecute	v	'pə:sikju:t	khủng bố, ngược đãi
persecution	n	,pə:si'kju:ʃn	sự khủng bố, sự ngược đãi
perseverance	n	,pə:si'viərəns	tính kiên nhẫn, tính kiên trì
persevere	v	,pə:si'viə	kiên nhẫn, kiên trì
persian	a	'pə:ʃən	Ba tư
persimmon	n	pə:'simən	quả hồng vàng
persist	v	pə'sist	kiên gan, bền bỉ
persistence	n	pə'sistəns/ (persistency) /pə'sistənsi	tính kiên gan, tính bền bỉ
persistent	a	pə'sistənt	kiên gan, bền bỉ
persistently	d		kiên trì, bền bỉ
person	n	'pə:sn	con người, người
persona	n	pə:'sounə	người
personable	a	pə:'snəbl	xinh đẹp, duyên dáng
personage	n	'pə:snidʤ	nhân vật quan trọng, người có địa vị cao
personal	a	'pə:snl	cá nhân, tư
personality	n		nhân cách, tính cách
personally	d		đích thân, với tư cách cá nhân
personification	n		sự nhân cách hoá, trường hợp nhân cách h
personnel	n	,pə:sə'nel	toàn thể cán bộ công nhân viên
perspective	n	pə'spektiv	luật xa gần, phối cảnh
perspiration	n	,pə:spə'reiʃn	sự đổ mồ hôi
persuade	v	pə'sweid	làm cho tin, thuyết phục
persuasion	n	pə'sweiʤn	sự làm cho tin, sự thuyết phục
persuasive	a	pə'sweisiv	có tài thuyết phục, có sức thuyết phục
pert	a	pə:t	sỗ sàng, xấc xược
pertain	v	pə:'tein	thuộc về, gắn liền với
pertinent	a	'pɔ:tinənt	thích hợp, thích đáng
peruse	v	pə'ru:z	đọc kỹ
peruvian	a	pə'ru:vjən	Pê-ru
pervasive	a	pə:'veisiv	toả khắp
perverse	a	pə'və:s	khư khư giữ lấy sai lầm, ngang ngạnh
perversion	n	pə'və:ʃn	sự dùng sai, sự làm sai
pervert	n	'pə:və:t	người hư hỏng, người đồi truỵ
perverted	a		lầm lạc, trụy lạc
pesky	a	'peski	làm phiền phức, làm khó chịu
peso	n	'peisou	đồng pơzô
pessimism	n	'pesimizm	chủ nghĩa bi quan
pessimist	n	'pesimist	kẻ bi quan, kẻ yếm thế
pessimistic	a	,pesi'mistik	bi quan, yếm thế
pest	n	pest	người làm hại, vật làm hại
pester	v	'pestə	làm phiền, quấy rầy
pesticide	n	'pestisaid	thuốc trừ vật hại
pestilence	n	'pestiləns	bệnh dịch
pet	n	pet	cơn giận, cơn giận dỗi
petal	n	'petl	cánh hoa
petechial	a		đốm máu, đốm xuất huyết
peter	v	'pi:tə	đã khai thác hết
petite	a		xinh xinh, nhỏ nhắn
petition	n	pi'tiʃn	sự cầu xin, sự thỉnh cầu
petitioner	n	pi'tiʃnə	người cầu xin, người thỉnh cầu
petrol	n	'petrəl	dầu xăng
petroleum	n	pi'trouljəm	dầu mỏ
petter	n		xem pet
petticoat	n	'petikout	váy lót
petty	a	'peti	nhỏ mọn, lặt vặt
petulant	a	'petjulənt	nóng nảy, hay hờn mát
petunia	n	pi'tju:njə	cây thuốc lá cảnh
pew	n	pju:	ghế dài có tựa trong nhà thờ
peyote	n		xương rồng Mêhicô
pg	n		vt của parental guidance
phalanx	n	'fælæɳks	đội hình falăng
phallic	a	'fælik	tượng dương vật
phallus	n	'fæləs	tượng dương vật
phantom	n	'fæntəm	ma, bóng ma
pharaoh	n	'feərou	Faraon, vua Ai cập
pharmaceutical	a	,fɑ:mə'sju:tikəl	dược khoa
pharmacist	n	'fɑ:məsist	dược sĩ, người buôn dược phẩm
pharmacy	n	'fɑ:məsi	dược khoa, khoa bào chế
phase	n	feiz	tuần
phd	n		vt của Doctor of Philosophy
pheasant	n	'feznt	gà lôi đỏ, gà lôi
phenomena	n	fi'nɔminən	hiện tượng
phenomenal	a	fi'nɔminl	hiện tượng, có tính chất hiện tượng
phenomenon	n	fi'nɔminən	hiện tượng
phew	i	fju:	chào ôi!
phi	n	fai	Fi
philanderer	n	fi'lændərə	kẻ tán gái, kẻ hay tán tỉnh
philanthropic	a	,filən'θrɔpik	yêu người, thương người
philanthropist	n	fi'lænθrəpist/ (philanthrope) /'filənθroup	người yêu người, kẻ thương người
philanthropy	n	fi'lænθrəpi	lòng yêu người, lòng nhân đức
philharmonic	a	,filɑ:'mɔnik	yêu nhạc, thích nhạc
philistine	n	'filistain	Phi-li-xtin
philosopher	n	fi'lɔsəfə	nhà triết học
philosophical	a	,filə'sɔfik/ (philosophical) /,filə'sɔfikəl	triết học, theo triết học
philosophically	d		dành cho triết học
philosophy	n	fi'lɔsəfi	triết học, triết lý
phlegm	n	flem	đờm dãi
phlox	n	flɔks	cây giáp trúc đào
phobia	n	'floubiə	ám ảnh sợ
phoebe	n	'fi:bi	thần mặt trăng
phoebus	n	'fi:bəs	thần mặt trời
phoenician	a	fi'niʃiən	xứ Phê-ni-xi
phoenix	n	fi'niks	chim phượng hoàng
phone	n	foun	âm tỏ lời nói
phoney	a	'founi/ (phony) /'founi	giả vờ
phonograph	n	'founəgrɑ:f	máy hát, kèn hát
phony	a	'founi/ (phony) /'founi	giả vờ
phosphate	n	'fɔsfeit	photphat
phosphorous	a	'fɔsfərəs	photpho, có chất photpho
phosphorus	n	'fɔsfərəs	photpho
photo	v	'foutou	của photograph
photocopier	n		máy photocopy, máy sao chụp tài liệu
photocopy	n		bản sao chụp
photogenic	a	,foutə'dʤenik	tạo ánh sáng, sinh ánh sáng
photograph	n	'foutəgrɑ:f	ảnh, bức ảnh
photographer	n	fə'tɔgrəfə	nhà nhiếp ảnh, thợ nhiếp ảnh
photographic	a	,foutə'græfik	thợ chụp ảnh
photography	n	fə'tɔgrəfi	thuật nhiếp ảnh, thuật chụp ảnh
photon	n	'foutɔn	Photon
photonic	n		xem photon
photos	n		vt của photograph
photosynthesis	n	,foutə'sinθisis	sự quang hợp
phrase	n	freiz	nhóm từ
phrasing	n		cách phân nhịp
physical	a	'fizikəl	vật chất
physicality	n		xem physical
physically	d		về thân thể, theo luật tự nhiên
physician	n	fi'ziʃn	thầy thuốc
physicist	n	'fizisist	nhà vật lý học
physics	n	'fiziks	vật lý học
physiological	a	,fiziə'lɔdʤik/ (physiological) /,fiziə'lɔdʤikəl	sinh lý học
physiology	n	,fizi'ɔlədʤi	sinh lý học
physiotherapy	n	,fiziə'θerəpi	phép chữa vật lý
physique	n	fi'zi:k	cơ thể vóc người, dạng người
pi	n	pai	Pi
pianist	n	'pjænist	người chơi pianô, người biểu diễn pianô
piano	n	'pjænou/ (pianoforte) /,pjænou'fɔ:ti	pianô
piazza	n	pi'ædzə	quảng trường
pic	n		Một loại đuôi mở rộng của tệp tin để chỉ
piccolo	n	'pikəlou	sáo nh
pick	n	pik	sự chọn lọc, sự chọn lựa
pickaxe	n	'pikæks/ (pickaxe) /'pikæks	cuốc chim
picker	n	'pikə	người hái
picket	n	'pikit	cọc
picking	n	'pikiɳ	sự cuốc, sự đào
pickings	n		đồ nhặt mót được, đồ thừa
pickle	n	'pikl	nước giầm
pickled	a	'pikld	giầm, ngâm giấm
pickpocket	n	'pik,pɔkit	kẻ móc túi
picky	a		kén cá chọn canh
picnic	n	'piknik	cuộc đi chơi và ăn ngoài trời
pico	n		Tiền tố để chỉ 10 - 12, viết tắt là p
pictorial	a	pik'tɔ:riəl	tranh ảnh, diễn tả bằng tranh ảnh
picture	n	'piktʃə	bức tranh, bức ảnh
picturesque	a	,piktʃə'resk	đẹp, đẹp như tranh
pie	n	pai	ác là
piece	n	pi:s	mảnh, mẩu
pied	a	paid	lẫn màu, pha nhiều màu
pier	n	piə	bến tàu, cầu tàu
pierce	v	piəs	đâm, chọc
piercing	a	'piəsiɳ	nhọc sắc
pierrot	n	'piərou	vai hề kịch câm
piety	n	'paiəti	lòng mộ đạo
pig	n	pig	lợn heo
pigeon	n	'pidʤin	chim bồ câu
piggy	n	'pigi	con lợn con
piggyback	d		địu, cõng
pigheaded	a	'pig'hedid	đần độn, ngu như lợn
piglet	n	'piglit/ (pigling) /'pigliɳ	lợn con
pigment	n	'pigmənt	chất màu, chất nhuộm
pigpen	n	'pigstai/ (pigpen) /'pigpen	chuồng lợn
pigskin	n	'pigskin	da lợn
pigsty	n	'pigstai/ (pigpen) /'pigpen	chuồng lợn
pike	n	paik	cá chó
pilaf	n		cơm thập cẩm
pile	n	pail	cọc, cừ
piled	n		xem pile
piles	n		bệnh trự
pilgrim	n	'pilgrim	người hành hương
pilgrimage	n	'pilgrimidʤ	cuộc hành hương
pill	n	pil	viên thuốc
pillage	n	'pilidʤ	sự cướp bóc, sự cướp phá
pillar	n	'pilə	cột, trụ
pillow	n	'pilou	gối
pillowcase	n		áo gối, bao gối
pilot	n	'pailət	hoa tiêu
pim	n		trình quản lý thông tin cá nhân
pimento	n	pi'mentou	ớt Gia-mai-ca
pimp	n	pimp	kẻ mối lái, ma cô
pimpernel	n	'pimpənel	cây phiền l
pimping	a	'pimpiɳ	nhỏ bé, nhỏ mọn
pimple	n	'pimpl	mụn nhọt
pin	n	pin	ghim, đinh ghim
pinball	n		trò chi lăn bi ghim
pincer	n		càng cua
pincers	n	'pinsəz	cái kìm a pair of pincers, pinchers)
pinch	n	pintʃ	cái vấu, cái véo
pine	n	pain	cây thông
pineal	a		có hình giống như quả thông
pineapple	n		quả dứa, cây dứa
ping	n	piɳ	tiếng vèo
pink	a	piɳk	hồng
pinkie	n		ngón út
pinky	a	'piɳkiʃ/ (pinky) /'piɳki	hơi hồng, hồng nhạt
pinnacle	n	'pinəkl	tháp nhọn
pinochle	n	'pi:nʌkl/ (pinochle) /'pi:nʌkl	lối đánh bài pinooc
pinpoint	n		đầu đinh ghim, vật nhỏ và nhọn
pint	n	paint	Panh
pinto	a	'pintou	vá
pioneer	n	,paiə'niə	đội tiên phong, đội mở đường là công bin
pious	a	'paiəs	ngoan đạo
pip	n	pip	bệnh ứ đờm
pipe	n	paip	ống dẫn
pipeline	n	'paiplain	ống dẫn dầu
piper	n	'paipə	người thổi sáo, người thổi tiêu
piping	n	'pipin	sự thổi sáo, sự thổi tiêu
pippin	n	'pipin	táo pipin
pipsqueak	n		người không đáng kính, người tầm thường
piracy	n	'paiərəsi	nghề cướp biển, nghề ăn cướp
piranha	n		cá piranha
pirate	n	'paiərit	kẻ cướp biển, kẻ cướp
pirouette	n	,piru'et	thế xoay tròn
pisces	n		cung song ngư, cung thứ mười hai của hoà
pish	i	piʃ	gớm!, khiếp!
piss	n	pis	ghụi ẻ khát nước tiểu
pissed	a	pist	say bí tỉ, say khướt
pistachio	n	pis'tɑ:ʃiou	cây hồ trăn
pistol	n	'pistl	súng lục, súng ngắn
piston	n	'pistən	Pittông
pit	n	pit	hồ
pita	n		loại bánh mì ổ dẹp
pitch	n	pitʃ	hắc ín
pitched	a		dốc xuống, không bằng phẳng
pitcher	n	'pitʃə	bình rót
pitchfork	n	'pitʃfɔ:k	cái chĩa
pithy	a	'piθi	ruột cây, giống ruột cây
pitiable	a	'pitiəbl	đáng thương, đáng thương hại
pitiful	a	'pitiful	thương xót, thương hại
pitiless	a	'pitilis	tàn nhẫn, nhẫn tâm
pittance	n	'pitəns	thu hoạch ít ỏi, tiền thu lao rẻ mạt
pitted	a		rỗ hoa
pituitary	a	pi'tju:itəri	đờm dâi, tiết ra đờm dãi
pity	n	'piti	lòng thương hại, lòng thương xót
pitying	a	'pitiiɳ	thương hại, thương xót
piu	d		hơn
pivot	n	'pivət	trụ, ngõng
pivotal	a	'pivətl	trụ, ngõng
pix	n		số nhiều
pixel	n		Phần tử nhỏ nhất mà một thiết bị có thể
pixie	n	'piksi/ (pixy) /'piksi	tiên
pixy	n	'piksi/ (pixy) /'piksi	tiên
pizza	n		món pitsa được phủ phó mát, cá cơm và nư
pizzazz	n		Cách viết khác : pizzaz
pk	n		vt của Park
pl	n		của Place
pla	n		viết tắt của Programmed Logic Array: ngô
placard	n	'plækɑ:d	tranh cổ động, áp phích
placate	v	plə'keit	xoa dịu, làm cho nguôi đi
place	n	pleis	nơi, chỗ
placebo	n	plə'si:bou	thuốc trấn yên
placement	n		sắp đặt, sắp xếp việc làm
placenta	n	plə'sentə	nhau
placid	a	'plæsid	điềm tĩnh
Placing	n		Nghiệp vụ bày bán.
plagiarism	n	'pleidʤjərizm	sự ăn cắp, ý
plague	n	pleig	bệnh dịch
plaid	n	plæd	khăn choàng len sọc vuông, áo choàng len
plain	n	plein	đồng bằng
plainly	d	'pleinli	rõ ràng
plains	a		thuộc người da đỏ Bắc Mỹ vùng Đồng bằng
plaintiff	n	'pleintif	nguyên đơn, người đứng kiện
plaintive	a	'pleintiv	than vãn, buồn bã
plait	n	plæt	đường xếp nếp gấp pleat)
plan	n	plæn	sơ đồ, đồ án
plane	n	plein	cây tiêu huyền plane-tree, platan)
planet	n	'plænit	hành tinh
planetarium	n	,plæni'teəriəm	cung thiên văn
planetary	a	'plænitəri	hành tinh
plank	n	plæɳk	tấm ván
plankton	n	'plæɳktɔn	sinh vật trôi nổi
planned	a	plænd	có kế hoạch
planner	n	'plænə	người đặt kế hoạch
planning	n		sự lập kế hoạch
plant	n	plɑ:nt	thực vật, cây
plantain	n	'plæntin	cây mã đề
plantation	n	plæn'teiʃn	vườn ươm
planter	n	'plɑ:ntə	chủ đồn điền
plaque	n	plɑ:k	tấm, bản
plasma	n	'plæzmə	huyết tương
plaster	v	'plɑ:stə	trát vữa, trát thạch cao
plastered	a		say rượu
plastic	n	'plæstik	chất dẻo plastics)
plate	n	pleit	bản, tấm phiếu
plateau	n	'plætou	cao nguyên
plated	a	'pleitid	bọc sắt, bọc kim loại
platform	n	'plætfɔ:m	nền, bục
plating	n	'pleitiɳ	sự bọc sắt
platinum	n	'plætinəm	platin, bạch kim
platonic	a	plə'tɔnik	của Pla-ton, thuộc Pla-ton
platoon	n	plə'tu:n	trung đội
platter	n	'plætə	, đĩa gỗ
platypus	n	'plætipəs	thú mỏ vịt
plausible	a	'plɔ:zəbl	có vẻ hợp lý, có vẻ đúng
play	n	plei	sự vui chơi, sự nô đùa
playback	n	'pleibæk	sự quay lại, sự phát lại
playbook	n		sách tiêu khiển, sách giải trí
playboy	n		kẻ ăn chơi
player	n	'pleiə	cầu thủ, đấu thủ
playful	a	'pleiful	hay vui đùa, hay đùa
playfully	d		ham vui đùa, khôi hài
playground	n	'pleigraund	sân chơi, sân thể thao
playhouse	n	'pleihaus	nhà hát, rạp hát
playlist	n		danh sách các buổi trình diễn sẽ được th
playmate	n	'plei,felou/ (playmate) /'pleimeit	bạn cùng chơi
plaything	n	'pleiθiɳ	đồ chơi & )
playtime	n	'pleitaim	giờ ra chơi
playwright	n	'pleirait	nhà soạn kịch, nhà soạn tuồng hát
plaza	n	'plɑ:zə	quảng trường, nơi họp chợ
plea	n	pli:	lời tự bào chữa, lời tự biện hộ
plead	v	pli:d	bào chữa, biện hộ
pleading	n	'pli:diɳ	sự biện hộ, sự bào chữa
pleasant	a	'pleznt	vui vẻ, dễ thương
pleasantly	d		vui vẻ, dễ thương
please	v	pli:z	làm vui lòng, làm hài lòng
pleased	a		hài lòng
pleasing	a	'pli:ziɳ	dễ chịu, thú vị
pleasurable	a	'pleʤərəbl	dễ chịu, thú vị
pleasure	n	'pleʤə	niềm vui thích, điều thích thú
pled	v	pli:d	bào chữa, biện hộ
pledge	n	pledʤ	của đợ, của tin
pleiades	n	'plaiəd	nhóm thất tinh
plentiful	a	'plentiful/ (plenteous) /'plentjəs	sung túc, phong phú
plenty	n	'plenti	sự sung túc, sự phong phú
plethora	n	'pleθərə	trạng thái quá thừa
plexus	n	'pleksəs	đám rối
pliable	a	'plaiəbl/ (pliant) /'plaiənt	dễ uốn, dẻo
pliers	n	'plaiəz	cái kìm
plight	n	plait	hoàn cảnh, cảnh ngộ
plo	n		tổ chức giải phóng Palestine
plod	n	plɔd	bước đi nặng nề, bước đi khó nhọc
plonk	v	plɔɳk	ném, vứt
plop	n	plɔp	tiếng rơi tõm, cái rơi tõm
plot	n	plɔt	mảnh đất nhỏ, miếng đất
plough	n	plau/ (plow) /plau	cái cày
plow	n	plau/ (plow) /plau	cái cày
ploy	n	plɔi	chuyến đi
pluck	n	plʌk	sự giật, sự kéo
plucked	a	plʌkt	gan dạ, can trường
plucky	a	'plʌki	gan dạ, can trường
plug	n	plʌg	nút
plugging	n		sự nút, sự bịt kín
plum	n	plʌm	quả mận
plumage	n	'plu:midʤ	bộ lông
plumb	n	plʌm	quả dọi
plumber	n	'plʌmə	thợ hàn chì
plumbing	n	'plʌmiɳ	nghề hàn chì, thuật hàn chì
plume	n	plu:m	lông chim, lông vũ
plummet	n	'plʌmit	quả dọi
plump	a	plʌmp	tròn trĩnh, phúng phính
plunder	n	'plʌndə	sự cướp bóc, sự tước đoạt
plunge	n	plʌndʤ	sự lao mình xuống, cái nhảy đâm đầu xuốn
plunger	n	'plʌndʤə	người nhào lặn, thợ lặn
plunging	n		sự chúi mũi
plural	a	'pluərəl	ở số nhiều, số nhiều
plus	p	pʌls	cộng với
plush	n	plʌʃ	vải lông, nhung dài lông
pluto	n	'plu:tou	Diêm vương
plutonium	n	plu:'tounjəm	Plutoni
ply	n	plai	lớp
plywood	n	'plaiwud	gỗ dán
pm	n		thủ tướng
pms	n		Một hệ thống Chọn màu tiêu chuẩn cho việ
pneumatic	a	nju:'mætik	khí, hơi
pneumonia	n	nju:'mounjə	viêm phổi
pneumothorax	n	,nju:'mə'θɔ:rəks	chứng tràn khí ngực
po	n	pou	muấy áu át[poutʃ]
poach	v	poutʃ	bỏ vô chần nước sôi, chần nước sôi
poacher	n	'poutʃə	xoong chần trứng
poaching	n		việc câu trộm, việc săn bắn trộm
pocket	n	'pɔkit	túi
pocketful	n	'pɔkitful	túi
poco	a		hơi
pod	n	pɔd	vỏ
podiatrist	n		người chuyên chữa bệnh chân
podium	n	'poudiəm	bậc đài vòng
poem	n	'pouim	bài thơ
poet	n	'pouit	nhà thơ, thi sĩ
poetic	a	pou'etik	thơ, thơ ca
poetry	n	'pouitri	thơ, nghệ thuật thơ
poignant	a	'pɔinənt	cay
point	n	pɔint	mũi nhọn mũi kim, đầu ngòi bút
pointed	a	'pɔintid	nhọn, có đầu nhọn
pointer	n	'pɔintə	kín
pointing	n	'pɔintiɳ	sự chỉ, sự trỏ
pointless	a	'pɔintlis	cùn, không nhọn
poise	n	pɔiz	thế thăng bằng, thế cân bằng
poised	a		ở trạng thái thăng bằng, yên tựnh
poison	n	'pɔizn	chất độc, thuốc độc
poisoned	a		bị nhiễm trùng, bị nhiễm độc
poisoner	n	'pɔiznə	kẻ đầu độc
poisoning	n	'pɔizniɳ	sự đầu độc
poisonous	n	'pɔiznəs	độc, có chất độc
poke	n	pouk	túi
poker	n	'poukə	Pôke, bài xì
pokey	n		) nhà tù
poking	a		du đãng
polack	n		người Ba lan
polar	a	'poulə	địa cực, ở địa cực
polaris	n		sao bắc cực
polarity	n	pou'læriti	tính có cực, chiều phân cực
polaroid	n		lớp kính chống nắng
pole	n	poul	cực
polenta	n	pɔ'lentə	cháo Y
police	n	pə'li:s	cảnh sát, công an
policeman	n	pə'li:smən/ (policer-officer) /pə'li:s'ɔfisə	officer) /pə'li:s'ɔfisə/
policewoman	n		số nhiều là policewomen, viết tắt là PW
policy	n	'pɔlisi	chính sách
polio	n	'pouliou	, của poliomyelitis
polish	a	'pouliʃ	Polish Ba lan
polished	a	'pouliʃt	bóng, láng
polite	a	pə'lait	lễ phép, có lễ độ
politely	d		lễ phép, có lễ độ
politeness	n	pə'laitnis	sự lễ phép, sự lễ độ
politic	a	'pɔlitik	thận trọng, khôn ngoan
political	a	pə'litikə	chính trị
politically	d	pə'litikəli	về mặt chính trị
politician	n	,pɔli'tiʃn	nhà chính trị, chính khách
politics	n	'pɔlitiks	chính trị
polk	v	pɔlk	nhảy pônca
polka	n	'pɔlkə	điệu nhảy pônca
poll	n	poul	sự bầu cử, nơi bầu cử
pollack	n	'pɔlək/ (pollock) /'pɔlək	cá pôlăc
pollard	n	'pɔləd	con thú đã rụng sừng, thú mất sừng
pollen	n	'pɔlin	phấn hoa
polling	n		việc bỏ phiếu
pollock	n	'pɔlək/ (pollock) /'pɔlək	cá pôlăc
pollute	v	pə'lu:t	làm ô uế, làm mất thiêng liêng
pollution	n	pə'lu:ʃn	sự làm ô uế, sự làm mất thiêng liêng
pollyanna	n		người lúc nào cũng lạc quan
polo	n	'poulou	môn pôlô
polonium	n	pə'louniəm	Poloni
poltergeist	n	'pɔltəgaist	yêu tinh
poly	n		trường bách khoa
polyester	n		vải pôliexte
polygamy	n	pɔ'ligəmi	chế độ nhiều vợ, chế độ nhiều chồng
polygraph	n		máy ghi tim vật lý
polymer	n	'pɔlimə	chất trùng hợp, polime
polynesian	a	,pɔli'ni:zjən	Pô-li-nê-di
polytechnic	a	,pɔli'teknik	bách khoa
pom	n	pɔm	của Pomeranian
pomegranate	n	'pɔm,grænit	quả lựu
pomp	n	pɔmp	vẻ hoa lệ, vẻ tráng lệ
pompadour	n		cách để tóc XVIII) hất ngược ra sau
pompous	a	'pɔmpəs	hoa lệ, tráng lệ
ponce	n	pɔns	kẻ sống bám vào gái điếm, ma cô
poncho	n	'pɔntʃou	áo choàng ponsô
pond	n	pɔnd	ao
ponder	v	'pɔndə	+ on, upon
pong	n		mùi hôi
pongo	n	'pɔɳgou	vượn người châu Phi
pontiff	n	'pɔntif	giáo hoàng sovereign pontiff)
pontoon	n	pɔn'tu:n	lối chơi bài " 21"
pony	n	'pouni	ngựa nhỏ
pooch	n	pu:tʃ	, ch
poodle	n	'pu:dl	chó x
poof	n		người đàn ông ẻo lả, người tình dục đồng
poofter	n		người đàn ông ẻo lả, người tình dục đồng
pooh	i	pu:	xì!, úi chà!
pool	n	pu:l	vũng
pooling	n		sự hợp nhất, sự gộp
poon	n	pu:n	cây mù u
poop	n	pu:p	phần đuôi tàu
pooped	a		rất mệt mỏi, kiệt sức
poor	a	puə	nghèo, bần cùng
poorly	d	'puəli	nghèo nàn, thiếu thốn
pop	n	pɔp	buổi hoà nhạc bình dân
popcorn	n	'pɔpkɔ:n	ngô rang n
pope	n	poup	giáo hoàng
poplar	n	'pɔplə	cây bạch dương
poppa	n	'pɔpə	ba, b
popper	n		khuy bấm
poppet	n	'pɔpit	người nhỏ bé dùng để gọi thân mật)
poppy	n	'pɔpi	cây thuốc phiện
poppycock	n	'pɔpikɔk	chuyện vớ vẩn, chuyện nhảm nhí
popsicle	n		kem que
populace	n	'pɔpjuləs	dân chúng, quần chúng
popular	a	'pɔpjulə	nhân dân, của nhân dân
popularity	n	,pɔpju'læriti	tính đại chúng
populate	v	'pɔpjuleit	ở, cư trú
population	n	,pɔpju'leiʃn	số dân
porcelain	n	'pɔ:slin	sứ
porch	n	pɔ:tʃ	cổng, cổng vòm
porcupine	n	'pɔ:kjupain	con nhím
pore	v	pɔ:	+ over, upon) mải mê nghiên cứu
porgy	n	'pɔ:dʤ	cá mùi
pork	n	pɔ:k	thịt lợn
porky	a	'pɔ:ki	lợn, như lợn
porn	n		sự khiêu dâm, hành động khiêu dâm
porno	a		khiêu dâm, có liên quan đến sách báo khi
pornographer	n	pɔ:'nɔgrəfə	người viết sách báo khiêu dâm
pornographic	a	,pɔ:nə'græfik	khiêu dâm
pornography	n	pɔ:'nɔgrəfi	văn khiêu dâm, sách báo khiêu dâm
porous	a	'pɔ:rəs	rỗ, thủng tổ ong
porpoise	n	'pɔ:pəs	cá heo
porridge	n	'pɔridʤ	cháo yến mạch
port	n	pɔ:t	cảng
portable	a	'pɔ:təbl	có thể mang theo, xách tay
portal	n	'pɔ:tl	cửa chính, cổng chính
porter	n	'pɔ:tə	người gác cổng
portfolio	n	pɔ:t'fouljou	cặp
porthole	n	'pɔ:thoul	lỗ cửa sổ
portion	n	'pɔ:ʃn	phần, phần chia
portland	n	'pɔ:tlənd/ (Portland_cement) /'pɔ:tləndsi'ment	xi măng pooclăng
portrait	n	'pɔ:trit	chân dung, ảnh
portray	v	pɔ:'trei	vẽ chân dung
portrayal	n	pɔ:'treiəl	sự vẽ chân dung, bức chân dung
portuguese	a	,pɔ:tju'gi:z	Bồ-đào-nha
pose	n	pouz	tư thế, kiểu
poser	n	'pouzə	câu hỏi hắc búa, vấn đề hắc búa
posh	a	pɔʃ	chiến, cừ
position	n	pə'ziʃn	vị trí, chỗ
positioning	n		đặt vào vị trí
positive	a	'pɔzətiv	xác thực, rõ ràng
positively	d	'pɔzətivli	xác thực, rõ ràng
positivity	n	'pɔzətivnis/ (positivity) /,pɔzi'tiviti	sự xác thực, sự rõ ràng
posse	n	'pɔsi	đội
possess	v	pə'zes	có, chiếm hữu
possession	n	pə'zeʃn	quyền sở hữu, sự chiếm hữu
possessive	a	pə'zesiv	sở hữu, chiếm hữu
possibility	n	,pɔsə'biliti	sự có thể, tình trạng có thể
possible	a	'pɔsəbl	có thể, có thể được
possibly	d	'pɔsəbli	có lẽ, có thể
possum	n	'pɔsəm	thú có túi ôpôt opossum)
post	n	poust	cột trụ
postage	n	'poustidʤ	bưu phí
postal	a	'poustəl	bưu điện
postcard	n	'poustkɑ:d	bưu thiếp
poster	n	'poustə	áp phích, quảng cáo
posterior	a	pɔs'tiəriə	sau, ở sau
posterity	n	pɔs'teriti	con cháu, hậu thế
posthumous	a	'pɔstjuməs	sau khi chết
posthumously	n		xem posthumous
postman	n	'poustmən	người đưa thư
postmark	n	'poustmɑ:k	dấu bưu điện
postmaster	n	'poust,mɑ:stə	giám đốc sở bưu điện, trưởng phòng bưu đ
postpone	v	poust'poun	hoãn lại
postponement	n	poust'pounmənt	sự hoãn
posture	n	'pɔstʃə	tư thế, dáng điệu
posturing	n		việc làm dáng, làm điệu bộ
postwar	a		hậu chiến, tồn tại sau chiến tranh
pot	n	pɔt	ấm, bình, lọ, chậu, hũ, vại, ca ; ấm , b
potassium	n	pə'tæsjəm	kali
potato	n	pə'teitou	khoai tây
potency	n	'poutənsi	lực lượng, quyền thế
potent	a	'poutənt	có lực lượng, có quyền thế
potential	a	pə'tenʃəl	tiềm tàng
potentially	n		xem potential
potion	n	'pouʃn	liều thuốc nước
potted	a		mọc lên ở chậu, được gìn giữ trong chậu
potter	v	'pɔtə	làm qua loa, làm tắc trách
pottery	n	'pɔtəri	đồ gốm
potty	a	'pɔti	tầm thường, nhỏ mọn
pouch	n	pautʃ	túi nhỏ
poultice	n	'poultis	thuốc đắp
poultry	n	'poultri	gà vẹt, chim nuôi
pounce	n	pauns	móng
pound	n	paund	Pao
pounder	n	'paundə	vật cân nặng bao nhiêu pao
pour	v	pɔ:	rót, đổ
pouring	a	'pɔ:riɳ	như trút nước, như đổ cây nước
pout	n	paut	cá nheo
pouty	n		xem pout
poverty	n	'pɔvəti	sự nghèo nàn, cảnh nghèo nàn
pow	n		vt của prisoner of war
powder	n	'paudə	bột, bụi
powdered	a		sấy khô và làm thành bột
power	n	'pauə	khả năng, tài năng
powered	a		được trang bị hoặc vận hành bằng sức của
powerful	a	'pauəful	hùng mạnh, hùng cường
powerfully	d		hùng mạnh, hùng cường
powerless	a	'pauəlis	bất lực, không có sức mạnh
powwow	n	'pauwau	thầy lang, thầy mo
pox	n	pɔks	bệnh giang mai
poxy	a		bị mắc bệnh đậu mùa
pp	n		vt của pages
pr	n		của public relations
practical	a	'præktikəl	thực hành
practicality	n	,prækti'kæliti	tính thực tế, tính thực tiễn
practically	d	'præktikəli	về mặt thực hành
practice	n	'præktis	thực hành, thực tiễn
practiced	a		có kinh nghiệm, chuyên gia
practise	v	'præktis	thực hành, đem thực hành
practised	a	'præktist	thực hành nhiều, có kinh nghiệm
practitioner	n	præk'tiʃnə	thầy thuốc đang hành nghề, luật sư đang
pragmatic	a	præg'mætik	thực dụng
prairie	n	'preəri	đồng c
praise	n	preiz	sự khen ngợi, sự ca ngợi
pram	n	prɑ:m/ (praam) /prɑ:m	tàu đáy bằng, tàu đáy bằng có đặt súng[p
prance	n	prɑ:ns	sự nhảy dựng lên, động tác nhảy dựng lên
prancer	n		xem prance
prank	n	præɳk	trò chơi ác, trò chơi khăm
prankster	n		người hay tinh nghịch, người hay đùa cợt
prat	n		đồ ngu
prattle	n	'prætl	chuyện dớ dẩn trẻ con, chuyện tầm phơ
prawn	n	prɔ:n	tôm panđan
pray	v	prei	cầu, cầu nguyện
prayer	n	preə	kinh cầu nguyện, sự cầu kinh
pre	n		trước, tiền
preach	n	pri:tʃ	sự thuyết, sự thuyết giáo
preacher	n	'pri:tʃə	người thuyết giáo, người thuyết pháp
precarious	a	pri'keəriəs	tạm, tạm thời
precaution	n	pri'kɔ:ʃn	sự phòng ngừa, sự đề phòng
precautionary	a	pri'kɔ:ʃnəri	để phòng ngừa, để đề phòng
precede	v	pri:'si:d	đi trước, đứng trước
precedence	n	pri:'si:dəns	quyền được trước, quyền đi trước
precedent	n	'presidənt	tiền lệ, lệ trước
preceding	a	pri:'si:diɳ	trước
precinct	n	'pri:siɳkt	khoảng rào, khoảng đất có vườn bao quanh
precious	a	'preʃəs	quý, quý giá
precipice	n	'presipis	vách đứng
precipitate	n	pri'sipitit	chất kết tủa, chất lắng
precipitation	n	pri,sipi'teiʃn	sự vội vàng, sự vội vã cuống cuồng
precise	a	pri'sais	đúng, chính xác
precisely	d	pri'saisli	đúng, chính xác
precision	n	pri'siʤn	sự đúng, sự chính xác
preclude	v	pri'klu:d	loại trừ, trừ bỏ
precocious	a	pri'kouʃəs	sớm, sớm ra hoa
preconceived	a		nhận thức trước
precursor	n	pri:'kə:sə	người đến báo trước, người báo trước
predator	n	'predətə	thú ăn mồi sống, thú ăn thịt
predatory	a	'predətəri	ăn cướp, ăn bóc
predecessor	n	'pri:disesə	người đi trước, người đảm nhiệm trước
predetermined	n		được xác định trước, được thiết lập sơ b
predicament	n	pri'dikəmənt	điều đã được xác nhận, điều đã được xác
predict	v	pri'dikt	nói trước, đoán trước
predictable	a	pri'diktəbl	có thể nói trước, có thể đoán trước
prediction	n	pri'dikʃn	sự nói trước, sự đoán trước
predictive	a	pri'diktiv	nói trước, đoán trước
predisposition	n	'pri:,dispə'ziʃn	tình trạng dễ thiên về, khuynh hướng thi
predominantly	d		phần lớn, chủ yếu là
preemptive	a		được ưu tiên mua trước, có liên quan đến
preface	n	'prefis	lời tựa, lời nói đầu
prefect	n	'pri:fekt	quận trưởng
prefectural	n		xem prefecture
prefecture	n	'pri:fekjuə	quận
prefer	v	pri'fə:	thích hơn, ưa hơn
preferable	a	'prefərəbl	đáng thích hơn, đáng ưa hơn
preferably	d	'prefərəbli	hơn, thích hơn
preference	n	'prefərəns	sự thích hơn, sự ưa hơn
preferential	a	,prefə'renʃəl	ưu đâi, dành ưu tiên cho
preferred	a	pri'fə:d	được thích hơn, được ưa hơn
prefrontal	a		trước trán, trên trán
pregnancy	n	'pregnənsi	sự có thai, sự có mang thai
pregnant	a	'pregnənt	có thai, có mang thai
prehistoric	a	'pri:his'tɔrik	tiền s
prejudice	n	'predʤudis	định kiến, thành kiến
prejudiced	a		có thành kiến, biểu lộ thành kiến
prejudicial	a	,predʤu'diʃəl	gây tổn hại, gây thiệt hại
prelim	n	pri'lim	của preliminary examination, cuộc kiểm t
preliminary	a	pri'liminəri	mở đầu, mào đầu
prelude	n	'prelju:d	cái mở đầu, buổi diễn mở đầu
premarital	a		diễn ra trước hôn nhân
premature	a	,premə'tjuə	sớm, yểu non
prematurely	d		sớm, đẻ non
premed	n		có chủ tâm, mưu tính trước
premeditated	a	pri:'mediteitd	có suy nghĩ trước, có suy tính trước
premeditation	n	pri:,medi'teiʃn	sự suy nghĩ trước, sự suy tính trước
premier	n	'premjə	thủ tướng
premise	n	'premis	tiền đề
premises	n		ngôi nhà hoặc các toà nhà khác có nhà ph
premium	n	'pri:mjəm	phần thưởng
premonition	n	,pri:mə'niʃn	sự báo trước, sự cảm thấy trước
prenatal	a		trước khi sinh
prentice	n	'prentis	, apprentice
preoccupation	n	pri:,ɔkju'peiʃn	mối bận tâm, mối lo lắng
preoccupied	a	pri:'ɔkjupaid	bận tâm, lo lắng
prep	n	prep	sự soạn bài, bài soạn
prepaid	v	'pri:'pei	trả trước
preparation	n	,prepə'reiʃn	sự soạn, sự sửa soạn
preparatory	a	pri'pærətəri	để sửa soạn, để chuẩn bị
prepare	v	pri'peə	sửa soạn sắm sửa, chuẩn bị
preparedness	n	pri'peədnis	sự sẵn sàng, sự chuẩn bị sẵn sàng
preposterous	a	pri'pɔstərəs	trái với lẽ thường, trái thói
preppy	a		học sinh ở những trường tư thục hay nhữn
prerequisite	a	'pri:'rekwizit	cần trước hết, đòi hỏi phải có trước hết
prerogative	n	pri'rɔgətiv	đặc quyền
pres	n		vt của President
presbyterian	a	,prezbi'tiəriən	giáo hội trưởng lão
preschool	a	'pri:'sku:l	trước tuổi đi học, trước tuổi đến trường
prescribe	v	pris'kraib	ra lệnh, truyền lệnh
prescription	n	pris'kripʃn	sự ra lệnh, sự truyền lệnh
presence	n	'prezns	sự có mặt
present	n	'preznt - pri'zent	pri'zent/
presentable	a	pri'zentəbl	bày ra được, phô ra được
presentation	n	,prezen'teiʃn	sự bày ra, sự phô ra
presenter	n		người dẫn chương trình
presently	d	'prezntli	chẳng mấy chốc, ngay sau đó
preservation	n	,prevə:'veiʃn	sự giữ, sự gìn giữ
preserve	n	pri'zə:v	mứt
preserver	n	pri'zə:və	người giữ, người bảo quản
preside	v	pri'zaid	+ at, over) chủ trì
presidency	n	'prezidənsi	chức chủ tịch, chức tổng thống
president	n	'prezidənt	chủ tịch
presidential	a	,prezi'denʃəl	chủ tịch, tổng thống
press	n	pres	sự ép, sự nén
pressing	a	'presiɳ	thúc bách, cấp bách
pressman	n	'presmən	nhà báo
pressure	n	'preʃə	sức ép, áp lực & )
prestige	n	pres'ti:ʤ	uy tín, thanh thế
prestigious	a		có uy tín, có thanh thế
presto	d	'prestou	rất nhanh
presumably	d		có thể đoán chừng, có thể được
presume	v	pri'zju:m	cho là, coi như là
presuming	a	pri'zju:miɳ	tự phụ, quá tự tin
presumption	n	pri'zʌmpʃn	tính tự phụ, tính quá tự tin
presumptuous	a	pri'zʌmptjuəs	tự phụ, quá tự tin
pretence	n	pri'tens	sự làm ra vẻ, sự giả vờ
pretend	v	pri'tend	làm ra vẻ, giả vờ
pretended	a	pri'tendid	giả vờ, giả đò
pretender	n	pri'tendə	người đòi hỏi không chính đáng, người yê
pretense	n	pri'tens	sự làm ra vẻ, sự giả vờ
pretentious	a	pri'tenʃəs	tự phụ, kiêu căng
pretext	n	'pri:tekst	cớ; lý do, cớ thoái thác, lý do không th
pretty	a	'priti	xinh, xinh xinh
pretzel	n		bánh quy cây, quy xoắn
prevail	v	pri'veil	+ against, over) thắng thế
prevailing	a	pri'veiliɳ	đang thịnh hành, đang lưu hành
prevalent	a	'prevələnt	thường thấy, thịnh hành
prevent	v	pri'vent	ngăn ngừa, ngăn trở
preventative	a	pri'ventiv/ (preventative) /pri'ventətiv	ngăn ngừa, phòng ngừa
prevention	n	pri'venʃn	sự ngăn cản, sự ngăn trở
preventive	a	pri'ventiv/ (preventative) /pri'ventətiv	ngăn ngừa, phòng ngừa
preview	n	'pri:'vju:	sự xem trước, sự duyệt trước
previous	a	'pri:vjəs	trước
previously	d	'pri:viəsli	trước, trước đây
prey	n	prei	mồi
price	n	prais	giá & )
priced	a	praist	có giá, có đề giá
priceless	a	praislis	vô giá, không định giá được
pricey	a		đắt tiền
prick	n	prik	sự châm, sự chích
pricking	n	'prikiɳ	sự châm, sự chích
prickly	a	'prikli	có gai, đầy gai
pride	n	praid	sự kiêu hãnh, sự hãnh diện
prideful	a	'praidful	đầy kiêu hãnh, tự cao
priest	n	pri:st	thầy tu, thầy tế
priestess	n	'pri:stis	cô thầy cúng
priesthood	n	'pri:sthud	chức thầy tu, chức thầy tế
priestly	a	'pri::stli	thầy tu, thầy tế
prig	n	prig	người hay lên mặt ta đây hay chữ, người
prim	a	prim	lên mặt đạo đức, ra vẻ đứng đắn
primal	a	'praiməl	primeval
primarily	d	'praimərili	trước hết, đầu tiên
primary	a	'praiməri	nguyên thuỷ, đầu
primates	n	prai'meiti:z	bộ động vật có tay, bộ động vật linh trư
prime	a	praim	đầu tiên
primer	n	'praimə	sách vở lòng
primeval	a		nguyên thủy, thái cổ
primitive	a	'primitiv	nguyên thuỷ, ban sơ
primo	n		số nhiều primos
primordial	a	prai'mɔ:djəl	có từ lúc ban đầu, ban xơ
primrose	n	'primrouz	cây báo xuân, hoa báo xuân
primus	n		bếp dầu
prince	n	prins	hoàng tử, hoàng thân
princely	a	'prinsli	hoàng thân, như ông hoàng
princess	n	prin'ses	bà chúa, bà hoàng
principal	a	'prinsəpəl	chính, chủ yếu
principally	d	'prinsəpəli	chính, chủ yếu
principle	n	'prinsəpl	gốc, nguồn gốc
print	n	print	chữ in
printer	n	'printə	thợ in
printing	n	'printiɳ	sự in
printout	n		dữ liệu in ra từ máy tính, máy fax
prior	n	prior	trưởng tu viện
prioritize	v		dành ưu tiên
priority	n	priority	quyền được trước, sự ưu tiên
priory	n	priory	tu viện
prism	n	prism	lăng trụ
prison	n	prison	nhà tù, nhà lao
prisoner	n	prisoner	người bị giam giữ, người tù
prissy	a		khó tính
pristine	a	pristine	ban sơ, xưa
prithee	i	prithee	làm ơn, mong anh vui lòng
privacy	n	privacy	sự riêng tư
private	a	private	riêng, tư
privately	d		riêng, tư
Privatization	n		Tư nhân hoá
privilege	n	privilege	đặc quyền, đặc ân
privileged	a	privileged	có đặc quyền, được đặc quyền
privy	a	privy	riêng, tư
prix	n		phần thưởng
prize	n	prize	giải thưởng, phầm thưởng
pro	n	pro	của professionaln đấu thủ nhà nghề
proactive	a		tiên phong thực hiện
probability	n	probability	sự có thể có, sự chắc hẳn
probable	a	probable	có thể có, có khả năng xảy ra
probably	d		hầu như chắc chắn
probate	n	probate	sự nhận thực một di chúc
probation	n	probation	sự thử thách, sự tập sự
probationary	a	probationary	đang trong thời gian thử thách, đang tro
probative	a	probative	để chứng minh, để làm chứng cớ
probe	n	probe	cái thông, cái que thăm
probing	a		nhằm phát hiện sự thật, tìm kiếm
problem	n	problem	vấn đề
problematic	a	problematic	còn phải bàn, không chắc
procedural	a	procedural	theo thủ tục
procedure	n	procedure	thủ tục
proceed	v	proceed	tiến lên, theo đuổi
proceeding	n	proceeding	cách tiến hành, cách hành động
proceedings	n		vụ kiện
proceeds	n	proceeds	số thu nhập, tiền lời
process	n	process	quá trình, sự tiến triển
processing	n	processing	sự chế biến, sự gia công
procession	n	procession	đám rước, cuộc diễu hành
processor	n		máy chế biến, máy xử lý
proclaim	v	proclaim	công bố, tuyên bố
proclamation	n		sự công bố, sự tuyên bố
procreate	v	procreate	sinh, đẻ
procreation	n	procreation	sự sinh đẻ, sự sinh sôi nẩy nở
proctologist	n		bác sĩ chuyên về proctology
proctor	n	proctor	giám thị
procurator	n	procurator	kiểm sát trưởng, biện lý
procure	v	procure	kiếm, thu được
procurement	n		sự kiếm được, sự thu được
prod	n	prod	vật nhọn, gậy nhọn đầu
prodigal	a	prodigal	hoang toàng, hoang phí
prodigious	a	prodigious	phi thường, kỳ lạ
prodigy	n	prodigy	người thần kỳ, vật kỳ diệu phi thường
produce	n	produce	sản lượng
produced	a		dài quá đáng
producer	n	producer	người sản xuất
product	n	product	sản vật, sản phẩm
production	n	production	sự đưa ra, sự trình bày
productive	a	productive	sản xuất
productivity	n	productivity	sức sản xuất, năng suất
prof	n		giáo sư
profane	a	profane	báng bổ
profanity	a	profanity	tính báng bổ
profess	v	profess	tuyên bố, bày tỏ
professed	a	professed	công khai, không che giấu
profession	n	profession	nghề, nghề nghiệp
professional	a	professional	nghề, nghề nghiệp
professionalism	n	professionalism	tính cách nhà nghề
professionally	d	professionally	thành thạo, như nhà nghề
professor	n	professor	giáo sư
proffer	n	proffer	sự dâng, sự hiến
proficiency	n	proficiency	sự tài giỏi, sự thành thạo
proficient	a	proficient	tài giỏi, giỏi giang
profile	n	profile	nét mặt nhìn nghiêng, mặt nghiêng
profiler	n		xem profile
profiling	n		sự gia công định hình, sự chép hình
profit	n	profit	lợi, lợi ích
profitable	a	profitable	có lợi, có ích
Profits	n		Lợi nhuận.
profound	a	profound	sâu, thăm thẳm
profoundly	d		một cách sâu sắc, hết sức
profusely	d		có nhiều, dồi dào
progeny	n	progeny	con cái, con cháu
prognosis	n	prognosis	dự đoán, tiên lượng
program	n	program	chương trình
programme	n	programme	chương trình
programmed	a		theo hình thức đã được lập trình
programmer	n		người lập trình
programming	n		chương trình hoá, kế hoạch hoá
progress	n	progress	sự tiến tới, sự tiến bộ
progression	n	progression	sự tiến tới, sự tiến bộ
progressive	a	progressive	tiến lên, tiến tới
progressively	d		tăng lên, tăng dần dần từng nấc
prohibit	v	prohibit	cấm, ngăn cấm
prohibition	n	prohibition	sự cấm, sự ngăn cấm
project	n	project	kế hoạch, đề án
projectile	a	projectile	phóng ra, bắn ra
projecting	a	projecting	nhô ra, lồi ra
projection	n	projection	sự phóng ra, sự bắn ra
projectionist	n	projectionist	người chiếu phim
projector	n	projector	người đặt kế hoạch, người đặt đề án
proletarian	a	proletarian	vô sản
proletariat	n	proletariat	giai cấp vô sản
proliferation	n	proliferation	sự nảy nở
prolific	a	prolific	sinh sản nhiều, sản xuất nhiều
prologue	n	prologue	đoạn mở đầu )
prolong	v	prolong	kéo dài, nối dài
prolonged	a	prolonged	kéo dài, được nối dài thêm
prom	n	prom	của promenade_concert
promenade	n	promenade	cuộc đi dạo, cuộc đi chơi
prometheus	n	prometheus	Prô-mê-tê
prominence	n	prominence	tình trạng lồi lên, tình trạng nhô lên
prominent	a	prominent	lồi lên, nhô lên
prominently	d		lồi lên, nhô lên
promiscuity	n	promiscuity	trạng thái lộn xộn, trạng thái hỗn tạp
promiscuous	a	promiscuous	lộn xộn, hỗn tạp
promise	n	promise	lời hứa, điều hứa
promising	a	promising	đầy hứa hẹn, đầy triển vọng
promissory	a		hứa hẹn, hẹn
promo	n		số nhiều promos
promote	v	promote	thăng chức, thăng cấp
promoter	n	promoter	người sáng lập, người tham gia sáng lập
promotion	n	promotion	sự thăng chức, sự thăng cấp
promotional	a		quảng cáo
prompt	v	prompt	xúi giục, thúc giục
prompter	n	prompter	người nhắc, người nhắc vở
prompting	n	prompting	sự xúi giục, sự thúc giục
promptly	d		mau lẹ, nhanh chóng
prone	a	prone	úp, sấp; nằm sóng soài
pronoun	n	pronoun	đại từ
pronounce	v	pronounce	tuyên bố
pronounced	a	pronounced	rõ rệt, rõ ràng
pronouncing	n	pronouncing	sự công bố, sự tuyên bố
pronto	d	pronto	nhanh, ngay
pronunciation	n	pronunciation	sự phát âm, sự đọc
proof	n	proof	chứng, chứng cớ
prop	n	prop	của proposition, mệnh đề
propaganda	n	propaganda	sự tuyên truyền
propagate	v	propagate	truyền giống, nhân giống
propagation	n	propagation	sự truyền giống, sự nhân giống
propane	n		prôban
propel	v	propel	đẩy đi, đẩy tới & )
propellant	a	propellant	đẩy đi, đẩy tới
propeller	n	propeller	cái đẩy đi, máy đẩy đi
propensity	n	propensity	thiên hướng
proper	a	proper	đúng, thích đáng
properly	d	properly	đúng, chính xác
property	n	property	quyền sở hữu, tài sản
prophecy	n	prophecy	tài đoán trước, tài tiên tri
prophesy	v	prophesy	tiên đoán, đoán trước
prophet	n	prophet	nhà tiên tri, người đoán trước
prophetic	a	prophetic	tiên tri, đoán trước
prophets	n		số nhiều
proportion	n	proportion	sự cân xứng, sự cân đối
proportional	a	proportional	cân xứng, cân đối
proposal	n	proposal	sự đề nghị, sự đề xuất
propose	v	propose	đề nghị, đề xuất
proposition	n	proposition	lời đề nghị, kế hoạch
proprietary	a	proprietary	thuộc chủ, người có quyền sở hữu
proprietor	n	proprietor	chủ, người sở hữu
propriety	n	propriety	sự thích đáng, sự thích hợp
props	n	props	đồ dùng sân khấu
propulsion	n	propulsion	sự đẩy đi, sự đẩy tới
prosaic	a	prosaic	như văn xuôi, có tính chất văn xuôi
prose	n	prose	văn xuôi
prosecute	v	prosecute	theo đuổi, tiếp tục
prosecution	n	prosecution	sự theo đuổi, sự tiếp tục
prosecutor	n	prosecutor	người khởi tố, bên nguyên
prospect	n	prospect	cảnh, toàn cảnh
prospective	a	prospective	tương lai, sẽ tới về sau
prospector	n	prospector	người điều tra, người thăm dò
prospectus	n	prospectus	giấy cáo bạch, giấy quảng cáo
prosper	v	prosper	thịnh vượng, phồn vinh
prosperity	n	prosperity	sự thịnh vượng, sự phát đạt
prosperous	a	prosperous	thịnh vượng, phát đạt
prost	n		interj
prostate	n	prostate	tuyến tiền liệt
prosthesis	n	prosthesis	sự thêm tiền tố
prosthetic	a	prosthetic	sự lắp bộ phận giả
prostitute	v	prostitute	to prostitute oneself làm đĩ, mãi dâm
prostitution	n	prostitution	sự làm đĩ, sự mãi dâm
prostrate	a	prostrate	nằm úp sấp, nằm sóng soài
protagonist	n	protagonist	vai chính
protect	v	protect	bảo vệ, bảo hộ
protection	n	protection	sự bảo vệ, sự bảo hộ
protective	a	protective	bảo vệ, bảo hộ
protector	n	protector	người bảo vệ, người bảo hộ
protectorate	n	protectorate	chế độ bảo hộ, nước bị bảo hộ
protein	n	protein	Protein
protest	n	protest	sự phản đối, sự phản kháng
protestant	n	protestant	người phản kháng, người phản đối
protester	n	protester	người phản đối, người phản kháng
proteus	n	proteus	thần Prô-tê
protocol	n	protocol	nghi thức ngoại giao, lễ tân
proton	n	proton	Proton
prototype	n	prototype	người đầu tiên, vật đầu tiên
protracted	a	protracted	kéo dài, bị kéo dài
protruding	a	protruding	thò ra, nhô ra
proud	a	proud	+ of) kiêu ngạo, kiêu căng
proudly	d	proudly	kiêu ngạo, kiêu căng
prove	v	prove	chứng tỏ, chứng minh
proven	v	proven	chứng tỏ, chứng minh
provenance	n	provenance	nguồn gốc, lai lịch
proverb	n	proverb	tục ngữ, cách ngôn
proverbial	a	proverbial	tục ngữ, cách ngôn
provide	v	provide	+ for, against) chuẩn bị đầy đủ
provided	a	provided	được chuẩn bị đầy đủ, được dự phòng
providence	n	providence	sự lo xa, sự lo trước
provider	n	provider	người cung cấp
providing	a	providing	được chuẩn bị đầy đủ, được dự phòng
province	n	province	tỉnh
provincial	a	provincial	tỉnh
proving	n		sự chứng minh, sự thử
provision	n	provision	+ for, against) sự chuẩn bị
provisional	a	provisional	tạm, tạm thời
provo	n		số nhiều là Provos
provocation	n	provocation	sự khích, sự xúi giục
provocative	a		khiêu khích, trêu chọc
provoke	v	provoke	khích, xúi giục
provoking	a	provoking	khiêu khích, trêu chọc
provost	n	provost	hiệu trưởng
prowess	n	prowess	sự anh dũng, sự dũng cảm
prowl	n	prowl	sự đi lảng vảng, sự đi rình mò
prowler	n	prowler	thú đi rình mò kiếm mồi
proximal	a	proximal	ở đầu gần
proximity	n	proximity	trạng thái gần )
proxy	n	proxy	sự uỷ nhiệm, sự uỷ quyền
prude	n	prude	người đàn bà làm ra bộ đoan trang kiểu c
prudence	n	prudence	sự thận trọng, sự cẩn thận
prudent	a	prudent	thận trọng, cẩn thận
prudish	a	prudish	làm bộ đoan trang kiểu cách
prune	v	prune	sửa, tỉa bớt
pruning	n		sự tỉa, sự xén bớt
prussian	a	prussian	Phổ
pry	v	pry	tịch thu làm chiến lợi phẩm prize)
prying	a		tò mò, tọc mạch
ps	n		tái bút
psalm	n		bài thánh ca, bài thánh thi
pseudo	a		giả, giả tạo
pseudonym	n		biệt hiệu, bút danh
psi	n		vt của per square inch trên một insơ vuô
psoriasis	n	psɔ'raiəsis	bệnh vảy nến
psst	n		interj
pst	n		vt của Pacific Standard Time giờ chuẩn ở
psych	v		làm rối trí, làm bực dọc
psyche	n	'saiki:	linh hồn, tinh thần
psychedelic	a	,saiki'delik	ở trạng thái lâng lâng, ở trạng thái phi
psychiatric	a	,saiki'ætrik/ (psychiatrical) /,saiki'ætrikəl	bệnh tinh thần, bệnh tâm thần
psychiatrist	n	sai'kaiətrist	thầy thuốc bệnh tinh thần, thầy thuốc bệ
psychiatry	n	sai'kaiətri	bệnh học tinh thần, bệnh học tâm thần
psychic	n	'saikik	bà đồng, ông đồng
psychically	n		xem psychic
psychics	n	'saikiks	tâm lý học
psycho	a	'saikou	bị bệnh tinh thần
psychoanalysis	n		phân tâm học, sự phân tích tâm lý
psychoanalyst	n		nhà phân tâm học, nhà phân tích tâm lý
psychological	a	,saikə'lɔdʤikəl	tâm lý
psychologically	d		tâm lý
psychologist	n	sai'kɔlədʤist	nhà tâm lý học
psychology	n	sai'kɔlədʤi	tâm lý
psychopath	n	'saikəpæθ	người bị loạn thần kinh nhân cách
psychopathic	a	,saikou'pæθik	bệnh thái nhân cách
psychosis	n	sai'kousis	chứng loạn tinh thần
psychosomatic	a	,saikousə'mætik	tinh thần cơ thể
psychotherapist	n		người chữa bệnh bằng liệu pháp tâm lý
psychotherapy	n	'saikou'θerəpi	phép chữa bằng tâm lý
psychotic	a	sai'kɔtik	loạn tinh thần
psychotropic	a		tác động đến tâm thần
pt	n		số nhiều pts
pta	n		của parent-teacher association hội phụ h
pterodactyl	n	,pterou'dæktil	thằn lằn ngón cánh
pub	n	pʌb	quán rượu, tiệm rượu
puberty	n	'pju:bəti	tuổi dậy thì
pubes	n	'pju:bi:z	lông
pubic	a		mu
public	a	'pʌblik	chung, công
publication	n	,pʌbli'keiʃn	sự công bố
publicist	n	'pʌblisist	nhà nghiên cứu về luật pháp quốc tế, chu
publicity	n	pʌb'lisiti	tính công khai, sự làm cho thiên hạ biết
publicize	v	'pʌblisaiz	đưa ra công khai, làm cho thiên hạ biết
publicly	d	'pʌblikli	công khai
publish	v	'pʌbliʃ	công bố, ban bố
publisher	n	'pʌbliʃə	người xuất bản, nhà xuất bản
publishing	n		công việc xuất bản, nghề xuất bản
puck	n	pʌk	bóng băng
pucker	n	'pʌkə	nếp nhăn
pud	n	pʌd	cánh tay
pudding	n	'pudiɳ	bánh putđinh
puddle	n	'pʌdl	vũng nước
pudgy	a	'pʌdʤi	mập lùn
pueblo	n	pu'eblou	làng, người da đỏ
puff	n	pʌf	hơi thở phù, luồng gió thổi phụt qua
puffed	a		hổn hển, một cách khó nhọc
puffer	n	'pʌfə	người tâng bốc láo, người quảng cáo láo
puffin	n	'pʌfin	chim hải âu rụt cổ
puffy	a	'pʌfi	thổi phù, phụt ra từng luồng
pug	n	pʌg	pug-dog
puke	n	pju:k	sự nôn mửa
pull	n	pul	sự lôi, sự kéo
puller	n	'pulə	người kéo, vật kéo
pulley	n	'puli	cái ròng rọc
pullman	n		toa Punman
pullover	n		áo len chui đầu
pulmonary	a	'pʌlmənəri	phổi, có liên quan đến phổi
pulp	n	pʌlp	cơm thịt
pulpit	n	'pulpit	bục giảng kinh
pulsar	n		ẩn tinh, punxa
pulse	n	pʌls	hột đỗ đậu
pulverize	v	'pʌlvəraiz/ (pulverizator) /'pʌlvəraizeitə/ (pulverise) /'pʌlvəraiz	tán thành bột, giã nhỏ như cám
puma	n	'pju:mə	báo sư tử
pumice	n	'pʌmis	đá bọt pumice stone)
pummel	v	'pʌml	đấm thùm thụp, đấm liên hồi
pump	n	pʌmp	giày nhảy
pumpernickel	n	'pʌmpənikl	tay
pumping	n		sự
pumpkin	n	'pʌmp,hænd	quả bí ngô, quả bí
pun	n	pʌn	sự chơi chữ
punch	n	pʌntʃ	cú đấm, cú thoi
punched	n		bị đục lỗ
punchy	a	'pʌntʃ'pres	, drunk
punctual	a	'pʌɳktjuəl	điểm, như một điểm
punctuality	n	,pʌɳktju'æliti	tính đúng giờ
punctuation	n	,pʌɳktju'eiʃn	sự chấm câu, phép chấm câu
puncture	n	'pʌɳktʃə	sự đâm, sự châm
punctured	n		bị đâm thủng
pundit	n	'pʌndit/ (pandit) /'pʌndit	nhà học giả Ân-độ
pungent	a	'pʌndʤənt	hăng, cay
punish	v	'pʌniʃ	phạt, trừng phạt
punishable	a	'pʌniʃəbl	có thể bị trừng phạt, trừng phạt
punisher	n		xem punish
punishing	a		kiệt sức
punishment	n	'pʌniʃmənt	sự phạt, sự trừng phạt
punitive	a	'pju:nitiv/ (punitory) /'pju:nitəri	phạt, trừng phạt
punjabi	n		số nhiều punjabis
punk	n	pʌɳk	mục
punt	n	pʌnt	thuyền đáy bằng, thuyền thúng
punter	n	'pʌntə	nhà con punt)
puny	a	'pju:ni	nhỏ bé, bé bỏng
pup	n	pʌp	chó con
pupil	n	'pju:pl	học trò, học sinh
puppet	n	'pʌpit	con rối
puppeteer	n	,pʌpi'tiə	những người làm con rối
puppy	n	'pʌpi	chó con
purchase	n	'pθ:tʃəs	sự mua, sự tậu được
pure	a	pjuə	trong, trong sạch
purebred	a	'pjuəbred	không lai, thuần chủng
puree	v		xem purée
purely	d	'pjuəli	hoàn toàn, chỉ là
purgatory	a	'pə:gətəri	làm sạch, làm trong
purge	n	pə:dʤ	sự làm sạch, sự thanh lọc
purification	n	,pjuərifi'keiʃn	sự làm sạch, sự lọc trong
purify	v	'pjuərifai	làm sạch, lọc trong
purist	n	'pjuərist	người theo chủ nghĩa thuần tuý
puritan	n	'pjuəritən	người theo Thanh giáo
puritanical	a	,pjuəri'tænik/ (puritanical) /,pjuəri'tænikəl	đạo đức chủ nghĩa
purity	n	'pjuəriti	sự sạch, sự trong sạch
purple	n	'pə:pl	màu tía, áo màu tía
purpose	n	'pə:pəs	mục đích, ý định
purposeful	a	'pə:pəsful	có mục đích, có ý định
purposefully	d		có mục đích, có ý định
purposely	d	'pə:pəsli	chủ định, chủ tâm
purr	n	pə:	tiếng rừ... ừ... ừ...
purse	n	pə:s	ví tiền, hầu bao
purser	n	'pə:sə	người phụ trách tài vụ, người quản lý
pursuant	a	pə'sju:ənt	theo, y theo
pursue	v	pə'sju:	theo, đuổi theo
pursuit	n	pə'sju:t	sự đuổi theo, sự đuổi bắt
purview	n	'pə:vju:	những điều khoản có tính chất nội dung
pus	n	pʌs	mủ
push	n	puʃ	sự xô, sự đẩy
pusher	n	'puʃə	người đẩy, vật đẩy
pushing	a	'puʃiɳ	dám làm, hăng gái
pushover	n	'puʃ,ouvə	việc dễ làm, việc ngon xơi
pushy	a		huênh hoang, tự đề cao
puss	n	pus	con mèo
pussy	a	'pʌsi	có mủ
put	v	put	để, đặt, bỏ, đút, cho vào
putrid	a	'pju:trid	thối, thối rữa
putt	n	pʌt	cú đánh nhẹ vào lỗ đánh gôn
putter	n	'pʌtə	người để, người đặt
putty	n	'pʌti	bột đánh bóng jewellers' putty)
puzzle	n	'pʌzl	sự bối rối, sự khó xử
puzzled	a		không hiểu được, lúng túng
puzzling	a	'pʌzliɳ	làm bối rối, làm khó xử
pvc	n		của polyvinyl chloride nhựa PVC
px	n		của Post Exchange trạm bán hàng cho quân
pygmy	n	'pigmi/ (pigmy) /'pigmi	người lùn tịt
pyjamas	n	pə'dʤɑ:məz/ (pajamas) /pə'dʤɑ:məz	pijama, quần áo ngủ
pylon	n	'pailən	cửa tháp, tháp môn
pyramid	n	'pirəmid	hình chóp
pyre	n	'paiə	giàn thiêu
pyromaniac	n	,pairou'meiniæk	người mắc chứng cuồng phóng hoả
pyrotechnics	n	,pairou'tekniks/ (pyrotechny) /,pairə'tekni	thuật làm pháo hoa, sự bắn pháo hoa
python	n	'paiθən	mãng xà
q	n	kju:	q
qb	n		của Queen's Bench một cấp của toà án tối
qc	n		của Queen's Counsel Hội đồng cố vấn của
qin	n		Nhà Tần Ch'in
qing	n		Nhà Thanh Ch'ing
qt	n		vt của quart một lít Anh
qu	n		vt của query
qua	c	kwei	như, với tư cách là
quack	n	kwæk	tiếng kêu cạc cạc
quad	n	kwɔd	của quadrangle, sân trong
quadrant	n	'kwɔdrənt	góc phần tư, cung phần tư
quadruple	a	'kwɔdrupl	gấp bốn
quads	n	'kwɔdruplit	bốn đứa trẻ sinh tư quads)
quagmire	n	'kwægmaiə	quag
quail	n	kweil	chim cun cút
quaint	a	kweint	có vẻ cổ cổ là lạ, nhìn hay hay là lạ
quake	n	kweik	sự rung
quaker	n	'kweikə	tín đồ phái Quây-cơ, tín đồ phái giáo hữ
qualification	n	,kwɔlifi'keiʃn	sự cho là, sự gọi là
qualified	a		đủ tư cách, đủ khả năng
qualify	v	'kwɔlifai	cho là, gọi là
quality	n	'kwɔliti	chất, phẩm chất
quandary	n	'kwɔndəri	tình thế lúng túng khó xử, tình thế bối
quantify	v	'kwɔntifai	xác định số lượng
quantity	n	'kwɔntiti	lượng, số lượng
quantum	n	'kwɔntəm	phần, mức
quarantine	n	'kwɔrənti:n	thời gian cách ly, thời gian kiểm dịch
quark	n		hạt quác, vi lượng
quarrel	n	'kwɔrəl	sự câi nhau, sự gây chuyện
quarreling	a		thích gây gổ, thích sinh sự
quarry	n	'kwɔri	con mồi, con thịt
quart	n	kwɔ:t - kɑ:t	kɑ:t/
quarter	n	'kwɔ:tə	một phần tư
quarterback	n	'kwɔ:təbæk	tiền vệ
quarterly	a	'kwɔ:təli	hàng quý, ba tháng một lần
quartermaster	n	'kwɔ:tə,mɑ:stə	Q.M.) sĩ quan hậu cần của tiểu đoàn
quartet	n	kwɔ:'tet/ (quartette) /kwɔ:'tet	nhóm bốn
quartz	n	kwɔ:ts	thạch anh
quasar	n		chuẩn tinh
quash	v	kwɔʃ	huỷ bỏ, bác đi
quasimodo	n		chủ nhật sau lễ phục sinh
quay	n	ki:	ke, bến
queasy	a	'kwi:zi	làm lộn mửa, làm buồn nôn
queen	n	kwi:n	nữ hoàng, bà hoàng
queer	a	kwiə	lạ lùng, kỳ quặc
quell	v	kwel	đàn áp, dập tắt
quench	v	kwentʃ	tắt, dập tắt
query	n	'kwiəri	câu hỏi, câu chất vấn
quest	n	kwest	sự truy tìm, sự truy lùng
question	n	'kwestʃn	câu hỏi
questionable	a	'kwestʃənəbl	đáng ngờ, đáng nghi ngờ
questionnaire	n	,kwestiə'neə	bản câu hỏi
queue	n	kju:	đuôi sam
quibble	n	'kwibl	lối chơi chữ
quiche	n		khoái khẩu
quick	n	kwik	thịt mềm
quicken	v	'kwikən	làm tăng nhanh, đẩy mạnh
quickie	n	'kwiki	phim làm ẩu
quickly	d	'kwikli	nhanh, nhanh chóng
quicksand	n	'kwiksænd	cát lún, cát lầy
quicksilver	n	'kwik,silvə	thuỷ ngân
quid	n	kwid	viên thuốc lá, miếng thuốc lá
quiet	a	'kwaiət	lặng, yên lặng
quieten	v	'kwaiətn	quiet
quietly	d	'kwiətli	yên lặng, yên tĩnh
quill	n	kwil	ống lông
quilt	n	kwilt	mền bông, mền đắp
quince	n	kwins	quả mộc qua
quinine	n	kwi'ni:n/ (quinia) /'kwiniə	Quinin
quint	n	kwint	quâng năm, âm năm
quintessential	a	,kwinti'senʃəl	phần tinh chất, phần tinh tuý
quirk	n	kwə:k	lời giễu cợt, lời châm biếm
quirky	a		lắm mưu mô, giỏi ngụy biện
quirt	n	kwit	roi da cán ngắn
quit	a	kwit	vị ngữ thoát khỏi, giũ sạch được
quite	d	kwait	hoàn toàn, hầu hết
quits	a	kwits	vị ngữ trả xong, thanh toán xong
quitter	n	'kwitə	người bỏ việc, người trốn việc
quiver	n	'kwivə	bao đựng tên
quivering	n		sự run
quixote	n	'kwiksət	người hào hiệp viển vông, chàng Đông-ki-
quiz	n	kwiz	kỳ thi kiểm tra nói, kỳ thi vấn đáp
quizzes	n		kỳ thi kiểm tra nói, kỳ thi vấn đáp
quorum	n	'kwɔ:rəm	số đại biểu quy định
quota	n	'kwoutə	phần
quotation	n	kwou'teiʃn	sự trích dẫn, đoạn trích dẫn
quote	n	kwout	lời trích dẫn, đoạn trích dẫn
quran	n		kinh Coran
r	n	r	R
ra	n		Viện Hàn lâm hoàng gia, viện sự Viện Hàn
rabbi	n	'ræbai/ (rabbin) /'ræbin	giáo sĩ Do thái
rabbit	n	'ræbit	con thỏ
rabble	n	'ræbl	đám người lộn xộn, đám đông
rabid	a	'ræbid	dại, bị bệnh dại
rabies	n	'reibi:z	bệnh dại
raccoon	n	rə'ku:n/ (raccoon) /rə'ku:n	gấu trúc
race	n	reis	nòi
racehorse	n	'reishɔ:s	ngựa đua
racer	n	'reisə	vận động viên đua
racetrack	n	'reiskɔ:s/ (racetrack) /rə'si:m	trường đua ngựa
racial	a	'reiʃəl	dòng giống, chủng tộc
racially	d		đặc trưng cho chủng tộc, do chủng tộc
racing	n		cuộc đua
racism	n	'reisizm	chủ nghĩa phân biệt chủng tộc
racist	n	'reisist	người phân biệt chủng tộc
rack	n	ræk	những đám mây trôi giạt
racket	n	'rækit	racquet
racketeering	n		mánh khoé làm tiền gian lận
racking	n		giá đỡ, giá đựng
racoon	n	rə'ku:n/ (raccoon) /rə'ku:n	gấu trúc
racquet	n	'rækit	vợt
racy	a	'reisi	đặc biệt, đắc sắc
rad	n		rad
rada	n		vt của Royal Academy of Dramatic Art Học
radar	n	'reidə	hệ thống ra-đa
radial	a	'reidjəl	, tia
radiance	n	'reidjəns/ (radiancy) /'reidjənsi	ánh sáng chói lọi, ánh sáng rực rỡ
radiant	a	'reidjənt	sáng chói, sáng rực
radiate	a	'reidiit	toả ra, xoè ra
radiation	n	,reidi'eiʃn	sự bức xạ, sự phát xạ
radiator	n	'reidieitə	vật bức xạ
radical	a	'rædikəl	gốc, căn bản
radically	d	'rædikəli	căn bản, tận gốc
radio	n	'reidiai	rađiô
radioactive	a	'reidiou'æktiv	phóng xạ
radioactivity	n	'reidiouæk'tiviti	năng lực phóng xạ, tính phóng xạ
radiologist	n		bác sự X quang
radiology	n	,reidi'ɔlədʤi	khoa tia X
radish	n	'rædiʃ	củ cải
radium	n	'reidjəm	Rađi
radius	n	'reidjəs	bán kính
radon	n	reidɔn	Rađơn
raf	n		vt của Royal Air Force không lực Hoàng g
raff	n	'rifræf/ (raff) /ræf	tầng lớp hạ lưu
raffle	n	'ræfl	rác rưởi, cặn bâ
raft	n	rɑ:ft	, số lượng lớn
rafting	n		sự kết bè, sự thả bè
rag	n	ræg	giẻ, giẻ rách
raga	n		điệu nhạc raga cổ truyền của ấn độ
rage	n	reidʤ	cơn thịnh nộ, cơn giận dữ
ragged	a	'rægid	rách tã, rách tả tơi
raging	n	'reidʤiɳ	cơn giận dữ
raglan	n	'ræglən	áo raglăng
ragtag	n	'rægtæg	lớp người nghèo, những người khố rách áo
ragtime	n	'rægtaim	nhạc ractim
raid	n	reid	cuộc tấn công bất ngờ, cuộc đột kích
raider	n	'reidə	người đi bố ráp, phi công đi oanh tạc
rail	n	reil	tay vịn, bao lơn
railing	n	'reiliɳ	hàng rào chắn song
railroad	n	'reilroud	đường sắt, đường xe lửa
railway	n	'reilwei	đường sắt, đường xe lửa
rain	n	rein	mưa
rainbow	n	'reinbou	cầu vồng
raincoat	n	'reinkout	áo mưa
raindrop	n	'reindrɔp	giọt mưa
rainfall	n	'reinfɔ:l	trận mưa rào
rainy	a	'reini	có mưa, có nhiều mưa
raise	v	reiz	nâng lên, đỡ dậy
raised	a	reizd	nổi, đắp nổi
raisin	n	'reizn	nho khô
raising	n		sự đưa lên
raj	n	rɑ:dʤ	chủ quyền, quyền hành
raja	n	'rɑ:dʤə/ (rajah) /'rɑ:dʤə	vương công, ratja
rajah	n		vương công, tiểu vương
rake	n	reik	kẻ chơi bời phóng đãng, kẻ trác táng
raking	n		độ nghiêng
rally	n	'ræli	sự tập hợp lại
ram	n	ræm	cừu đực
ramadan	n	,mæmə'dɑ:n	tháng nhịn ăn ban ngày
ramble	n	'ræmbl	cuộc dạo chơi, cuộc ngao du
rambler	n	'ræmblə	người đi dạo chơi, người đi ngao du
rambling	n	'ræmbliɳ	sự đi lang thang, sự đi ngao du
rammer	n	'ræmə	cái đầm nện
ramming	n		sự đầm, sự nện chặt
ramp	n	ræmp	dốc, bờ dốc
rampage	n	ræm'peidʤ	sự giận dữ, cơn giận điên lên
rampant	a	'ræmpənt	chồm đứng lên
rampart	n	'ræmpɑ:t	thành luỹ
ramrod	n	'ræmrɔd	que nhồi thuốc
rance	n		đá hoa Bỉ
ranch	n	rɑ:ntʃ	trại nuôi súc vật
rancher	n	'rɑ:ntʃə/ (ranchman) /'rɑ:ntʃə	chủ trại nuôi súc vật
rancho	n		nhà tranh của người chăn nuôi
rancid	a	'rænsid	trở mùi, ôi
rand	n		đồng ran, 100 xu
random	n	'rændəm	at random càn, bậy bạ
randomly	d		ẩu, bừa, không có mục đích
randy	a	'rændi	to mồm, hay làm ồn ào
range	n	reindʤ	dãy, hàng
ranger	n	'reindʤ	người hay đi lang thang
rani	n	'rɑ:ni:/ (rani) /'rɑ:ni:	hoàng hậu
rank	n	ræɳk	hàng, dãy
ranked	n		được xắp hạng
ransack	v	'rænsæk	lục soát, lục lọi
ransom	n	'rænsəm	sự chuộc
rant	n	rænt	lời nói huênh hoang rỗng tuếch, bài diễn
rap	n	ræp	cuộn 120 iat
rape	n	reip	bã nho dùng làn giấm
rapid	a	'ræpid	nhanh, nhanh chóng
rapidly	d		nhanh, nhanh chóng
rapist	n		người phạm tội hãm hiếp
rapport	n	ræ'pɔ:	quan hệ
raptor	n		chim ăn thịt
rapture	n	'ræptʃə	sự sung sướng vô ngần, trạng thái mê ly
rare	a	reə	hiếm, hiếm có
rarely	d	'reəli	hiếm, hiếm có
raring	a		nôn nóng, quá háo hức
rarity	n	'reəriti	sự hiếm có, sự ít có
rascal	n	'rɑ:skəl	kẻ
rash	n	ræʃ	chứng phát ban
rashly	d		hấp tấp, vội vàng
rasp	n	rɑ:sp	cái giũa gỗ
raspberry	n	'rɑ:zbəri	quả mâm xôi
rasping	a	'rɑ:spiɳ	kêu kèn kẹt, cọt kẹt
raspy	a	'rɑ:spi	rasping
rat	n	ræt	con chuột
ratan	n	rə'tæn/ (ratan) /rə'tæn	cây mây, cây song
ratatouille	n		món xúp rau của miền Nam nước pháp
ratchet	v	'rætʃ/ (ratchet) /'rætʃit	lắp bánh cóc vào
rate	n	reit	tỷ lệ
Rates	n		Thuế địa ốc.
rath	a		nở sớm, chín sớm
rather	d	'rɑ:ðə	thà... hơn, thích... hơn
rating	n	'reitiɳ	sự đánh giá
ratio	n	'reiʃiou	tỷ số, tỷ lệ
ration	n	'ræʃn	khẩu phần
rational	a	'ræʃənl	có lý trí, dựa trên lý trí
rationale	n	ræʃiə'nɑ:li	lý do căn bản, nhân tố căn bản
rationality	n	,ræʃə'næliti	sự hợp lý, sự hợp lẽ phải
rationalize	v	'ræʃnəlaiz	hợp lý hoá
Rationing	n		Chia khẩu phần.
ratting	n		sự phản bội
rattle	n	rætl	cái trống lắc, cái lúc lắc
rattler	n		cái lúc lắc, cái chạy rầm rầm
rattlesnake	n		rắn chuông
rattling	a		kêu lạch cạch, nổ lốp bốp
ratty	a		có nhiều chuột
raucous	a	'rɔ:kəs	khàn khàn
raunchy	a		dâm dục
ravage	n	'rævidʤ	sự tàn phá
rave	n	reiv	song chắn
ravel	n	'rævəl	mối rối, mối thắt nút
raven	n	'reivn	con quạ
ravenous	a	'rævinəs	phàm ăn
ravine	n	rə'vi:n	khe núi, hẽm núi
raving	n	'reiviɳ	tiếng gầm, tiếng rít
ravioli	n		một loại bánh bao
ravish	v	'ræviʃ	cướp đoạt, cướp giật
ravishing	a	'ræviʃiɳ	làm say mê, làm say đắm
raw	a	rɔ:	sống
rawhide	a	'rɔ:haid	bằng da sống
ray	n	rei	cá đuối
raze	v	reiz/ (rase) /reiz	phá bằng, san bằng
razor	n	'reizə	dao cạo
razzle	n		on the razzle) đi ăn uống và vui chơi, m
rc	n		chữ thập đỏ
re	n	ri:	Rê
reach	n	ri:tʃ	sự chìa ra, sự trải ra
reachable	a	'ri:tʃəbl	có thể với tới được
react	v	ri:'ækt	tác động trở lại, ảnh hưởng trở lại
reaction	n	ri:'ækʃn	sự phản tác dụng, sự phản ứng lại
reactionary	a	ri:'ækʃnəri/ (reactionist) /ri:'ækʃnist	phản động
reactivate	v	'ri:'æktiveit	phục hồi sự hoạt động
reactive	a	ri:'æktiv	tác động trở lại, ảnh hưởng trở lại
reactor	n	ri:'æktə	lò phản ứng
read	v	ri:d	đọc
reader	n	'ri:də	người đọc, độc giả
readily	d	'redili	sẵn sàng
readiness	n	'redinis	sự sẵn sàng
reading	n	'ri:diɳ	sự đọc, sự xem
readjust	v	'ri:ə'dʤʌst	điều chỉnh lại, sửa lại cho đúng
ready	a	'redi	sẵn sàng
real	a		thực, thực tế
realise	v		thực hiện, thực hành
realism	n	'riəlizm	chủ nghĩa hiện thực
realist	n	'riəlist	người theo thuyết duy thực
realistic	a	riə'listik	hiện thực
reality	n	ri:'æliti	sự thực, thực tế
realization	n	,riəlai'zeiʃn	sự thực hiện, sự thực hành
realize	v	'riəlaiz/ (realise) /'riəlaiz	thực hiện, thực hành
really	d	'riəli	thực, thật
realm	n	relm	vương quốc
realty	n	'riəlti	bất động sản
ream	n	ri:m	ram giấy
reap	v	ri:p	gặt
reaper	n	'ri:pə	người gặt
reaping	n		sự gặt hái
reappear	v	'ri:ə'piə	lại xuất hiện, lại hiện ra
rear	n	riə	bộ phận đằng sau, phía sau
rearing	n	'riəriɳ	cách nuôi dạy
rearrange	v	'ri:ə'reindʤ	sắp xếp lại, bố trí lại
reason	n	'ri:zn	lý do, lẽ
reasonable	a	'ri:znəbl	có lý, hợp lý
reasonably	d		hợp lý
reasoned	a		trình bày hợp lý, trình bày có biện luận
reasoning	n	'ri:zniɳ	lý luận, lập luận
reassemble	v	'ri:ə'sembl	tập hợp lại
reassess	v	'ri:ə'ses	định giá lại để đánh thuế
reassurance	n	,ri:ə'ʃuərəns	sự cam đoan một lần nữa, sự đoan chắc mộ
reassure	v	,ri:ə'ʃuə	cam đoan một lần nữa, đoan chắc một lần
reassuring	a	,ri:ə'ʃuəriɳ	làm yên lòng, làm vững dạ
rebate	n	ri'beit	việc hạ giá, việc giảm bớt
rebel	n	'rebl	người nổi loạn, người phiến loạn
rebellion	n	ri'beljən	cuộc nổi loạn, cuộc phiến loạn
rebellious	a	ri'beljəs	nổi loạn, phiến loạn
rebirth	n	'ri:'belou	sự sinh lại, sự hiện thân mới
reboot	n		khởi động lại
reborn	a		đổi đời, hồi sinh
rebound	n	'ri:'baund	sự bật lại, sự nẩy lên
rebuild	v	'ri:bild	xây lại, xây dựng lại
rebuilding	n	'ri:'bildiɳ	sự xây dựng lại
rebuilt	v	'ri:bild	xây lại, xây dựng lại
rebuke	n	ri'bju:k	sự khiển trách, sự quở trách
rebus	n	'ri:bəs	câu đố bằng hình vẽ, bài thơ đố bằng hìn
rebuttal	n	ri'bʌtl/ (rebutment) /ri'bʌtmənt	sự bác bỏ
rec	n		sân chơi
recall	n	ri'kɔ:l	sự gọi về, sự đòi về
recant	v	ri'kænt	công khai, rút lui và từ bỏ
recap	v	'ri:kæp	, recapitulate
recapture	n	'ri:'kæptʃə	sự bắt lại
recast	n	'ri:'kɑ:st	sự đúc lại, vật đúc lại
recede	v	ri'si:d	lùi lại, lùi xa dần
receipt	n	ri'si:t	công thức
receive	v	ri'si:v	nhận, lĩnh
received	a		được thừa nhận rộng rãi là đúng
receiver	n	ri'si:və	người nhận, người lĩnh
recent	a	'ri:snt	gần đây, xảy ra gần đây
recently	d	'ri:sntli	gần đây, mới đây
receptacle	n	ri'septəkl	đồ đựng
reception	n	ri'sepʃn	sự nhận, sự thu nhận
receptionist	n	ri'sepʃənist	người tiếp khách
receptive	a	ri'septiv	dễ tiếp thu, dễ lĩnh hội
receptor	n		cơ quan nhận cảm, thụ quan
recess	n	ri'ses	thời gian ngừng họp
recession	n	ri'seʃn	sự lùi lại, sự thụt lại
recharge	v	'ri:'tʃɑ:dʤ	nạp lại
recipe	n	'resipi	công thức
recipient	a	ri'sipiənt	receptive
reciprocal	a	ri'siprəkəl	lẫn nhau, qua lại
reciprocate	v	ri'siprəkeit	trả, đền đáp lại
recital	n	ri'saitl	sự kể lại, sự thuật lại
recitation	n	,resi'teiʃn	sự kể lại, sự kể lể
recite	v	ri'sait	kể lại, thuật lại
reckless	a	'reklis	không lo lắng, không để ý tới
recklessness	n	'reklisnis	tính không lo lắng, tính không để ý tới
reckon	v	'rekən	tính, đếm
reckoning	n	'rekniɳ	sự tính, sự đếm
reclaim	n	ri'kleim	past reclaim, beyond reclaim không thể c
recluse	a	ri'klu:s	sống ẩn dật, xa lánh xã hội
reclusive	a		ẩn dật, trốn đời
recognisable	a		có thể công nhận, có thể thừa nhận
recognise	v	'rekəgnaiz/ (recognise) /'rekəgnaiz	công nhận, thừa nhận
recognised	a		được công nhận, được thừa nhận
recognition	n	,rekəg'niʃn	sự công nhận, sự thừa nhận
recognizable	a	'rekəgnaizəbl	có thể công nhận, có thể thừa nhận
recognizance	n	ri'kɔgnizəns	sự cam kết trước toà
recognize	v	'rekəgnaiz/ (recognise) /'rekəgnaiz	công nhận, thừa nhận
recognized	a	'rekəgnaizd	được công nhận, được thừa nhận
recoil	n	ri'kɔil	sự dội lại, sự nảy lại
recollect	v	,rekə'lekt	nhớ lại, hồi tưởng lại
recollection	n	,rekə'lekʃn	sự nhớ lại, sự hồi tưởng lại
recommend	v	,rekə'mend	giới thiệu, tiến cử
recommendation	n	,rekəmen'deiʃn	sự giới thiệu, sự tiến cử
recompense	n	'rekəmpens	sự thưởng, sự thưởng phạt
reconcile	v	'rekənsail	giải hoà, giảng hoà
reconciliation	n	'rekənsailmənt/ (reconciliation) /,rekəsili'eiʃn	sự hoà giải, sự giảng hoà
reconnaissance	n	ri'kɔnisəns	sự trinh sát, sự do thám
reconsider	v	'ri:kən'sidə	xem xét lại, xét lại
reconstruct	v	'ri:kən'strʌk	xây dựng lại, kiến thiết lại
reconstruction	n	'ri:kən'strʌkʃn	sự xây dựng lại, sự kiến thiết lại
reconstructive	a		để xây dựng lại, để kiến thiết lại
reconvene	v		triệu tập lại
record	n	'rekɔ:d	hồ sơ
recorder	n	ri'kɔ:də	máy ghi âm
recording	n	ri'kɔ:diɳ	sự ghi
recount	v	'ri'kaunt	thuật kỹ lại, kể lại chi tiết
recoup	v	ri'ku:p	bồi thường
recourse	n	ri'kɔ:s	sự nhờ đến, sự cầu đến
recover	v	'ri:'kʌvə	lấy lại, giành lại
recovery	n	ri'kʌvəri	sự lấy lại được, sự tìm lại được
recreate	v	'rekrieit	làm giải khuây
recreation	n	,rekri'eiʃn	sự giải lao, sự giải trí
recreational	a	,rekri'eiʃənl	sự giải trí, sự tiêu khiển
recruit	n	ri'kru:t	lính mới
recruitment	n	ri'kru:tmənt	sự tuyển mộ, sự lấy thêm
rectal	a	'rektəl	ruột thẳng
rectangle	n	'rek,tæɳgl	hình chữ nhật
rectangular	a	rek'tæɳgjulə	hình chữ nhật
rectify	v	'rektifai	sửa, sửa cho thẳng
rector	n	'rektə	hiệu trưởng
rectory	n	'rektəri	nhà của hiệu trưởng
rectum	n	'rektəm	ruột thẳng
recuperate	v	ri'kju:pəreit	hồi phục
recurrence	n	ri'kʌrəns	sự trở lại
recurring	a	ri'kə:riɳ	trở lại luôn, lại diễn ra
recuse	v		kháng nghị, hồi tỵ
recycle	v		tái sinh
red	a	red	đỏ
reddish	a	'rediʃ	hơi đỏ, đo đỏ
reddy	a		hơi đỏ
redeem	v	ri'di:m	mua lại, chuộc lại
redeemer	n	ri'di:mə	người chuộc
redefine	v		định nghĩa lại, xác định lại
redemption	n	ri'dempʃn	sự mua lại, sự chuộc lại
redevelopment	n		sự xây dựng lại, sự được xây dựng lại
redhead	n		người có bộ tóc hoe hoe đỏ
redial	v		quay số lại
redid	v		trang trí lại, tu sửa lại
redirect	v	'ri:di'rekt	gửi một lân nữa
rediscover	v	'ri:dis'kʌvə	tìm ra lại, phát hiện lại
redline	v		xoá tên ra khỏi bảng lương
redman	n		người da đỏ Bắc Mỹ
redneck	n	'rednek	người lỗ mãng, người thô bỉ
redness	n	'rednis	màu đỏ
redo	v		làm lại
redone	n		trang trí lại, tu sửa lại
redress	n	ri'dres	sự sửa lại, sự uốn nắn
reduce	v	ri'dju:s	giảm, giảm bớt
reduction	n	ri'dʌkʃn	sự thu nhỏ, sự giảm bớt
redundancy	n	ri'dʌndəns/ (redundancy) /ri'dʌndənsi	sự thừa, sự thừa dư
redundant	a	ri'dʌndənt	thừa, dư
redwood	n		loại cây nào có gỗ màu đỏ
ree	a		cuồng bạo
reed	n	ri:d	sậy
reef	n	ri:f	đá ngầm
reefer	n	'ri:fə	người cuốn buồm
reek	n	ri:k	mùi mốc, mùi nồng nặc
reel	n	ri:l	guồng
reelection	n		sự bầu lại
reentry	n		sự lại trở vào
reeve	n	ri:v	thị trưởng, quận trưởng
ref	n		, trọng tài
refer	v	ri'fə:	quy, quy cho
referee	n	,refə'ri:	, trọng tài
reference	n	'refrəns	sự chuyển đến để xem xét, sự giao cho gi
referendum	n	,refə'rendəm	cuộc trưng cầu ý dân
refill	n	'ri:fil	cái dự trữ, cái để thay thế
refine	v	ri'fain	lọc, lọc trong
refined	a	ri'faind	nguyên chất
refinement	n	ri'fainmənt	sự lọc, sự tinh chế
refinery	n	ri'fainəri	nhà máy luyện tinh, nhà máy lọc
reflect	v	ri'flekt	phản chiếu, phản xạ
reflected	n		phản xạ
reflection	n		sự phản chiếu, sự phản xạ
reflective	a		phản chiếu
reflector	n		gương phản xạ, vật phản xạ nhiệt
reflex	n		ánh sáng phản chiếu, vật phản chiếu
reflux	n	'ri:flʌks	dòng ngược, sự chảy ngược
reform	n	reform	sự cải cách, sự cải lương
reformation	n	,refə'meiʃn	sự cải cách, sự cải lương
reformatory	n	ri'fɔ:mətəri/ (reform_school) /ri'fɔ:m,sku:l	trại cải tạo
reformed	a		cải cách, cải lương
reformer	n	ri'fɔ:mə	nhà cải cách, nhà cải lương
refrain	n	ri'frein	đoạn điệp
refresh	v	ri'freʃ	làm cho tỉnh lại, làm cho khoẻ khoắn
refresher	n	ri'freʃə	tiền trả thêm
refreshing	a	ri'freʃiɳ	làm cho khoẻ khoắn, làm cho khoan khoái
refreshment	n	ri'freʃmənt	sự nghỉ ngơi, sự tĩnh dưỡng
refrigeration	n	ri,fridʤə'reiʃn	sự làm lạnh, sự ướp lạnh
refrigerator	n	ri'fridʤəreitə	tủ ướp lạnh, phòng ướp lạnh
refuel	v		tiếp nhiên liệu
refuge	n	'refju:dʤ	nơi trốn tránh, nơi ẩn náu
refugee	n	,refju:'dʤi:	người lánh nạn, người tị nạn
refund	n	ri:'fʌnd	sự trả lại
refusal	n	ri'fju:zəl	sự từ chối, sự khước từ
refuse	v	ri'fju:z	từ chối, khước từ
refute	v	ri'fju:t	bác, bẻ lại
regain	v	ri'gein	lấy lại, thu đi
regal	a	'ri:gəl	vua chúa, xứng với vua chúa
regalia	n	ri'geiljə	những biểu chương của nhà vua
regard	n	ri'gɑ:d	cái nhìn
regarding	p	ri'gɑ:diɳ	đối với, về phần
regardless	a	ri'gɑ:dlis	không kể, không đếm xỉa tới
regatta	n	ri'gætə	cuộc đua thuyền
regency	n	'ri:dʤənsi	chức nhiếp chính
regenerate	v	ri'dʤənəreit	tái sinh
regeneration	n	ri,dʤenə'reiʃn	sự tái sinh
regenerative	a	ri,dʤenərətiv	làm tái sinh
regent	n	'ri:dʤənt	quan nhiếp chính
reggae	n		nhạc nhịp mạnh, điệu nhảy với nhịp mạnh
regime	n	rei'ʤi:m/ (régime) /rei'ʤi:m	chế độ, chính thể
regimen	n	'redʤimen	chế độ ăn uống, chế độ dinh dưỡng
regiment	n	'redʤimənt	trung đoàn
regimental	a	,redʤi'mentl	trung đoàn
regina	n		nữ hoàng đang trị vì
region	n	'ri:dʤn	vùng, miền
regional	a	'ri:dʤənl	vùng, miền
register	n	'redʤistə	sổ, sổ sách
registered	a	'redʤistəd	đã đăng ký
registrar	n	,redʤis'trɑ:	người giữ sổ
registration	n	,redʤis'treiʃn	sự đăng ký, sự vào sổ
registry	n	'redʤistri	nơi đăng ký, co quan đăng ký
regress	n	'ri:gres	sự thoái bộ, sự thoái lui
regression	n	ri'greʃn	sự thoái bộ, sự thoái lui
regret	n	ri'gret	lòng thương tiếc
regretful	a	ri'gretful	thương tiếc
regretfully	d		hối tiếc, buồn rầu
regrettable	a	ri'gretəbl	đáng tiếc, đáng ân hận
regrettably	d		một cách đáng tiếc
regroup	v		tập hợp lại, tạo thành từng nhóm mới
regular	a	'rəgjulə	đều đều, không thay đổi
regularity	n	'regju'læriti	tính đều đều, tính đều đặn
regularly	d	'regjuləri	đều đều, đều đặn
regulate	v	'regjuleit	điều chỉnh, sửa lại cho đúng
regulation	n	,regju'leiʃn	sự điều chỉnh, sự sửa lại cho đúng
regulator	n	'regjuleitə	người điều chỉnh
rehabilitate	v	,ri:ə'biliteit	phục hồi
rehabilitation	n	'ri:ə,bili'teiʃn	sự phục hồi
rehash	n	'ri:'hæʃ	sự làm lại thành mới, sự sửa mới
rehearsal	n	ri'hə:səl	sự kể lại, sự nhắc lại
rehearse	v	ri'hə:s	nhắc lại, kể lại
reheat	v	'ri:'hi:t	hâm lại, đun nóng lại
rei	n		đồng rây
reich	n		Nhà nước Đức trước kia
reichstag	n	'raikstɑ:g	quốc hội Đức
reign	n	rein	triều đại, triều
reimburse	v	,ri:im'bə:s	hoàn lại, trả lại
reimbursement	n	,ri:im'bə:smənt	sự hoàn lại, sự trả lại
rein	n	rein	dây cương
reincarnate	v	'ri:'inkɑ:neit	cho đầu thai, cho hiện thân
reincarnation	n	'ri:inkɑ:'neiʃn	sự đầu thai, sự hiện thân
reindeer	n	'reindiə	tuần lộc
reinforce	v	,ri:in'fɔ:s	tăng cường, củng cố
reinforcement	n	,ri:in'fɔ:smənt	sự tăng cường, sự củng cố
reins	n	reinz	quả thận, quả cật
reinstate	v	'ri:in'steit	phục hồi, lấy lại
reinstatement	n	'ri:in'steitmənt	sự phục hồi, sự lấy lại
reintroduce	v		lại giới thiệu, lại đưa vào
reiterate	v	ri:'itəreit	tóm lại, nói lại
reject	n	'ri:dʤekt	vật bị loại, vật bỏ đi
rejection	n	ri'dʤekʃn	sự không chấp nhận, sự bác bỏ
rejoice	v	ri'dʤɔis	làm cho vui mừng, làm cho hoan hỉ
rejoicing	n	ri'dʤɔisiɳ	sự vui mừng, sự vui chơi
rejoin	v	ri'dʤɔin	đáp lại, trả lời lại
rejuvenate	v	ri'dʤu:vineit	làm trẻ lại
rejuvenation	n	ri,dʤu:vi'neiʃn	sự làm trẻ lại, sự trẻ lại
rekindle	v	'ri:'kindl	đốt lại, thắp lại
relapse	n	ri'læps	sự trở lại, sự lại rơi vào
relate	v	ri'leit	kể lại, thuật lại
related	a		có liên quan, có quan hệ với ai/ cái gì
relation	n	ri'leiʃn	sự kể lại, sự thuật lại
relationship	n	ri'leiʃnʃip	mối quan hệ, mối liên hệ
relative	a	'relətiv	có kiên quan
relatively	d	'relətivli	có liên quan, có quan hệ với
relativity	n	,relə'tiviti	tính tương đối
relax	v	ri'læks	nới lỏng, lơi ra
relaxation	n	,ri:læk'seiʃn	sự nới lỏng, sự lơi ra
relaxed	a		thanh thản, thoải mái
relaxing	a	ri'læksiɳ	làm chùng, làm yếu đi
relay	n	ri'lei	kíp ngựa
relaying	n		sự chuyển tiếp, sự tiếp âm
release	n	ri'li:s	sự giải thoát, sự thoát khỏi
relent	v	ri'lent	bớt nghiêm khắc, trở nên thuần tính
relentless	a	ri'hentlis	tàn nhẫn, không thương xót
relentlessly	d		tàn nhẫn, không thương xót
relevance	n	'relivəns/ (relevancy) /'relivənsi	sự thích đáng, sự thích hợp
relevant	a	'relivənt	thích đang, thích hợp
reliability	n	ri,laiə'biliti	sự đáng tin cậy
reliable	a	ri'laiəbl	chắc chắn, đáng tin cậy
reliably	d		chắc chắn, đáng tin cậy
reliance	n	ri'laiəns	sự tin cậy, sự tín nhiệm
reliant	a	ri'laiənt	đáng được tin cậy
relic	n	'relik	thành tích
relief	n	ri'li:f	sự giảm nhẹ, sự bớt đi
relieve	v	ri'li:v	làm an tâm, làm yên lòng
relieved	a		cảm thấy bớt căng thẳng, thể hiện bớt că
relieving	a		cứu trợ, cứu viện
religion	n	ri'lidʤn	tôn giáo, đạo
religious	a	ri'lidʤəs	tôn giáo, tín ngưỡng
religiously	d		một cách sùng đạo
relinquish	v	ri'liɳkwiʃ	bỏ, từ bỏ
relish	n	'reliʃ	đồ gia vị
relive	v	'reliʃ	sống lại, hồi sinh
reload	v	'ri:'loud	chất lại
reloading	n	'ri:'loudiɳ	sự chất lại
relocate	v		di chuyển tới, xây dựng lại
relocation	n		sự di chuyển tới, sự xây dựng lại
reluctance	n	ri'lʌktəns	sự miễn cưỡng, sự bất đắc dĩ
reluctant	a	ri'lʌktənt	miễn cưỡng, bất đắc dĩ
reluctantly	d		miễn cưỡng, bất đắc dự
rely	v	ri'lai	tin, tin cậy
remade	v	'ri:'meik	làm lại
remain	n	ri'mein	đồ thừa, cái còn lại
remainder	n	ri'meində	phần còn lại, chỗ còn lại
remains	n		đồ thừa, cái còn lại
remake	v	'ri:'meik	làm lại
remand	n	ri'mɑ:nd	sự gửi trả về trại giam để điều tra thêm
remark	n	ri'mɑ:k	sự lưu ý, sự chú ý
remarkable	a	ri'mɑ:kəbl	đáng chú ý
remarkably	d		đáng chú ý, đáng để ý
remarked	a		rõ rệt, hiển nhiên
remarry	v	'ri:'mæri	cưới lại, kết hôn lại
rematch	v		đấu lần thứ hai giữa hai đội
remedial	a	ri'mi:djəl	sự chữa bệnh, sự điều trị
remedy	n	'remidi	thuốc, phương thuốc
remember	v	ri'membə	nhớ, nhớ lại
remembrance	n	ri'membrəns	sự nhớ, sự hồi tưởng
remind	v	ri'maind	nhắc nhở, làm nhớ lại
reminder	n	ri'maində	cái nhắc nhở, cái làm nhớ lại
reminisce	v		hồi tưởng, nhớ lại
reminiscent	a	,remi'nisnt	nhớ lại, làm nhớ lại
remiss	a	ri'mis	cẩu thả, tắc trách
remission	n	ri'miʃn	sự tha thứ, sự miễn giảm
remit	v	ri'mit	tha, xá
remnant	n	'remnənt	cái còn lại, vật còn thừa
remodel	v	'ri:'mɔdl	làm lại, sửa đổi
remorse	n	ri'mɔ:s	sự ăn năn, sự hối hận
remorseful	a	ri'mɔ:sful	ăn năn, hối hận
remote	a	ri'mout	xa, xa xôi, xa xăm
remotely	d		ở mức rất nhỏ, rất mơ hồ
removal	n	ri'mu:vəl	việc dời đi, việc di chuyển
remove	n	ri'mu:v	món ăn tiếp theo
removed	a	ri'mu:vd	xa, xa cách, khác biệt
remover	n	ri'mu:və	người dọn đồ furniture remover)
remuneration	n	ri,mju:nə'reiʃn	sự thưởng, sự trả công
ren	n		số nhiều renes
renaissance	n	ri'neisəns	sự phục hưng
renal	a	'ri:nl	thận
rename	v	'ri:'neim	đổi tên, thay tên
render	v	'rendə	trả, trả lại
rendering	n		sự biểu diễn
rendezvous	n	'rɔndivu:	chỗ hẹn, nơi hẹn gặp
rendition	n	'rɔndivu:	sự thể hiện, sự biểu hiện
renegade	n	'renigeid	kẻ phản bội
renege	v	ri'ni:g	từ bỏ
renegotiate	v		thương lượng lại
renew	v	ri'nju:	hồi phục lại, làm hồi lại
renewable	a	ri'nju:əbl	có thể hồi phục lại
renewal	n	ri'nju:əl	sự phụ hồi, sự khôi phục
renounce	v	ri'nauns	bỏ, từ bỏ, không thừa nhận
renovate	v	'renouveit	làm mới lại, đổi mới
renovation	n	,renou'veiʃn	sự làm mới lại, sự đổi mới
renown	n	ri'naun	danh tiếng, tiếng tăm
renowned	a	ri'naund	có tiếng, nổi tiếng
rent	n	rent	chỗ rách, kẽ hở
rental	n	'rentl	tiền cho thuê, lợi tức cho thuê
renter	n	'rentə	người thuê, người cấy nộp tô
reopen	v	'ri:'oupən	mở lại, lại tiếp tục
reorganization	n	'ri:,ɔ:gənai'zeiʃn	sự tổ chức lại, sự cải tổ lại
reorganize	v	'ri:'ɔ:gənaiz	tổ chức lại, cải tổ lại
rep	n	rep	vải sọc repp, reps)
repaid	v	ri:'pei	trả lại, đáp lại
repaint	v	'ri:'peint	sơn lại
repair	n	ri'peə	sự sửa chữa, sự tu sửa
repairman	n		thợ sửa chữa máy móc
repartee	n	,repɑ:'ti:	sự ứng đối, sự đối đáp
repatriation	n	'ri:pætri'eiʃn	sự hồi hương, sự trở về nước
repay	v	ri:'pei	trả lại, đáp lại
repayment	n	ri:'peimənt	sự trả lại
repeal	n	ri'pi:l	sự huỷ bỏ, sự bâi bỏ
repeat	n	ri'pi:t	sự nhắc lại, sự lặp lại
repeated	a	ri'pi:tid	nhiều lần nhắc đi nhắc lại, lặp đi lặp l
repeatedly	d		lặp đi lặp lại nhiều lần
repeating	a		tuần hoàn
repel	v	ri'pel	đẩy lùi
repellent	a	ri'pelənt	có khuynh hướng đẩy ra, có ý cự tuyệt
repent	v	ri'pent	ân hận, ăn năn
repentance	n	ri'pentəns	sự ân hận, sự ăn năn
repentant	a	ri'pentənt	ân hận, ăn năn
repertoire	n	'repətwɑ:	vốn tiết mục biểu diễn repertory)
repetition	n	,repi'tiʃn	sự nhắc lại, sự lặp lại
repetitive	a	ri'pətitiv	lặp lại
rephrase	v		nói lại bằng các từ khác
replace	v	ri'pleis	thay thế
replaceable	a	ri'pleisəbl	có thể thay thế
replacement	n	ri'pleismənt	sự thay thế, vật thay thế
replay	v	'ri:'plei	đấu lại
replenish	v	ri'pleniʃ	lại làm đầy, cung cấp thêm
replica	n	'replikə	bản sao
replicate	v		tái tạo, là một bản sao của
replication	n		sự tái tạo, tình trạng là bản sao của
reply	n	ri'plai	câu trả lời, lời đáp
repopulate	v		phục hồi quần thể, phục hồi số dân
report	n	ri'pɔ:t	bản báo cáo, biên bản
reported	a	ri'pɔ:tid	gián tiếp
reportedly	d		theo như đưa tin, tường trình
reporter	n	ri'pɔ:tə	người báo cáo
repose	n	ri'pouz	sự nghỉ ngơi, sự nghỉ
repository	n	ri'pɔzitəri	kho, chỗ chứa & )
repossess	v	'ri:pə'zes	chiếm hữu lại
reprehensible	a	,repri'hensəbl	đáng quở trách, đáng khiển trách
represent	v	,repri'zent	tiêu biểu cho, tượng trưng cho
representation	n	,reprizen'teiʃn	sự tiêu biểu, sự tượng trưng
representative	a	,repri'zentətiv	miêu tả, biểu hiện
represented	n		được biểu diễn
repress	v	ri'pres	dẹp, đàn áp
repressed	a		đau khổ do bị kiềm nén tình cảm
repression	n	ri'preʃn	sự dẹp, sự đàn áp
repressive	a	ri'presiv	đàn áp, áp chế
reprieve	n	ri'pri:v	sự hoãn thi hành một bản án tử hình
reprimand	n	'reprimɑ:nd	lời khiển trách, lời quở trách
reprisal	n	ri'praizəl	sự trả thù, sự trả đũa
reproach	n	ri'proutʃ	sự trách mắng, sự quở trách
reproduce	v	,ri:prə'dju:s	tái sản xuất
reproduction	n	,ri:prə'dʌkʃn	sự tái sản xuất
reproductive	a	,ri:prə'dʌktiv	tái sản xuất
reprogram	v		lập trình lại
reprogramming	n		r. lapạ lại chương trình
reps	n	rep/ (reps) /reps	vải sọc rep)
reptile	n	'reptail	loài bò sát
reptilian	a	rep'tiliən	loài bò sát, giống bò sát
republic	n	ri'pʌblik	nước cộng hoà, nền cộng hoà
republican	a	ri'pʌblikən	cộng hoà
repugnant	a	ri'pʌgnənt	gớm, ghét
repulse	n	ri'pʌls	sự đẩy lùi
repulsion	n	'ri'pʌlʃn	sự ghét, sự ghê tởm
repulsive	a	ri'pʌlsiv	ghê tởm, gớm guốc
reputable	a	'repjutəbl	có tiếng tốt, danh giá
reputation	n	,repju:'teiʃn	tiếng
repute	n	ri'pju:t	tiếng, tiếng tăm
reputed	a	ri'pju:tid	có tiếng tốt, nổi tiếng
request	n	ri'kwest	lời thỉnh cầu, lời yêu cầu
requiem	n	'rekwiem	lễ cầu siêu, lễ cầu hồn
require	v	ri'kwaiə	đòi hỏi, yêu cầu
required	n		đòi hỏi, cần tìm
requirement	n	ri'kwaiəmənt	nhu cầu, sự đòi hỏi
requisite	a	'rekwizit	cần thiết
requisition	n	,rekwi'ziʃn	sự yêu cầu
reread	v		đọc lại
rerun	v		chạy đua lại
res	n		số nhiều
resale	n	'ri:'seil	sự bán lại
rescind	v	ri'sind	huỷ bỏ, thủ tiêu
rescue	n	'reskju:	sự giải thoát, sự cứu
rescuer	n	'reskjuə	người cứu, người cứu thoát
research	n	ri'sə:tʃ	sự nghiên cứu
researcher	n	ri'sə:tʃə	nhà nghiên cứu
resection	n	ri:'sekʃn	sự cắt b
resell	v	'ri:'sel	bán lại
resemblance	n	ri'zembləns	sự giống nhau
resemble	v	ri'zembl	giống với
resent	v	ri'zent	phẫn uất, oán giận
resentful	a	ri'zentful	phẫn uất, oán giận
resentment	n	ri'zentmənt	sự phẫn uất, sự oán giận
reservation	n	,rezə'veiʃn	sự hạn chế, điều kiện hạn chế
reserve	n	ri'zə:v	sự dự trữ, vật dự trữ
reserved	a	ri'zə:vd	dành, dành riêng
reservoir	n	'rezəvwɑ:	bể chứa nước, đồ chưa
reset	v	'ri:'set	đặt lại, lắp lại
reshape	v		tạo lại hình dáng, làm lại hình dáng
reside	v	ri'zaid	ở tại, trú ngụ
residence	n	'rezidəns	sự ở, sự cư trú
residency	n	'reizidənsi	phủ thống sứ, toà công sứ
resident	a	'rezidənt	cư trú, ở chính thức
residential	a	,rezi'denʃəl	nhà ở, nhà riêng
residual	a	ri'zidjuəl	còn dư, còn lại
residue	n	'rezidju:	phần còn lại
resign	v	'ri:'sain	ký tên lại[ri'zain]
resignation	n	,rezig'neiʃn	sự từ chức, đơn xin từ chức
resigned	a	ri'zaind	cam chịu, nhẫn nhục
resilience	n	ri'ziliəns/ (resiliency) /ri'ziliənsi	tính bật nảy, tính co giân
resilient	a	ri'ziliənt	bật nảy, co giân
resin	n	'rezin	nhựa
resist	n	ri'zist	chất cản màu
resistance	n	ri'zistəns	sự chống cự, sự kháng cự
resistant	a	ri'zistənt	chống cự, kháng cự
resolute	a	'rezəlu:t	quyết, cương quyết
resolution	n	,rezə'lu:ʃn	nghị quyết
resolve	n	ri'zɔlv	quyết tâm, ý kiên quyết
resolved	a	ri'zɔlvd	quyết tâm, kiên quyết
resonance	n	'reznəns	tiếng âm vang, sự dội tiếng
resonant	a	'reznənt	âm vang, dội tiếng
resonate	v	'rezəneit	vang âm, dội tiếng
resort	n	'ri:'sɔ:t	cái dùng đến, phương kế
resound	v	ri'zaund	vang dội
resounding	a		vang rền, có âm thanh lớn
resource	n	ri'sɔ:s	phương sách, phương kế
resourceful	a	ri'sɔ:sful	có tài xoay xở, tháo vát
resourcefulness	n	ri'sɔ:sfulnis	tài xoay xở, tài tháo vát
respect	n	ris'pekt	sự tôn trọng, sự kính trọng
respectability	n	ris,pektə'biliti	sự đáng tôn trọng, tư cách đáng trọng
respectable	a	ris'pektəbl	đáng trọng, đáng kính
respectful	a		lễ phép, kính cẩn
respectfully	d		lễ phép, kính cẩn
respecting	n	ris'pektiɳ	nói về, về
respective	a	ris'pektiv	riêng từng người, riêng từng cái
respectively	d	ris'pektivli	riêng từng người, riêng từng cái
respects	n		lời chào lễ phép
respiration	n	,respə'reiʃn	sự thở, sự hô hấp
respirator	n	'respəreitə	máy hô hấp
respiratory	a	ris'paiərətəri	sự thở, hô hấp
respite	n	'respait	sự hoãn
resplendent	a	ris'pɔndənt	chói lọi, rực rỡ
respond	v	ris'pɔns	phản ứng lại
respondent	a	ris'pɔndənt	trả lời
response	n	ris'pɔns	sự trả lời
responsibility	n	ris,pɔnsə'biliti	trách nhiệm
responsible	a	ris'pɔnsəbl	chịu trách nhiệm
responsibly	d		một cách hợp lý, một cách đáng tin cậy
responsive	a	ris'pɔnsiv	đáp lại, trả lời
rest	n	rest	sự nghỉ ngơi, lúc nghỉ ngơi
restart	v	'ri:'stɑ:t	lại bắt đầu, lại khởi đầu
restaurant	n	'restərʤ:ɳ	quán ăn, tiệm ăn
restful	a	'restful	yên tĩnh, thuận tiện cho sự nghỉ ngơi
resting	a		nghỉ ngơi, có vẻ không sinh trưởng
restitution	n	,resti'tju:ʃn	sự hoàn lại, sự trả lại
restless	a	'restlis	không nghỉ, không ngừng
restlessness	n	'restlisnis	sự không nghỉ
restock	v		chứa đầy
restoration	n	,restə'reiʃn	sự hoàn lại, sự trả lại
restorative	a	ris'tɔrətiv	làm hồi phục sức khoẻ, bổ
restore	v	ris'tɔ:	hoàn lại, trả lại
restrain	v	ris'trein	ngăn trở, cản trở
restrained	a	ris'treind	bị kiềm chế, bị nén lại
restraint	n	ris'treint	sự ngăn giữ, sự kiềm chế
restrict	v	ris'trikt	hạn chế, giới hạn
restricted	a	ris'triktid	bị hạn chế, bị giới hạn
restriction	n	ris'trikʃn	sự hạn chế, sự giới hạn
restrictive	a	ris'triktiv	hạn chế, giới hạn
restructure	v		cơ cấu lại, tổ chức lại
restructuring	n		sự tổ chức lại, sự cơ cấu lại
result	n	ri'zʌlt	kết quả
resume	v	ri'zju:m	lấy lại, chiếm lại
resupply	v		cung cấp lại
resurface	v		làm lại bề mặt, đặt lại lớp mới
resurrect	v	ri'sə:dʤənt	làm sống lại, phục hồi lại
resurrection	n	,rezə'rekʃn	sự làm sống lại, sự phục hồi lại
resuscitate	v	ri'sʌsiteit	làm sống lại, làm tỉnh lại
resuscitation	n	ri,sʌsi'teiʃn	sự làm sống lại, sự làm tỉnh lại
retail	n	'ri:teil	sự bán lẻ
retailer	n	ri:'teilə	người bán lẻ
retain	v	ri'tein	giữ, cầm lại
retainer	n	ri'teinə	sự giữ lại làm của riêng, sự được giữ lạ
retaining	n		sự giữ lại, sự duy trì
retake	n	'ri:'teik	sự quay lại
retaliate	v	ri'tælieit	trả đũa, trả thù
retaliation	n	ri,tæli'eiʃn	sự trả đũa, sự trả thù
retard	n	ri'tɑ:d	sự chậm trễ, sự đến trễ
retarded	a		chậm phát triển thể chất, chậm phát triể
retention	n	ri'tenʃn	sự giữ lại, sự cầm lại
rethink	v		suy tính lại, cân nhắc lại
reticent	a	'retisənt	trầm lặng, ít nói
retina	n	'retinə	màng lưới, võng mạc
retinal	a	'retinl	màng lưới, võng mạc
retinue	n	'retinju:	đoàn tuỳ tùng
retire	v	ri'taiə	rời bỏ, đi ra
retired	a	ri'taiəd	ẩn dật, xa lánh mọi người
retirement	n	ri'taiəmənt	sự ẩn dật
retiring	a	ri'taiəriɳ	xa lánh mọi người, không thích xuất đầu
retort	n	ri'tɔ:t	sự trả miếng, sự trả đũa
retrace	v	'ri:'treis	vạch lại, kẻ lại
retract	v	ri'trækt	rụt vào, thụt vào
retraction	n	ri'trækʃn	sự co rút, sự rút lại
retractor	n	ri'træktə	cơ co rút
retreat	n	ri'tri:t	sự rút lui, sự rút quân
retrial	n	'ri:'traiəl	sự xử lại
retribution	n	,retri'bju:ʃn	sự trừng phạt, sự báo thù
retrieval	n	ri'tri:vəl	sự lấy lại, sự thu hồi
retrieve	v	ri'tri:v	lấy lại, tìm lại được
retriever	n	ri'tri:və	người thu nhặt
retrograde	a	'retrougreid	lùi lại, thụt lùi
retrospect	n	'retrouspekt	sự hồi tưởng quá khứ, sự nhìn lại dĩ vãn
retrospective	a	,retrou'spektiv	hồi tưởng quá khứ, nhìn lại dĩ vãng
return	n	ri'tə:n	sự trở lại, sự trở về
returning	n		sự điều hướng lại
reunification	n	'ri:,ju:nifi'keiʃn	sự thống nhất lại, sự hợp nhất lại
reunion	n	'ri:'ju:njən	sự sum họp, sự họp lại
reunite	v	'ri:ju:'nait	hợp nhất lại
reuse	v		dùng lại
rev	n	rev	của revolution, vòng quay
reveal	v	ri'vi:l	để lộ, tỏ ra
revealing	a		bộc lộ, biểu lộ
reveille	n	ri'væli	hiệu đánh thức
revel	n	'revl	cuộc liên hoan
revelation	n	,revi'leiʃn	sự để lộ, sự tiết lộ
revelry	n	'revliɳ/ (revelry) /'revlri	sự vui chơi
revenant	n		con ma hiện về
revenge	n	ri'vendʤ	sự trả thù, hành động trả thù
revenue	n	'revinju:	thu nhập
revere	v	ri'viə	tôn kính, sùng kính
reverence	n	'revərəns	sự tôn kính, lòng sùng kính
reverend	a	'revərənd	đáng tôn kính, đáng tôn kính
reverie	n	'revəri	sự mơ màng, sự mơ mộng
reversal	n	ri'və:səl	sự đảo ngược
reverse	a	ri'və:s	đảo, nghịch
reversed	a		đảo ngược, nghịch đảo
reversible	a	ri'və:səbl	phải trả lại
reversing	n		sự đảo chiều
revert	v	ri'və:t	trở lại
review	n	ri'vju:	sự xem lại, sự xét lại
reviewer	n	ri'vju:ə	nhà phê bình
revise	v	ri'vaiz	đọc lại, xem lại
revision	n	ri'viʤn	sự xem lại, sự xét lại
revisit	v	'ri:'vizit	đi thăm lại
revival	n	ri'vaivəl	sự phục hưng, sự phục hồi
revive	v	ri'vaiv	làm sống lại, làm tỉnh lại
revoke	v	ri'vouk	huỷ bỏ, thủ tiêu
revolt	n	ri'voult	cuộc nổi dậy, cuộc khởi nghĩa
revolting	a	ri'voultiɳ	gây phẫn nộ
revolution	n	,revə'lu:ʃn	vòng, tua
revolutionary	a	,revə'lu:ʃnəri	cách mạng
revolutionize	v	,revə'lu:ʃnaiz	làm cho nổi lên làm cách mạng
revolve	v	ri'vɔlv	suy đi xét lại, nghĩ đi nghĩ lại
revolver	n	ri'vɔlvə	súng lục ổ quay
revolving	a	ri'vɔlviɳ	quay vòng, xoay
revue	n	ri'vju:	kịch thời sự
revulsion	n	ri'vʌlʃn	sự thay đổi đột ngột
reward	n	ri'wɔ:d	sự thưởng, sự thưởng công
rewarding	a	ri'wɔ:diɳ	đáng đọc, đáng làm
rewind	v	'ri:'waind	cuốn lại
rewire	v		mắc lại dây điện của
rewrite	v	'ri:'rait	viết lại, chép lại
rewritten	v	'ri:'rait	viết lại, chép lại
rewrote	v	'ri:'rait	viết lại, chép lại
rex	n		nhà vua đang trị vì
reynard	n	'renəd, 'reinɑ:d	con cáo
rhapsody	n	'ræpsədi	bài vè lịch sử Hy lạp)
rhea	n	'riə	đà điểu Mỹ
rhetoric	n	'retərik	tu từ học
rhetorical	a	'retərikəl	giáo sư tu từ học
rheumatism	n	'ru:mətizm	bệnh thấp khớp
rhino	n	'rainou	tiền
rhinoceros	n	rai'nɔsərəs	con tê giác rhino)
rho	n		chữ cái thứ 17 của bảng chữ cái Hy lạp
rhubarb	n	'ru:bɑ:b	cây đại hoàng
rhyme	n	raim	văn
rhymed	a		có vần
rhythm	n	'riðm	nhịp điệu
rhythmic	a	'riðmik/ (rhythmical) /'riðmikəl	có nhịp điệu
rhythmically	d		có nhịp điệu, nhịp nhàng
ri	n		của tiếng Latin Regina et Imperatrix, Re
ria	n		đảo hẹp chạy dài dọc bờ biển
rib	n	rib	xương sườn
ribbon	n	'ribən	dải, băng
rice	n	rais	lúa, gạo
rich	a	ritʃ	giàu, giàu có
riches	n	'ritʃiz	sự giàu có, sự phong phú
richly	d	'ritʃli	giàu có, phong phú
richness	n	'ritʃnis	sự giàu có, sự phong phú
ricin	n	'risin	chất rixin
rick	n	rik	đống, đụn
rickets	n	'rikits	bệnh còi xương
rickety	a	'rikiti	mắc bệnh còi xương
rickshaw	n	'rikʃɔ:	xe kéo, xe tay
ricochet	n	'rikəʃet	sự ném thia lia, sự bắn thia lia
ricotta	n		phomat ricota trắng, mềm
rid	v	rid	giải thoát
riddance	n	'ridəns	sự giải thoát, sự tống khứ
ridden	n	raid	sự đi chơi, cuộc đi chơi
riddle	n	'ridl	điều bí ẩn, điều khó hiểu
ride	n	raid	sự đi chơi, cuộc đi chơi
rider	n	'raidə	người cưỡi ngựa, người cưỡi ngựa giỏi
ridge	n	ridʤ	chóp, chỏm
ridgeway	n		đường đi ngoằn ngoèo dọc đỉnh đồi, núi
ridicule	n	'ridikju:l	sự nhạo báng, sự chế nhạo
ridiculous	a	ri'dikjuləs	buồn cười, tức cười
ridiculously	d		buồn cười, lố bịch
riding	n	'raidiɳ	môn cưỡi ngựa
riesling	n		một loại nho xanh ở Đức
rife	a	raif	lan tràn, lưu hành
riff	n		đoạn ngắn những nốt nhạc được lặp lại tr
rifle	n	'raifl	đường rânh xoắn
rifling	n	'raifliɳ	sự xẻ rãnh nòng súng
rift	n	'raifliɳ	đường nứt rạn, kẽ hở
rig	n	rig	cách sắp đặt, các thiết bị
rigging	n		sự lắp ráp/lắp đặt thiết bị/chằng buộc
right	n	rait	điều tốt, điều phải
righteous	a	'raitʃəs	ngay thẳng, đạo đức
righteousness	n	'raitʃəsnis	tính ngay thẳng đạo đức, sự công bằng
rightful	a	'raitful	ngay thẳng, công bằng
rightly	d	'raitli	phải, đúng
righto	n		interj
rigid	a	'ridʤid	cứng
rigidity	n	ri'dʤiditi	sự cứng rắn, sự cứng nhắc
rigor	n	'raigɔ:	sự run rét, sự rùng mình
rigorous	a	'rigərəs	nghiêm khắc, khắt khe
rile	v	rail	chọc tức, trêu chọc
rim	n	rim	vành
rimmer	n		thép sôi
rind	n	raind	vỏ cây, vỏ quả
ring	n	riɳ	cái nhẫn
ringed	a	riɳd	có vòng, có đeo nhẫn
ringer	n	'riɳə	người kéo chuông bell-ringer)
ringing	a		trong trẻo, vang vọng
ringleader	n	'riɳ,li:də	đầu sỏ
ringmaster	n		người chỉ đạo biểu diễn
ringside	n		chổ xung quanh nơi đấu quyền anh, đấu vậ
rink	n	riɳk	sân băng, sân trượt băng
rinse	v	rins	+ out) súc, rửa
riot	n	'raiət	sự náo động, sự náo loạn
rip	n	rip	con ngựa còm, con ngựa xấu
ripe	a	raip	chín
ripen	v	'raipən	chín, chín muồi
ripper	n		máy xới
ripping	a	'ripiɳ	tuyệt đẹp, rực rỡ
ripple	n	'ripl	sự gợn sóng lăn tăn
rise	n	raiz	sự lên, sự đưa lên
risen	n	raiz	sự lên, sự đưa lên
riser	n	'raizə	người dậy
rising	n	'raiziɳ	sự dậy, sự trở dậy
risk	n	risk	sự liều, sự mạo hiểm
risky	a	'risku	liều, mạo hiểm
risotto	n		cơm Italia
rite	n	rait	lễ, lễ nghi, nghi thức
ritual	a	'ritjuəl	lể nghi, có vẻ lễ nghi
ritualistic	a		quan liêu nghi thức
ritzy	a		lộng lẫy, sang trọng
rival	n	'raivəl	đối thủ, địch thủ
rivalry	n	'raivəlri/ (rivalship) /'raivəlʃip	sự cạnh tranh, sự kình địch
river	n	'rivə	dòng sông
riverside	n	'rivəsaid	bờ sông
rivet	n	'rivit	đinh tán
riveting	a		thu hút sự chú ý, làm mê hoặc
riviera	n		vùng riviera
rm	n		thủy quân lục chiến Hoàng gia
rn	n		y tá đã đăng ký
rna	n		axit ribonucleic
roach	n	routʃ	cá rutilut
road	n	roud	con đường
roadie	n		người chịu trách nhiệm về thiết bị của c
roadside	n	'roudsaid	bờ đường, lề đường
roadster	n	'roudstə	tàu thả neo ở vũng tàu
roadway	n	'roudwei	lòng đường, lòng cầu
roam	n	roum	cuộc đi chơi rong
roan	a	roun	lang
roar	n	rɔ:	tiếng gầm, tiếng rống
roaring	n	'rɔ:riɳ	tiếng gầm
roast	n	roust	thịt quay, thịt nướng
roasting	a		rất nóng
rob	v	rɔb	cướp, cướp đoạt
robber	n	'rɔbə	kẻ cướp, kẻ trộm
robbery	n	'rɔbəri	sự ăn cướp, vụ ăn cướp
robe	n	roub	áo choàng
robert	n	'rɔbət	cảnh sát, công an
robin	n	'rɔbin	chim cổ đỏ robin redbreast)
robot	n	'roubɔt	người máy
robotic	a		như người máy, cứng nhắc
robotics	n		người máy học, khoa nghiên cứu việc sử d
robust	a	rə'bʌst	khoẻ mạnh, tráng kiện
roc	n	rɔk	chim khổng lồ
rock	n	rɔk	đá
rocker	n	'rɔkə	người đưa võng
rocket	n	'rɔkit	cải lông
rockies	n	'rɔkiz	miền núi
rocky	a	'rɔki	như đá, vững như đá
rod	n	rɔd	cái que, cái gậy
rode	v	roud	bay buổi chiều về phía đất liền
rodent	a	'roudənt	bộ gặm nhấm
rodeo	n	rou'deiou	cuộc tập trung vật nuôi để đóng dấu, nơi
rodman	n	'rɔdmən	người câu cá
roe	n	rou	bọc trứng cá hard roe)
roebuck	n	'roubʌk	con hoẵng đực
roger	n		interj
rogue	n	roug	thằng đểu, thằng xỏ lá ba que
role	n	roul/ (rôle) /roul	vai, vai trò
roll	n	'roulkɔ:l	cuốn, cuộn
roller	n	'roulə	trục lăn, con lăn
rolling	n	'rɔlikiɳ	sự lăn, sự cán
rom	n		bộ nhớ chỉ đọc
roman	a	'roumən	La mã
romance	n	rə'mæns	những ngôn ngữ rôman
romano	n		phomat Italia cứng
romantic	a	rə'mæntik	tiểu thuyết, như tiểu thuyết
romanticism	n	rə'mæntisizm	sự lãng mạn
rome	n	roum	thành La mã
romp	n	rɔmp	đưa trẻ thích nô đùa ầm ĩ, người đàn bà
rondo	n	'rɔndou	Rôngđô
roo	n		con canguru
roof	n	ru:f	mái nhà, nóc
roofing	n	'ru:fiɳ	vật liệu lợp mái
rook	n	ruk	quân cờ tháp
rooker	n		người lừa bịp
rookie	n	'ruki/ (rooky) /'ruki	lính mới, tân binh
room	n	rum	buồng, phòng
roomful	n	'rumful	phòng
roommate	n		bạn chung phòng
roomy	a	'rumi	rộng rãi
roost	n	ru:st	chỗ đậu, chuồng gà
rooster	n	'ru:stə	gà trống
root	n	ru:t	rễ
rooted	a	'ru:tid	đã bén rễ, đã ăn sâu
rooting	n		sự khai căn
Roots	n		Các nghiệm, căn số.
rope	n	roup	dây thừng, dây chão
roper	n	'roupə	thợ bện dây thừng
rosary	n	'rouzəri	bài kinh rôze, sách kinh rôze
rose	n	rouz	hoa hồng, cây hoa hồng
rosebud	n	'rouzbʌd	nụ hoa hồng
rosemary	n	'rouzməri	cây hương thảo
rosette	n	rou'zet	nơ hoa hồng
rosewood	n	'rouzwud	gỗ hồng mộc
roster	n	'roustə	bảng phân công
rosy	a	'rouzi	hồng, hồng hào
rot	n	rɔt	sự mục nát, sự thối rữa
rota	n	'routə	bảng phân công
rotary	a	'routəri/ (rotatory) /'routətəri	quay
rotate	v	rou'teit	quay, xoay quanh
rotation	n	rou'teiʃn	sự quay, sự xoay vòng
rotator	n	rou'teitə	cơ xoay
rote	n	rout	sự học vẹt, sự nhớ vẹt
rotisserie	n		thiết bị để quay thịt trên một cái xiên
rotor	n	'routə	Rôto, khối quay
rotten	a	'rɔtn	mục, mục nát
rotter	n	'rɔtə	người vô dụng, người bất tài
rottweiler	n		một loại chó rất dữ
rouge	n	ru:ʤ	phấn hồng, sáp môi
rough	a	rʌf	ráp, nhám
roughing	n		sự gia công
roughly	d	'rʌfli	ráp, xù xì
roughness	n	'rʌfnis	sự ráp, sự xù xì
roulette	n	ru:'let	Rulet
round	a	raund	tròn
roundabout	a	'raundəbaut	theo đường vòng
rounded	a		bị làm thành tròn
roundhouse	n		nhà tạm gian
rounding	n		sự lượn tròn
rouse	n	rauz	hiệu kèn đánh thức
rousing	n	'rauziɳ	sự đánh thức, sự làm thức tỉnh
rout	n	raut	đám đông người ồn ào hỗn độn
route	n	ru:t	tuyến đường, đường đi
router	n		cầu dẫn
routine	n	ru:'ti:n	lề thói hằng ngày, công việc thường làm
routinely	d		thông thường, thường lệ
roux	n		mỡ nước và bột mì trộn với nhau dùng làm
rove	n	rouv	Rôngđen, vòng đệm
rover	n	'rouvə	người hay đi lang thang
roving	n	'rouviɳ	sự lang thang
row	n	rou	hàng, dây
rowan	n	'rauən	cây thanh lương trà rowan tree)
rowdy	a	'raudi	hay làm om sòm
rowing	n	'rauiɳ	sự chèo thuyền
royal	a	'rɔiəl	vua
royally	d	'rɔiəli	như vua chúa, trọng thể
Royalties	n		Tiền hoa hồng .
royalty	n	'rɔiəlti	địa vị nhà vua, quyền hành nhà vua
rpm	n		số vòng quay trong một phút
rsvp	n		vt của tiếng Pháp
ru	n		Hội bóng bầu dục
rub	n	rʌb	sự cọ xát, sự chà xát
rubber	n	'rʌbə	cao su india-rubber)
rubbery	a		có tính chất của cao su, bằng cao su
rubbing	n		sự cọ xát, sự chà xát
rubbish	n	'rʌbiʃ	vật bỏ đi, rác rưởi
rubble	n	'rʌbl	gạch vụn bỏ đi, đá vụn bỏ đi
rube	n	ru:b	, người quê mùa thô kệch
rubicon	n	'ru:bikən	giới hạn khi đã vượt qua thì coi như là
ruble	n	'ru:bl/ (ruble) /'ru:bl	đồng rúp
ruby	n	'ru:bi	Rubi, ngọc đỏ
rucksack	n	'ruksæk	cái ba lô
ruckus	n		sự náo động ầm ự, sự om sòm
rudd	n	rʌd	cá chày Âu
rudder	n	'rʌdə	bánh lái
ruddy	a	'rʌdi	đỏ ửng, hồng hào
rude	a	ru:d	khiếm nhã, bất lịch sự
rudely	d		vô lễ, bất lịch sự
rudeness	n	'ru:dnis	sự khiếm nhã, sự bất lịch sự
rudimentary	a	,ru:di'məntl/ (rudimentary) /,ru:di'mentəri	sơ bộ, sơ đẳng
rue	n	ru:	cây cửu lý hương
ruff	n	rʌf	cổ áo xếp nếp 16)
ruffian	n	'rʌfjən	đứa côn đồ, tên vô lại
ruffle	n	'rʌfl	diềm xếp nếp, diềm đăng ten tổ ong
rug	n	rug	thảm
rugby	n	'rʌgbi/ (rugger) /'rʌgə	môn bóng bầu dục rugby fooball)
rugged	a	'rʌgid	gồ ghề, lởm chởm
ruin	n	ruin	sự đổ nát, sự suy đồi
ruination	n	rui'neiʃn	sự tan nát, sự sụp đổ
rule	n	ru:l	phép tắc, quy tắc
ruled	n		kẻ
ruler	n	'ru:lə	người thống trị, người chuyên quyền
ruling	n	'ru:liɳ	sự cai trị, sự trị vì
rum	n	rʌm	rượu rum
rumba	n	'rʌmbə	điệu nhảy rumba
rumble	n	'rʌmbl	tiếng ầm ầm
rumbling	n		sự quay mài
rummage	n	'rʌmidʤ	sự lục lọi, sự lục soát
rummy	n	'rʌmi	rum
rumor	n	'ru:mə	rumour
rumored	a		theo lời đồn, đồn đại
rumour	n	'ru:mə	tiếng đồn, tin đồn
rumoured	n	'ru:məd	theo lời đồn
rump	n	rʌmp	mông đít
rumple	v	'rʌmpl	làm nhàu, làm nhăn
rumpus	n	'rʌmpəs	sự om sòm, sự huyên náo
run	n	rʌn	sự chạy
runabout	n	'rʌnəbaut	đứa bé lang thang, đứa bé lêu lổng
runaround	n		sự trì hoãn
runaway	n	'rʌnəwei	người trốn tránh, người chạy trốn
rune	n	ru:n	chữ run 2)
rung	n	rʌɳ	thanh thang
runner	n	'rʌnə	người tuỳ phái
running	n	'rʌniɳ	cuộc chạy đua
runny	a	'rʌni	muốn chảy ra
runt	n	rʌnt	nòi bò nhỏ, nòi vật nhỏ
runway	n	'rʌnwei	lối dẫn vật nuôi đi uống nước
rupee	n	ru:'pi:	đồng rupi
rupture	n	'rʌptʃə	sự đoạn tuyệt, sự tuyệt giao
rural	a	'ruərəl	nông thôn, thôn dã
ruse	n	ru:z	mưu mẹo
rush	n	rʌʃ	cây bấc
rusk	n	rʌks	bánh bít cốt
russ	n		người Nga
russian	a	'rʌʃn	Nga
rust	n	rʌst	gỉ
rustic	a	'rʌstik	mộc mạc, quê mùa
rustle	n	'rʌsl	tiếng kêu xào xạc, tiếng sột soạt
rustling	n	'rʌsliɳ	sự xào xạc, sự sột soạt
rusty	a	'rʌsti	gỉ, han
rut	n	rʌt	sự động đực
rutabaga	n		củ cải Thuỵ điển
ruth	n	ru:θ	lòng thương, lòng trắc ẩn
ruthless	a	'ru:θlis	tàn nhẫn, nhẫn tâm
ruthlessly	d		tàn nhẫn, nhẫn tâm
ruthlessness	n	'ru:θlisnis	tính tàn nhẫn, tính nhẫn tâm
rv	n		bản kinh thánh đã được hiệu ứng
rye	n	rai	lúa mạch đen
s	n	es	S
sa	n		Đội quân Cứu tế
sabbath	n	'sæbəθ	ngày xaba sabbath day)
sabbatical	a		ngày Xaba, giống ngày xaba
saber	n	'seibə/ (saber) /'seibə	kiếm lưỡi cong
sable	n	'seibl	chồn zibelin
sabotage	n	'sæbətɑ:ʤ	sự phá ngầm, sự phá hoại
saboteur	n	,sæbə'tə:	người phá ngầm, người phá hoại
sabre	n	'seibə/ (saber) /'seibə	kiếm lưỡi cong
sac	n	sæk	túi, bao
sack	n	sæk	bao tải
sacking	n	'sækiɳ	vải làm bao tải
sacrament	n	'sækrəmənt	lễ phước, lễ ban phước
sacred	a	'seikrid	thánh, thần thánh
sacrifice	n	'sækrifais	sự giết để cúng thần
sacrificial	a	,sækri'fiʃəl	sự cúng thần, dùng để cúng tế
sacrilege	n	'sækrilidʤ	tội phạm thần, tội phạm thánh
sacrilegious	a	,sækri'lidʤəs	phạm thần, phạm thánh
sacristy	n	'sækristi	nơi để đồ thờ thánh
sacrosanct	a	'sækrousæɳkt	không được xâm phạm vì lý do tôn giáo
sad	a	sæd	buồn rầu, buồn bã
saddle	n	'sædl	yên ngựa, yên xe
sadhu	n	'sɑ:du:	thánh nhân
sadism	n	'sædizm	tính ác dâm
sadist	n	'sædist	người ác dâm
sadistic	a	sæ'distik	ác dâm
sadly	d	'sædli	buồn bã, buồn rầu
sadness	n	'sædnis	sự buồn bã, sự buồn rầu
sae	n		phong bì đã đề địa chỉ và dán tem
safari	n	sə'fɑ:ri	cuộc đi săn
safe	n	seif	chạn
safeguard	n	'seifgɑ:d	cái để bảo vệ, cái để che chở
safely	d		an toàn, chắc chắn
safety	n	'seifti	sự an toàn, sự chắc chắn
saffron	n	'sæfrən	cây nghệ tây
sag	n	sæg	sự lún xuống, sự võng xuống
saga	n	'sɑ:gə	Xaga
sage	n	seidʤ	cây xô thơm
sagging	n		sự lún, sự sụt xuống
sagittarius	n	,sædʤi'teəriəs	chòm sao Cung
sahara	n	sə'hɑ:rə	sa mạc Xa-ha-ra
sahib	n		ngài
said	n	sei	vải chéo
sail	n	seil	buồm
sailboat	n	'seilbout	thuyền buồm
sailing	n		sự đi thuyền
sailor	n	'seilə	lính thuỷ, thuỷ thủ
saint	a	seint	St.) thiêng liêng, thánh
sainted	a	'seintid	đáng được coi như thánh
sainthood	n		cương vị của thánh
saintly	a		thánh, thánh thiện
saith	v		ngôi thứ ba số ít, thời hiện tại của say
sake	n	seik	mục đích, lợi ích
saki	n		bài học thuộc lòng
sal	n		muối
salaam	n	sə'lɑ:m	sự chào theo kiểu Xalam
salacious	a	sə'leiʃəs	tục tĩu, dâm ô
salad	n	'sæləd	rau xà lách
salamander	n	'sælə,mændə	con rồng lửa
salami	n	sə'lɑ:mi	xúc xích Y
salary	n	'sæləri	tiền lương
sale	n	seil	sự bán
salesgirl	n	'seizgə:l	cô bán hàng
salesman	n	'seilzmən	người bán hàng
salesperson	n	'seilz,pə:sn	người bán hàng
saleswoman	n	'seilz,wumən	chị bán hàng
salient	a	'seiljənt	hay nhảy
saline	a	'seilain	có muối, có tính chất như muối
saliva	n	sə'laivə	nước bọt, nước dãi
salle	n		phòng
sally	n	'sæli	cái lúc lắc đầu tiên
salmon	n	'sæmən	cá hồi
salmonella	n		khuẩn salmonela
salon	n	'sælʤ:ɳ	phòng tiếp khách
saloon	n	sə'lu:n	phòng khách lớn, hội trường
salt	n	sɔ:lt	muối
salted	a	'sɔ:ltid	có muối, có ướp muối
salter	n	'sɔ:ltid	người làm muối, công nhân muối
saltwater	n		như salt-water
salty	a	'sɔ:lti	muối, có muối
salutation	n	,sælju:'teiʃən	sự chào
salute	n	sə'lu:t	sự chào, cách chào
salvage	n	'sælvidʤ	tiền trả cứu tàu
salvaged	a		được cứu vớt, được thu nhặt lại
salvation	n	sæl'veiʃn	sự bảo vệ
salve	n	sɑ:v	thuốc mỡ, thuốc xoa
salvo	n	'sælvou	điều khoản bảo lưu, sự bảo lưu
sam	n	sæm	to stand sam chịu trả tiền
samara	n	sə'mɑ:rə	quả cánh
samaritan	n	sə'mæritn	người Xa-ma-ri-a
samba	n	'sæmbə	điệu nhảy xamba
sambar	n		con nai
same	a	seim	đều đều, đơn điệu
sammy	n	'sæmi	lính mỹ
samoan	a	sə'mouən	Xa-mô-a
samovar	n	,sæmou'vɑ:	ấm xamôva, ấm đun trà
sample	n	'sɑ:mpl	mẫu, mẫu hàng
sampler	n	'sɑ:mplə	vải thêu mẫu
sampling	n		sự lấy mẫu
sampson	n	'sæmsn/ (Sampson) /'sæmpsn	Xam-xon, người có sức khoẻ phi thường
samson	n	'sæmsn/ (Sampson) /'sæmpsn	Xam-xon, người có sức khoẻ phi thường
samurai	n	,sænə'tɔ:riə	Xamurai
sanatorium	n	,sænə'tɔ:riəm	viện điều dưỡng
sanctified	a	'sæɳktifaid	đã được thánh hoá, đã được đưa vào đạo t
sanctify	v	'sæɳktifai	thánh hoá, đưa vào đạo thánh
sanctimonious	a	,sæɳkti'mounjəs	phô trương sự mộ đạo, phô trương lòng ti
sanction	n	'sæɳkʃn	sự phê chuẩn, sự thừa nhận
sanctity	n	'sæɳktiti	tính thiêng liêng, tính thánh
sanctuary	n	'sæɳktjuəri	nơi tôn nghiêm
sanctum	n	'sæɳktəm	chốn linh thiêng, chính điện
sand	n	sænd	cát
sandal	n	'sændl	dép
sandbag	v	'sændbæg	xếp túi cát làm công sự
sander	n	'sændə	người rải cát, người đổ cát
sanders	n	'sændl	dép
sanding	n		sự rải cát, sự phủ cát
sandman	n	'sændmæn	cơn buồn ngủ
sandpaper	n	'sænd,peipə	giấy ráp, giấy nhám
sandstone	n	'sændstoun	đá cát kết, sa thạch
sandstorm	n		bão cát
sandwich	n	'sænwidʤ	bánh xăngđuych
sandy	n	'sændi	người Ê-cốt
sane	a	sein	lành mạnh, sảng khoái
sang	v	siɳ	hát, ca hát
sangria	n		nước uống
sanitarium	n	,sæni'teəriəm	sanatorium
sanitary	a	'sænitəri	vệ sinh
sanitation	n	,sæni'teiʃn	sự cải thiện điều kiện vệ sinh
sanity	n	'sæniti	sự lành mạnh
sank	n	siɳk	thùng rửa bát, chậu rửa bát
sans	p	sænz	không, không có
sanskrit	n	'sænskrit/ (Sanscrit) /'sænskrit	tiếng Phạn
sap	n	sæp	nhựa cây
sapling	n	'sæpliɳ	cây nhỏ
sapphire	n	'sæfaiə	ngọc xafia
sappy	a	'sæpi	đầy nhựa
saracen	n	'særəsn	dân du mục xa-ra-xen
sarah	n		rađa cấp cứu
saran	n		nhựa saran, chất dẻo saran
saratoga	n	,særə'tougə	rương, hòm quần áo saratoga trunk)
sarcasm	n	'sɑ:kæzm	lời chế nhạo, lời mỉa mai
sarcastic	a	sɑ:'kæstik	chế nhạo, mỉa mai
sarcastically	d		chế nhạo, mỉa mai
sarcophagus	n	sɑ:'kɔfəgəs	quách
sardine	n	sɑ:'din	cá xacđin
saree	n		xari
sarge	n		trung sĩ
sari	n	'sɑ:ri:	xari
sark	n	sɑ:k	áo sơ mi
sarsaparilla	n	,sɑ:səpə'rilə	cây thổ phục linh
sas	n		Lực lượng không quân đặc nhiệm
sash	n	sæʃ	khăn quàng vai, khăn thắt lưng scarf)
sashay	v		đi khệnh khạng
sasquatch	n		yêu quái khổng lồ có hình dạng giống ngư
sass	n	sæs	, lời nói hỗn xược
sassy	a	'sæsi	hỗn xược, xấc xược
sat	v	sit	ngồi
satan	n	'seitən	quỷ Xa tăng, ma vương
satanic	a	sə'tænik	Xa tăng, ma vương
satanist	n		người thờ cúng quỷ Xa-tăng
satchel	n	'sætʃəl	túi, cặp da
sated	a		thoả mãn, chán chê
satellite	n	'sætəlait	vệ tinh, vệ tinh nhân tạo
satin	n	'sætin	xa tanh
satire	n	'sætaiə	lời châm biếm, lời chế nhạo
satirical	a	sə'tirik/ (satirical) /sə'tirikəl	châm biếm, trào phúng
satisfaction	n	,sætis'fækʃn	sự làm cho thoả mãn, sự vừa lòng
satisfactory	a	,sætis'fæktəri	làm thoả mãn, làm vừa ý
satisfied	a		cảm thấy hài lòng, cảm thấy vừa ý
satisfy	v	'sætisfai	làm thoả mãn, làm vừa lòng
satisfying	a	'sætisfaiiɳ	làm thoả mãn, làm vừa ý
satsuma	n	'sætsumə	đồ gốm xatxuma
saturated	a	'sætʃəreitid	no, bão hoà
saturation	n	,sætʃə'reiʃn	sự no, sự bão hoà
saturday	n	'sætədi	ngày thứ bảy
saturn	n	'sætən	thần Xa-tuya, thần Nông
satyr	n	'sætə	thần dê
sauce	n	sɔ:s	nước xốt
saucepan	n	'sɔ:spən	cái xoong
saucer	n	'sɔ:sə	đĩa, đĩa hứng nước
saucy	a	'sɔ:si	hỗn xược, láo xược
sauerkraut	n	'sauəkraut	món dưa cải bắp
sauna	n	'saunə	sự tắm hơi
sausage	n	'sɔsidʤ	xúc xích, dồi
savage	a	'sævidʤ	hoang vu, hoang dại
savagely	d	'sævidʤli	dã man, man rợ
savagery	n	'sævidʤnis/ (savagery) /'sævidʤəri	tình trạng dã man, tình trạng man rợ
savanna	n	sə'vænə/ (savannah) /sə'vænə	Xavan
savannah	n	sə'vænə/ (savannah) /sə'vænə	Xavan
savant	n	'sævənt	nhà bác học
save	n	seiv	sự phá bóng cứu nguy
saver	n	'seivə	cái để tiết kiệm, mẹo để tiết kiệm
savin	n	'sævin/ (savine) /'sævin	cây cối lá sẫm
saving	n	'seiviɳ	sự tiết kiệm
Savings	n		Tiết kiệm.
savior	n	'seivjə	saviour
saviour	n	'seivjə	vị cứu tinh
savor	n	'seivə	savour
savory	n	'seivəri	rau húng, rau thơm
savour	n	'seivə	vị, mùi vị; hương vị
savoury	a	'seivəri	thơm ngon, có hương vị
savoy	n	sə'vɔi	cải Xa-voa
savvy	n	'sævi	sự hiểu biết, sự khôn khéo
saw	n	sɔ:	tục ngữ, cách ngôn
sawdust	n	'sɔ:dʌst	mùn cưa
sawmill	n	'sɔ:mil	nhà máy cưa
sawyer	n	'sɔ:jə	thợ cưa
sax	n	sæks	búa
saxon	a	'sæksn	Xắc-xông
saxony	n	'sæksni	len xacxoni
saxophone	n	'sæksəfoun	Xacxô
say	n	sei	vải chéo
saying	n	'seiiɳ	tục ngữ, châm ngôn
sc	n		cảnh
scab	n	skæb	vảy
scabbard	n	'skæbəd	bao vỏ
scabby	a	'skæbi	có đóng vảy
scabies	n	'skeibii:z	bệnh ghẻ
scaffold	n	'skæfəld	giàn scaffolding)
scaffolding	n	'skæfəldiɳ	giàn
scala	n		ống thang, rãnh thang
scalding	a		nóng đủ để làm bỏng
scale	n	skeil	vảy
scaled	a		có vảy, kết vảy
scaling	n		sự xác định tỷ xích
scallop	n	'skɔləp/ (scollop) /'skɔləp/ (escallop) /is'kɔləp	con điệp
scalp	n	skælp	da đầu
scalpel	n	'skælpəl	dao mổ
scalping	n		sự sàng thô
scaly	a	'skeili	có vảy, xếp như vảy cá
scam	n		mưu đồ bất lương
scamp	n	'skæmp	kẻ đểu cáng, kẻ xỏ lá
scamper	n	'skæmpə	sự chạy vụt, sự phi ngựa đi chơi
scampi	n		tôm càng
scan	v	skæn	đọc thử xem có đúng âm luật và nhịp điệu
scandal	n	'skændl	việc xúc phạm đến công chúng, việc làm c
scandalous	a	'skændələs	xúc phạm đến công chúng, gây phẫn nộ tro
scandinavian	a	'skændi'neivjən	Xcăng-đi-na-vi
scanner	n	'skænə	bộ phân hình
scanning	n	'skæniɳ	bộ phân hình
scant	a	skænt	ít, hiếm, không đủ
scapegoat	n	'skeipgout	người giơ đầu chịu báng, cái bung xung
scapula	n	'skæpjulə	xương vai
scar	n	skɑ:	scaur
scarab	n	'skærəb	con bọ hung
scarce	a	skeəs	khan hiếm, ít có
scarcely	d	'skeəsli	vừa vặn, vừa mới
scarcity	n	'skeəsiti	sự khan hiếm, sự thiếu thốn
scare	n	skeə	sự sợ hãi, sự kinh hoàng
scarecrow	n	'skeəkrou	bù nhìn
scared	a		bị hoảng sợ
scarf	n	skɑ:f	khăn quàng cổ, khăn choàng cổ
scarlet	a	'skɑ:lit	đỏ tươi
scarred	a		thành sẹo
scarves	n	skɑ:f	khăn quàng cổ, khăn choàng cổ
scary	a	'skeəri	làm sợ hãi, làm kinh hãi
scat	i	skæt	đi đi!, cút đi
scathing	a	'skeðiɳ	gay gắt, cay độc
scatter	n	'skætə	sự tung rắc, sự rải ra
scattered	a	'skætəd	rải rác, thưa thớt
scattering	n		số lượng những thứ được tung rắc
scavenge	v	'skævindʤ	quét, quét dọn
scavenger	n	'skævindʤə	công nhân quét đường
scenario	n	si'nɑ:riou	truyện phim, cốt kịch
scene	n	si:n	nơi xảy ra
scenery	n	'si:nəri	đồ dùng trang trí, cảnh phông
scenic	a	'si:nik/ (scenical) /'si:nikəl	sân khấu, kịch trường
scent	n	sent	mùi, mùi thơm
scented	a	'sentid	ướp nước hoa, xức nước hoa
scepter	n	'septə/ (scepter) /'septə	gậy quyền, quyền trượng
sceptical	a	'skeptikəl/ (skeptical) /'skeptikəl	hoài nghi, đa nghi
sceptre	n	'septə/ (scepter) /'septə	gậy quyền, quyền trượng
schedule	n	'ʃedju:	bản danh mục, bảng liệt kê
scheduled	a		được ghi trong danh mục, được ghi trong
scheduling	n		sự lập danh mục, sự lập danh mục
schematic	a	ski'mætik	lược đồ, giản đồ
scheme	n	ski:m	sự sắp xếp theo hệ thống, sự phối hợp
schemer	n	'ski:mə	người vạch kế hoạch
scheming	a	'ski:miɳ	có kế hoạch, có mưu đồ
schiller	n		ánh sáng màu thanh đồng
schilling	n	'sʃiliɳ	đồng Silinh
schizo	n		người bị bệnh tâm thần phân liệt
schizophrenia	n		bệnh tâm thần phân liệt
schizophrenic	a		bệnh tâm thần phân liệt, bị bệnh tâm thầ
schmuck	n		người khờ dại, kẻ đáng khinh
schnapps	n	ʃnæps/ (schnapps) /ʃnæps	rượu sơnap
schnitzel	n		món cốt-lết bê rán với bơ trên có phủ bá
scholar	n	'skɔlə	người có học thức, nhà thông thái
scholarly	a	'skɔləli	học rộng, uyên thâm
scholarship	n	'skɔləʃip	sự học rộng, sự uyên thâm
scholastic	a	skə'læstik	nhà trường, giáo dục
school	n	sku:l	đàn cá, bầy cá
schoolboy	n	'sku:ldei	học sinh trai, nam sinh
schoolgirl	n	'sku:lgə:l	học sinh gái, nữ sinh
schoolhouse	n	'sku:lhaus	trường sở
schooling	n	'sku:liɳ	sự dạy dỗ ở nhà trường, sự giáo dục ở nh
schoolmaster	n	'sku:l,mɑ:stə	thầy giáo, giáo viên
schoolmate	n	'sku:lmeit	bạn học
schools	a		dành cho nhà trường
schooner	n	'sku:nə	thuyền hai buồm
sciatica	n	sai'ætikə	đau thần kinh hông
science	n	'saiəns	khoa học
scientific	a	,saiən'tifik	khoa học, có hệ thống
scientifically	d		khoa học, có tính khoa học
scientist	n	'saiəntist	nhà khoa học, người giỏi về khoa học tự
scientology	n		khoa học học
scimitar	n	'simitə/ (scimiter) /'simitə	thanh mã tấu, thanh đại đao
scintillating	a	'sintileitiɳ	nhấp nháy, lấp lánh
scion	n	'saiən	chồi, mầm
scissor	v	'sizə	cắt bằng kéo
scissors	n	'sizəz	pair of scissors) cái kéo
sclerosis	n	skliə'rousis/ (scleroma) /skliə'roumə	sự xơ cứng
scoff	n	skɔf	lời chế giễu, lời đùa cợt
scold	v	skould	rầy la, trách mắng
scolding	n		sự rầy la, sự trách mắng
scoliosis	n	,skɔli'ousis	chứng vẹo xương sống
scone	n	skɔn	bánh nướng
scoop	n	sku:p	cái xẻng
scoot	v	sku:t	chạy trốn, chuồn
scooter	n	'sku:tə	xe hẩy
scope	n	skoup	phạm vi, tầm xa
scorch	n	skɔ:tʃ	sự thiêu sém, sự cháy sém
scorched	a		có cấu trúc hình kim
scorching	a		rất nóng, nóng cháy da
score	n	skɔ:	sổ điểm, sổ bán thắng
scored	a		bị xây cát, bị xước
scorer	n		người ghi lại điểm đã đạt được trong trậ
scorn	n	skɔ:n	sự khinh bỉ, sự khinh miệt
scorpio	n		cung Hổ cáp, con bọ cạp
scorpion	n	'skɔ:pjən	con bọ cạp
scorpius	n		cung bọ cạp
scot	n	skɔt	tiền góp, tiền thuế
scotch	a	skɔtʃ	Ê-cốt
scotia	n	'skouʃə	đường gờ chân cột
scots	a		xứ Xcốt-len, người Xcốt-len
scotsman	n		người sinh ra ở xứ Xcốt-len
scottish	a		xứ Xcốt-len, người Xcốt-len
scoundrel	n	'skaundrəl	tên vô lại, tên du thủ du thực
scour	n	'skauə	sự lau chùi, sự cọ
scourge	n	skə:dʤ	người trừng phạt, người phê bình nghiêm
scouring	n		sự tẩy sạch, sự làm sạch
scout	n	skaut	người trinh sát, sự đi trinh sát
scouting	n		hoạt động hướng đạo
scowl	n	skaul	sự quắc mắt, sự cau có giận dữ
scrabble	n	'skræbl	chữ nguệch ngoạc, chữ viết ngoáy
scram	i	skræm	cút đi!, xéo đi!
scramble	n	'skræmbl	sự bò, sự toài
scrambler	n		bộ xáo trộn âm
scrambling	n		sự xáo trộn âm
scrap	n	skræp	mảnh nhỏ, mảnh rời
scrapbook	n		Trong Macintosh, đây là một dụng cụ văn
scrape	n	skreip	sự nạo, sự cạo
scraping	n	'skreipiɳ	sự nạo, sự cạo
scrapped	a		bị cạo đi, bị gọt đi
scrappy	a	'skræpi	vụn, rời
scratch	a	skrætʃ	hỗn tạp, linh tinh
scratcher	n		dụng cụ nạo, dao nạo
scratches	n		số ít
scratchy	a	'skrætʃi	nguệch ngoạc, cẩu thả
scrawny	n	'skrɔ:ni	gầy gò, khẳng khiu
scream	n	skri:m	tiếng thét, tiếng hét
screamer	n	'skri:mə	người hay kêu thét
screaming	a	'skri:miɳ	la lên, thét lên
screech	n	skri:tʃ	tiếng kêu thất thanh, tiếng thét
screen	n	skri:n	bình phong, màn che
screened	a		được chắn, được che
screening	n		sự chiếu một bộ phim
screenings	n	'skri:niɳz	tạp vật còn lại, sau khi sàng
screenplay	n	'skri:nplei	kịch bản phim
screenwriter	n	'skri:n,raitə	người viết kịch bản phim
screw	n	skru:	ngựa ốm, ngựa hom hem kiệt sức
screwball	a		gàn, lập dị
screwdriver	n	'skru:,draivə	chìa vít
screwed	a	skru:d	xoắn đinh ốc, có đường ren đinh ốc
screwing	n		sự vặn vít, sự cắt ren vít
screwy	a	'skru:i	gàn bát sách, dở hơi
scribble	n	'skribl	chữ viết nguệch ngoạc, chữ viết cẩu thả
scribbling	n		chữ viết vội vàng
scribe	n	skraib	người viết, người biết viết
scrimmage	n	'skrimidʤ	cuộc ẩu đả, sự cãi lộn
scrip	n	skrip	cái túi, cái bị
script	n	skript	nguyên bản, bản chính
scripted	a		đọc theo kịch bản
scripture	n	'skriptʃə	kinh thánh, lời trích trong kinh thánh
scroll	n	skroul	cuộn giấy, cuộn da lừa
scrooge	n		người bần tiện, người bủn xỉn
scrotum	n	'skroutəm	bìu dái
scrounge	v	skraundʤ	ăn cắp, xoáy
scrounging	a		khắc bạc
scrub	n	skrʌb	bụi cây, bụi rậm
scrubber	n	'skrʌbə	người lau chùi, người cọ rửa
scruff	n	skrʌf	gáy
scruffy	a	'skə:fi	có gàu, nhiều gàu
scrumptious	a	'skrʌmpʃəs	ngon tuyệt, đặc biệt
scrupulous	a	'skru:pjuləs	đắn đo, ngại ngùng
scrutiny	n	'skru:tini	sự nhìn chăm chú, sự nhìn kỹ
scuba	n	'sku:bə	bình khí ép
scuff	n	skʌf	scruff
scuffle	n	'skʌfl	sự chen lấn, sự xô đẩy
scull	v	skʌl	chèo thuyền bằng chèo đôi, chèo
scullery	n	'skʌləri	buồng rửa bát đĩa
sculpt	v		điêu khắc
sculptor	n	'skʌlptə	nhà điêu khắc, thợ chạm
sculpture	n	'skʌlptʃə/ (sculp) /skʌlp	thuật điêu khắc, thuật chạm trổ
scum	n	skʌm	bọt, váng
scurry	n	'skʌri	sự chạy gấp, sự chạy lon ton
scurvy	a	'skə:vi	đê tiện, hèn hạ
scuttle	n	'skʌtl	dáng đi hấp tấp
scythe	n	saið	cái hái hớt cỏ, cái phồ
sdi	n		viết tắt của Strategic Defense Initiativ
se	n		Đông Nam )
sea	n	si:	biển
seabed	n		đáy biển
seaboard	n	'si:bɔ:d	bờ biển, vùng bờ biển
seafaring	n	'si:,feəriɳ	sự đi biển
seafood	n	'si:fud	hải sản
seal	n	si:l	chó biển
sealed	a		kín khít, được bịt kín
sealing	n		sự bịt kín, sự nút kín
seam	n	si:m	đường may nổi
seaman	n	'si:mən	thuỷ thủ
seamless	a	'si:mlis	không có đường nối, liền một mảnh
seamstress	n	'semstris/ (sempstress) /'sempstris	cô thợ may
seaplane	n	'si:plein	thuỷ phi cơ
seaport	n	'si:pɔ:t	hải cảng
sear	a	siə	héo, khô
search	n	sə:tʃ	sự nhìn để tìm, sự sờ để tìm
searcher	n		dụng cụ dò tìm
searching	n	'sə:tʃiɳ	sự tìm kiếm, sự lục soát
searchlight	n	'sə:tʃlait	đèn pha rọi
seashore	n	'si:'ʃɔ:	bờ biển
seasick	a	'si:sik	say sóng
seasickness	n	'si:,siknis	chứng say sóng
seaside	n	'si:'said	bờ biển
season	n	'si:zn	mùa
seasonal	a	'si:zənl	từng thời, từng lúc
seasoned	a	'si:znd	dày dạn
seasoning	n		gia vị
seat	n	si:t	ghế, vé chỗ ngồi
seating	n		sự sắp xếp chỗ ngồi, chỗ để ngồi
seaweed	n	'si:wi:d	tảo biển
seaworthy	a	'si:,wə:ði	có thể đi biển được, có thể chịu đựng đư
sec	a	sek	nguyên chất, không pha ngọt
secluded	a		hẻo lánh, không có nhiều người trông thấ
seclusion	n	si'klu:ʤn	sự tách biệt, sự ẩn dật
second	a	'sekənd	thứ hai, thứ nhì
secondary	a	'sekəndəri	thứ hai, thứ nhì
secondhand	a		cũ; mua lại
secondly	d	'sekəndli	hai là
secrecy	n	'si:krisi	tính kín đáo, sự giữ bí mật
secret	a	'si:krit	kín đáo, thầm kín
secretarial	a	,sekrə'teəriəl	thư ký, bí thư
secretariat	n		văn phòng
secretary	n	'sekrətri	thư ký, bí thư
secrete	v	si'kri:t	cất, giấu
secretion	n	si'kri:ʃn	sự cất giấu, sự oa trữ
secretive	a	si:'kritiv	hay giấu giếm, hay giữ kẽ
secretly	d		thầm kín, bí mật
sect	n	sekt	bè phái, môn phái
section	n	'sekʃn	sự cắt, chỗ cắt
sector	n	'sektə	hình quạt
secular	a	'sekjulə	trăm năm một lần
secure	a	si'kjuə	chắc chắn, bảo đảm
Secured	n		Những khoản vay có bảo lãnh.
securely	d		chắc chắn, bảo đảm
Securities	n		Chứng khoán.
security	n	si'kjuəriti	sự yên ổn, sự an toàn
sedan	n	si'dæn	ghế kiệu sedan-chair)
sedate	a	si'deit	bình thản, trầm tĩnh
sedation	n	si'deiʃn	sự làm dịu, sự làm giảm đau
sedative	a	'sedətiv	làm dịu, làm giảm đau
sediment	n	'sedimənt	cặn, cáu
sedition	n	si'diʃn	sự xúi giục nổi loạn
seduce	v	si'dju:s	quyến rũ, dụ dỗ
seducer	n	si'dju:sə	người quyến rũ, người dụ dỗ
seducing	a	si'dju:siɳ	quyến rũ, cám dỗ
seduction	n	si'sʌkʃn	sự quyến rũ, sự dụ dỗ
seductive	a	si'dʌktiv	có sức quyến rũ, có sức cám dỗ
see	v	si:	thấy, trông thấy
seed	n	si:d	hạt, hạt giống
seedling	n	'si:dliɳ	cây trồng từ hạt
seedy	n	'si:di	đầy hạt, sắp kết hạt
seeing	n		liên từ
seek	v	si:k	tìm, đi tìm
seeker	n	'si:kə	người đi tìm
seem	v	si:m	có vẻ như, dường như
seeming	a	'si:miɳ	có vẻ, làm ra vẻ
seemingly	d	'si:miɳli	cỏ vẻ, ra vẻ
seen	v	si:	thấy, trông thấy
seep	v	si:n	rỉ ra, thấm qua
seer	n	'si:ə	nhà tiên tri
seesaw	n	'si:sɔ:	ván bập bênh
seething	a		nóng sôi, sôi sùng sục
segment	n	'segmənt	đoạn, khúc
segregated	n		được tách ra, bị cô lập
segregation	n	,segri'geiʃn	sự tách riêng, sự chia tách
seine	n	sein	lưới kéo
seismic	a	'saizməl/ (seismic) /'saizmik	động đất, địa chấn
seize	v	si:z	chiếm đoạt, cướp lấy
seizing	n	'si:ziɳ	sự chiếm lấy, sự chiếm đoạt
seizure	n	'si:ʤə	sự chiếm lấy, sự chiếm đoạt
seldom	d	'seldəm	ít khi, hiếm khi
select	a	si'lekt	được lựa chọn, có chọn lọc
selection	n	si'lekʃn	sự lựa chọn, sự chọn lọc
selective	a	si'lektiv	có lựa chọn, có chọn lọc
self	a	self	đồng màu, cùng màu
selfish	a	'selfiʃ	ích kỷ
selfishly	d		ích kỷ, lúc nào cũng nghĩ đến lợi ích bả
selfishness	n	'selfiʃnis	tính ích kỷ
selfless	a	'selflis	không ích kỷ, quên mình
selflessly	d		không ích kỷ, vị tha
selflessness	n	'selflisnis	tính không ích kỷ, sự quên mình
sell	n	sel	sự làm thất vọng
seller	n	'selə	người bán, người phát hàng
selling	n		sự bán hàng
seltzer	n	'seltsə	nước khoáng xenxe seltzer water)
selves	n		số nhiều của self
semantics	n	si'mæntiks/ (semasiology) /si,meisiə'lɔdʤi	ngữ nghĩa học
semblance	n	'sembləns	sự trông giống, sự làm ra vẻ
semen	n	'si:men	tinh dịch
semester	n	si'mestə	học kỳ sáu tháng
semi	n		nhà chung tường
semifinal	n	'semi'fainl	bán kết
seminal	a	'si:minl	tinh dịch, hạt giống
seminar	n	'seminɑ:	Xêmina, hội nghị chuyên đề
seminary	n	'seminəri	trường dòng, trường đạo
sen	n	sen	đồng xen
senate	n	'senit	thượng nghị viện
senator	n	'senətə	thượng nghị sĩ
send	v	send	gửi, sai
sender	n	'sendə	người gửi
sending	n		sự gửi, sự phát
seneca	n		xem senega
senhor	n		số nhiều senhors, senhores
senile	a	'si:nail	suy yếu vì tuổi già, lão suy
senility	n	si'niliti	tình trạng suy yếu vì tuổi già, tình trạ
senior	a	'si:njə	Senior nhiều tuổi hơn, bố
seniority	n	,si:ni'ɔriti	sự nhiều tuổi hơn, sự cao cấp hơn
senna	n	'senə	giống keo
senor	n		danh xưng của người đàn ông nói tiếng Tâ
senora	n		danh xưng của người phụ nữ nói tiếng Tây
senorita	n		danh xưng của người phụ nữ, người con gá
sensation	n	sen'seiʃn	cảm giác
sensational	a	sen'seiʃənl	gây xúc động mạnh làm náo động dư luận,
sense	n	sens	giác quan
senseless	a	'senslis	không có cảm giác, bất tỉnh
sensibility	n	,sensi'biliti	tri giác, cảm giác
sensible	a	'sensəbl	có thể cảm giác được, có thể cảm thấy đư
sensibly	d		một cách hợp lý
sensing	n		sự thụ cảm, cảm giác
sensitive	a	'sensitiv	có cảm giác, cảm giác
sensitivity	n	,sensi'tiviti	tính dễ cảm xúc, tính nhạy cảm
sensor	n	'sensə	, phần tử nhạy
sensory	a	'sensəri/ (sensorial) /sen'sɔ:riəm	bộ máy cảm giác, cảm giác
sensual	a	'sensjuəl	xác thịt, nhục dục
sensuality	n	,sensju'æliti	tính ham khoái lạc dâm dục, thú nhục dục
sensuous	a	'sensjuəs	giác quan, do giác quan
sent	v	send	gửi, sai
sentence	n	'sentəns	câu
sentient	a	'senʃənt	có cảm giác, có tri giác
sentiment	n	'sentimənt	tình, tình cảm
sentimental	a	,senti'mentl	dễ cảm, đa cảm
sentimentality	n	,sentimen'tæliti	tính giàu tình cảm
sentinel	n	'sentinl	lính gác, lính canh
sentry	n	'sentri	lính gác
separate	a	'seprit	riêng rẽ, rời
separated	a		ly thân
separately	d		không cùng nhau, thành người riêng
separation	n	,sepə'reiʃn	sự phân ly, sự chia cắt
separatist	n	'sepərətist	người theo chủ nghĩa phân lập, người chủ
seppuku	n		lối mổ bụng tự sát
sepsis	n	'sepsis	sự nhiễm trùng máu
sept	n	sept	bộ lạc
september	n	səp'tembə	tháng chín
septic	a	'septik	nhiễm khuẩn, nhiễm trùng
septum	n	'septəm	vách, vách ngăn
sequel	n	'si:kwəl	sự tiếp tục, đoạn tiếp
sequence	n	'si:kwəns	sự nối tiếp, sự liên tiếp
sequencing	n		sự sắp xếp dãy, sự sắp xếp chuỗi
sequential	a	'si:kwənt/ (sequential) /si'kwenʃəl	liên tục, liên tiếp
sequestered	a	si'kwestəd	ẩn dật, hẻo lánh
sera	n	'siərəm	huyết thanh
seraphim	n	'serəf	người nhà trời, thiên thân tối cao
serb	a	sə:b/ (Serbian) /'sə:bjən	Xéc-bi
serbian	a	sə:b/ (Serbian) /'sə:bjən	Xéc-bi
serenade	n	,seri'neid	khúc nhạc chiều
serendipity	n	,seren'dipiti	khả năng cầu may
serene	a	si'ri:n	trong, sáng sủa
serenity	n	si'reniti	cảnh trời quang mây tạnh
serf	n	'sə:f	nông nô
serge	n	sə:dʤ	vải xéc, hàng xéc
sergeant	n	'sɑ:dʤənt/ (serjeant) /'sɑ:dʤənt	trung sĩ
serial	a	'siəriəl	theo từng hàng, theo từng dãy
series	n	'siəri:z	loạt, dãy
serious	a	'siəriəs	đứng đắn, nghiêm trang
seriously	d	'siəriəsli	đứng đắn, nghiêm trang
seriousness	n	'siəriəsnis	tính chất đứng đắn, tính chất nghiêm tra
sermon	n	'sə:mən	bài giảng đạo, bài thuyết giáo
serpent	n	'sə:pənt	con rắn
serpentine	a	'sə:pəntain	rắn, hình rắn
serra	n	'serə	bộ phận có răng cưa, cấu tạo có hình răn
serrated	a	'serit/ (serrated) /se'reitid	có răng cưa
serum	n	'siərəm	huyết thanh
servant	n	'sə:vənt	người hầu, người đầy tớ
serve	n	sə:v	cú giao bóng, lượt giao bóng
server	n	sə:v	người hầu, người hầu bàn
service	n	'sə:vis	cây thanh lương trà service-tree)
Services	n		Các dịch vụ.
servicing	n		sự bảo quản, sự bảo dưỡng
servile	a	'sə:vail	người nô lệ, như người nô lệ
serving	n		ống bọc cáp
servitude	n	'sə:vitjud	sự nô lệ, tình trạng nô lệ
servo	n		secvô, phụ
sesame	n	'sesəmi	cây vừng, hạt vừng
session	n	'seʃn	buổi họp, phiên họp
set	n	set	bộ
settee	n	se'ti:	ghế trường kỷ, xôfa loại nhỏ
setter	n	'setə	người đặt, người dựng lên
setting	n	'setiɳ	sự đặt, sự để
settle	n	'setl	ghế tủ
settled	a	'setld	chắc chắn, ổn định
settlement	n	'setlmənt	sự giải quyết, sự dàn xếp
settler	n	'setlə	người giải quyết
settling	n		sự dàn xếp, sự bố trí
setup	n		cơ cấu của một tổ chức
seven	a	'sevn	bảy
seventeen	a	'sevn'ti:n	mười bảy
seventeenth	a	'sevn'ti:nθ	thứ mười bảy
seventh	a	'sevnθ	thứ bảy
seventy	a	'sevnti	bay mươi
sever	v	'sevə	chia rẽ, tách ra
several	a	'sevrəl	vài
severance	n	'sevərəns	sự chia rẽ
severe	a		khắc khe, gay gắt
severely	d	si'viəli	nghiêm khắc, nghiêm nghị
severity	n	si'veriti	tính nghiêm khắc, tính nghiêm nghị
sew	v	sou	may khâu
sewage	n	'sju:idʤ	nước cống, rác cống
sewer	n	'sjuə	người khâu, người may
sewing	n	'souiɳ	sự may vá, sự khâu cá
sewn	v	sou	may khâu
sex	n	seks	giới tính
sexism	n		sự thành kiến, sự phân biệt đối xử do gi
sexist	a		sự thành kiến giới tính
sexless	a	'sekslis	không có giới tính
sexton	n	'sekstən	người trông nom nhà thờ và nghĩa địa, ng
sexual	a	'seksjuəl	giới tính, sinh dục
sexuality	n	,seksju'æliti	bản năng giới tính, tính chất giới tính
sexually	d		giới tính, nhục dục
sexy	a	'seksi	khiêu dâm, gợi tình
sgt	n		như Sergt
sh	n		interj
shabby	a	'ʃæbi	mòn, sờn
shack	n	ʃæk	lán, lều
shackle	n	'ʃækl	cái cùm, cái còng
shad	n	ʃæd	cá trích đầy mình, cá aloza
shade	n	ʃeid	bóng, bóng tối & )
shading	n	'ʃeidiɳ	sự che
shadow	n	'ʃædou	bóng, bóng tối
shadowing	n		sự che chắn
shadowy	a	'ʃædoui	tối, có bóng tối
shady	a	'ʃeidi	có bóng râm, có bóng mát
shaft	n	ʃɑ:ft	cán, tay cầm
shag	n	ʃæg	chòm lông, bờm tóc
shagged	a		rất mệt mỏi
shaggy	a	'ʃægi	rậm lông, bờm xờm
shah	n	ʃɑ:	vua Ba-tư, sa
shake	n	ʃeik	sự rung, sự lắc
shakedown	n	'ʃeik'daun	sự rung cây lấy quả
shaken	n	ʃeik	sự rung, sự lắc
shaker	n	'ʃeikə	người rung, người lắc
shakespearean	a		Sếch-xpia, theo lối văn của Sếch-xpia
shakily	d		rung, run
shaking	n		sự lắc, sự giũ
shaky	a	'ʃeiki	run, yếu
shale	n	ʃeil	đá phiền sét
shall	v	ʃæl, ʃəl, ʃl/ (should) /should	sẽ
shallow	a	ʃælou	nông, cạn
shalom	n		câu chào tiếng Do Thái khi gặp nhau hay
sham	a	ʃæm	giả, giả bộ
shaman	n		pháp sư
shambles	n	'ʃæmblz	lò mổ, lò sát sinh
shame	n	ʃeim	sự thẹn, sự ngượng
shameful	a	'ʃeimful	làm hổ thẹn, làm ngượng ngùng
shamefully	d		đáng hổ thẹn, ô danh
shameless	a	'ʃeimlis	không biết thẹn, không biết xấu hổ
shamelessly	d		không biết hổ thẹn, không biết xấu hổ
shampoo	n	ʃæm'pu:	thuốc gội đầu
shamrock	n	'ʃæmrɔk	cây lá chụm hoa
shang	n		nhà Thương
shanghai	v	ʃæɳ'hai	, bắt cóc
shank	n	ʃæɳk	chân, cẳng
shanty	n	'ʃænti	lều, lán
shape	n	ʃeip	hình, hình dạng
shaped	n	ʃeipt	có hình, có hình dạng
shapeless	a	'ʃeiplis	không có hình dạng, không ra hình thù gì
shapely	a	'ʃeipli	có hình dáng đẹp, có hình dáng cân đối
shard	n	ʃɑ:d/ (sherd) /ʃə:d	mảnh vỡ
share	n	ʃeə	lưỡi cày, lưỡi máy gieo
shareholder	n	'ʃeə,houldə	người có cổ phần
sharing	n		sự phân chia, sự phân bổ
shark	n	ʃɑ:k	cá nhám, cá mập
sharp	a	ʃɑ:p	sắt, nhọn
sharpen	v	'ʃɑ:pən	mài, vót cho nhọn
sharpener	n	'ʃɑ:pənə	thợ mài dao kéo
sharpening	n		sự mài sắc
sharper	n	'ʃɑ:pə	người lừa đảo
sharply	d		sắt, nhọn
sharpshooter	n		người bắn giỏi, nhà thiện xạ
shatter	v	'ʃætə	làm vỡ, làm gãy
shattering	a		rất gây rối, làm choáng
shatters	n	'ʃætəz	những mảnh vỡ, những mảnh gãy
shave	n	ʃeiv	sự cạo râu, sự cạo mặt
shaven	n	ʃeiv	sự cạo râu, sự cạo mặt
shaver	n	'ʃeivə	người cạo, thợ cạo
shaving	n	'ʃeiviɳ	sự cạo
shaw	n	ʃɔ:	rừng nhỏ, rừng thưa
shawl	n	ʃɔ:l	khăn choàng, khăn san
shay	n	ʃei	, , chaise
she	n	ʃi:	nó, bà ấy, chị ấy, cô ấy...
shea	n	ʃiə	cây hạt mỡ shea tree)
shear	n	ʃiə	kéo lớn
shears	n		dụng cụ để xén
sheath	n	ʃi:θ	bao, vỏ
sheaves	n	ʃi:f	bó, lượm, thếp
shebang	n	ʃə'bæɳ	sòng bạc, nhà gá bạc
shed	n	ʃed	lán, túp lều
shedding	n	'ʃediɳ	sự để rơi, sự rơi
sheen	n	ʃi:n	sự huy hoàng, sự lộng lẫy
sheep	n	ʃi:p	con cừu
sheepskin	n	'ʃi:pskin	da cừu
sheer	a	ʃiə	chỉ là, đúng là
sheet	n	ʃi:t	khăn trải giường
sheik	n	ʃeik/ (sheikh) /ʃeik	tù trưởng, tộc trưởng
sheikh	n	ʃeik/ (sheikh) /ʃeik	tù trưởng, tộc trưởng
sheila	n		cô gái, phụ nữ trẻ
shelf	n	ʃelf	giá sách, ngăn sách
shell	n	ʃelf	vỏ; bao; mai
shelled	a	ʃeld	có vỏ, có mai
shellfish	n	'ʃelfiʃ	loài sò hến
shelling	n	shelling	sự bắn pháo, sự nã pháo
shelly	a	'ʃeli	vỏ; bao; mai
shelter	n	'ʃeltə	chỗ che, chỗ nương tựa
sheltered	a	'ʃeltəd	được che, được che chở
shelved	a		nằm trên giá
shelves	n	ʃelf	giá sách, ngăn sách
shenanigans	n		hành vi tai quái, hành vi bất kham
shepherd	n	'ʃepəd	người chăn cừu
shepherdess	n	'ʃepədis	cô gái chăn cừu, người đàn bà chăn cừu
sher	n		cắt, trượt
sheraton	n	'ʃerətn	kiểu Sêraton
sherbet	n	'ʃə:bət	nước quả loãng ướp đá) sorbet)
sherif	n	ʃə'ri:f/ (sherif) /ʃə'ri:f	Sêrip, quý tộc A rập
sheriff	n	'ʃerif	quận trưởng
sherpa	n		số nhiều không đổi hoặc sherpas
sherry	n	'ʃeri	rượu xêret
shetland	n		nhóm đảo ngoài bờ biển phía bắc Xcốtlen
shiatsu	n		phương pháp trị liệu bằng cách xoa bóp
shield	n	ʃi:ld	cái mộc, cái khiên
shielded	a		được bảo vệ/ che chắn
shift	n	ʃift	sự thay đổi vị trí, sự thay đổi tính tìn
shifter	n		bộ chuyển dịch, tay gạt
shifting	n		xem shift
shifty	a	'ʃifti	quỷ quyệt, gian giảo
shill	n	ʃil	, cò mồi
shilling	n	'ʃiliɳ	đồng silinh
shim	n	'ʃim	miếng chêm, miếng chèn
shimmer	n	'ʃimə	ánh sáng mờ mờ, ánh sáng lung linh
shimmy	n	'ʃimi	; duây puơ nhẩu đàn bà)
shin	n	ʃin	cẳng chân
shindig	n	'ʃindig	, điệu nhảy sinđich
shine	n	ʃain	ánh sáng, ánh nắng
shiner	n	'ʃainə	đồng tiền vàng Anh xưa
shingle	n	'ʃiɳgl	đá cuội
shingles	n	'ʃiɳglz	bệnh zona
shining	a	'ʃainiɳ	sáng, sáng ngời
shinto	n	'ʃintou	đạo thần Nhật bản
shiny	n	'ʃaini	shinty
ship	n	ʃip	tàu thuỷ, tàu
shipbuilding	n	'ʃip,bildiɳ	nghề đóng tàu
shipment	n	'ʃipmənt	sự xếp xuống tàu
shipping	n	'ʃipiɳ	sự xếp hàng xuống tàu, sự chở hàng bằng
shipshape	a	'ʃipʃeip	ngăn nắp, thứ tự
shipwreck	n	'ʃiprek	nạn đắm tàu
shipyard	n	'ʃipjɑ:d	xưởng đóng tàu
shire	n	'ʃaiə	quận, huyện
shirk	n	ʃə:k	người trốn việc
shirt	n	ʃə:t	áo sơ mi
shirtless	a	'ʃə:tlis	không mặc áo sơ mi
shit	n	ʃit	rác rưởi
shite	v		xem shit
shitty	a		bẩn thỉu, kinh tởm
shiver	n	'ʃivə	sự run, sự rùng mình
shivering	a	'ʃivəriɳ	run rẩy, lẩy bẩy
shoal	a	ʃoul	nông cạn, không sâu
shock	n	ʃɔk	sự đụng chạm, sự va chạm
shocker	n	'ʃɔkə	mẫu tồi, mẫu xấu
shocking	a	'ʃɔkiɳ	chướng, khó coi
shockingly	d		một cách tồi tệ
shod	n	ʃu:	giày
shoddy	n	'ʃɔdi	vải tái sinh
shoe	n	ʃu:	giày
shoemaker	n	'ʃu:,meikə	thợ đóng giày
shoeshine	n		người đánh giày
shogun	n	'ʃougun	tướng quân
shogunate	n		mạc phủ, chức tướng quân
shone	n	ʃain	ánh sáng, ánh nắng
shoo	v	ʃu:	xua, đuổi
shook	n	ʃuk	bộ ván và nắp thùng
shoot	n	ʃu:t	cành non, chồi cây
shooter	n	'ʃu:tə	người bắn súng
shooting	n	'ʃu:tiɳ	sự bắn, sự phóng đi
shop	n	ʃɔp	cửa hàng, cửa hiệu
shopkeeper	n	'ʃɔp,ki:pə	người chủ hiệu
shoplift	v		ăn cắp hàng hoá của một cửa hàng trong l
shoplifter	n		kẻ cắp giả làm khách mua hàng
shoplifting	n		sự ăn cắp ở các cửa hàng
shopper	n	'ʃɔp	người đi mua hàng
shopping	n	'ʃɔpiɳ	sự đi mua hàng
shore	n	ʃɔ:	bờ , bờ biển
short	a	ʃɔ:t	ngắn, cụt
shortage	n	'ʃɔ:tidʤ	sự thiếu, số lượng thiếu
shortbread	n	'ʃɔ:tbred/ (shortcake) /'ʃɔ:tkeik	bánh bơ giòn
shortcake	n	'ʃɔ:tbred/ (shortcake) /'ʃɔ:tkeik	bánh bơ giòn
shortcut	n		phím rút gọn, phím tắt
shorten	v	'ʃɔ:tn	thu ngắn lại, thu hẹp vào
shortening	n	'ʃɔtniɳ	sự thu ngắn lại
shorthand	a	'ʃɔ:thænd	dùng tốc ký, ghi bằng tốc ký
shortly	d	'ʃɔ:tli	không lâu nữa, chẳng mấy chốc
shortness	n		sự ngắn gọn
shorts	n		quần sóoc
shortstop	n		chậu hãm ảnh
shorty	n	'ʃɔ:ti	người lùn tịt, vật bé tí
shot	n	ʃɔt	sự trả tiền, phiếu tính tiền
shotgun	n		súng săn
shoulder	n	'ʃouldə	vai
shout	n	ʃaut	tiếng kêu, sự la hét
shouting	n	'ʃautiɳ	sự la hét, tiếng hò hét
shove	n	ʃʌv	sự xô đẩy
shovel	n	'ʃʌvl	cái xẻng
show	n	ʃou	sự bày tỏ
showbiz	n		công cuộc kinh doanh các trò giải trí
showboat	n	'ʃoubout	tàu biểu diễn rong
shower	n	'ʃouə	người chỉ, người cho xem
showering	n		sự trưng bày
showgirl	n	'ʃougə:l	nữ diễn viên trưng sắc
showing	n		sự trình diễn, hành động trình diễn
showman	n	'ʃoumən	ông bầu
showmanship	n	'ʃoumənʃip	nghệ thuật quảng cáo của ông bầu
shown	n	ʃou	sự bày tỏ
showroom	n		nơi trưng bày, phòng để trưng bày
showy	a	'ʃoui	loè loẹt, phô trương
shrank	v	ʃriɳk	co lại, rút lại
shrapnel	n		mảnh bom, mảnh đạn
shred	n	ʃred	miếng nhỏ, mảnh vụn
shredder	n		thiết bị cắt vụn, thiết bị xé vụn
shredding	n		sự xé nhỏ, sự băm
shrew	n	ʃru:d	người đàn bà đanh đá
shrewd	a	ʃru:d	khôn, khôn ngoan
shriek	n	ʃri:k	tiếng kêu thét, tiếng rít
shrill	a	ʃril	the thé, lanh lảnh
shrimp	n	ʃrimp	con tôm
shrine	n	ʃrain	hòm đựng thánh cốt
shrink	v	ʃriɳk	co lại, rút lại
shrivel	v	'ʃrivl	làm nhăn lại, làm co lại
shroud	n	ʃraud	vải liệm
shrub	n	ʃrʌb	cây bụi
shrubbery	n	'ʃrʌbəri	bụi cây
shrug	v	ʃrʌg	nhún vai
shrunk	v	ʃriɳk	co lại, rút lại
shrunken	a	'ʃrʌɳkən	co lại, teo lại
shu	n		Nhà Thục
shuck	v	ʃʌk	bóc
shucks	i	ʃʌks	gớm!, khiếp!
shudder	n	'ʃʌdə	sự rùng mình
shuddering	a	'ʃʌdəriɳ	rùng mình
shuffle	n	'ʃʌfl	sự kéo lê chân
shun	v	ʃʌn	tránh, xa lánh
shunt	n	ʃʌnt	sự chuyển, sự tránh
shush	n		interj
shut	v	ʃʌt	đóng, khép
shutdown	n		sự đóng cửa, sự kết thúc
shutter	n	'ʃʌtə	cửa chớp, cánh cửa chớp
shuttle	n	'ʃʌtl	con thoi
shy	a	ʃai	nhút nhát, bẽn lẽn
shylock	n	'ʃailɔk	kẻ cho vay nặng lãi
shyness	n	'ʃainis	tính nhút nhát, tính bẽn lẽn
shyster	n	'ʃaistə	luật sự thủ đoạn, luật sự láu cá
si	n	si:	xi
siamese	a	,saiə'mi:z	Thái lan
siberian	a	sai'biəriən	Xi-bia
sibling	n	'sibliɳ	anh ruột
sic	d	sik	đúng như nguyên văn viết trong ngoặc đơn
sick	a	sik	ốm, đau; ốm yếu; khó ở, thấy kinh
sicken	v	'sikn	cảm thấy ốm, có triệu chứng ốm
sickening	a	'sikniɳ	làm lợm giọng, kinh tởm
sicker	a		yên ổn, chắc chắn
sickle	n	'skil	cái liềm
sickly	a	'sikli	hay ốm, có vẻ ốm yếu
sickness	n	'siknis	sự đau yếu, bệnh hoạn
side	n	said	mặt, bên
sideboard	n	'saidbɔ:d	tủ búp phê, tủ đựng bát đĩa
sideburns	n	'saidbə:nz	tóc mai dài
sided	a		có một số hoặc loại cạnh được nói rõ
sidekick	n		bạn nối khố, bạn tri kỷ
sideline	v	'saidlain	cho ra ngoài, cho ra ngoài lề
sidewalk	n	'saidwɔ:k	vỉa hè, lề đường
sideways	d	'saidweiz/ (sidewise) /'saidwaiz	qua một bên, về một bên
siding	n	'saidiɳ	đường tàu tránh
sidle	v	'saidl	rụt rè đi chéo, khúm núm đi xiên
siege	n	si:dʤ	sự bao vây, sự vây hãm
sienna	n	si'enə	đất xiena
sierra	n	'siərə	dãy núi lởm chởm
siesta	n	si'estə	giấc ngủ trưa
sieve	n	siv	cái giần, cái sàng
sift	v	sift	giần, sàng
sig	n		nhóm quan tâm đặc biệt
sigh	n	sai	tiếng thở dài
sighing	a	'saiiɳ	thở dài sườn sượt
sight	n	sait	sự nhìn, thị lực
sighted	a		có thể nhìn thấy, không mù
sighting	n		sự trông thấy, sự bị trông thấy
sightseeing	n	'sait,si:iɳ	sự đi tham quan
sigma	n	'sigmə	Xichma
sign	n	sain	dấu, dấu hiệu
signal	n	'signl	dấu hiệu, tín hiệu
signalling	n		sự tín hiệu hoá, sự báo hiệu
signature	n	'signitʃə	chữ ký
signed	n		có dấu
significance	n	sig'nifikəns	ý nghĩa
significant	a	sig'nifikənt	đầy ý nghĩa, có tính chất gợi ý
significantly	d		theo một cách truyền đạt có ý nghĩa đặc
signify	v	'signifai	biểu thị, biểu hiện
signing	n		việc dùng cử chỉ để nói với người điếc
signor	n	'si:njɔ:	ông, ngài
signora	n	si:'njɔ:rə:	bà, phu nhân
signore	n		số nhiều signori
signorina	n	,si:njə:'ri:nə	cô, tiểu thư
signpost	n	'sinpoust	biển chỉ đường
sikh	n		người theo đạo Sikh phát triển từ Ân độ
silence	n	'sailidʤ	sự lặng thinh, sự nín lặng
silencer	n	'sailənsə	bộ giảm âm
silent	a	'sailənt	không nói, ít nói
silently	d	'sailəntli	yên lặng, âm thầm
silhouette	n	,silu:et	bóng, hình bóng
silica	n	'silikə	Silic đioxyt
silicon	n	'silikən	silic
silicone	n	'silikoun	silicon
silk	n	silk	tơ, chỉ tơ
silken	a	'silkən	mặt quần áo lụa
silky	a	'silki	mượt, óng ánh
sill	n	sil	ngưỡng cửa
silliness	n	'silinis	tính ngờ nghệch, tính ngớ ngẩn
silly	a	'sili	ngờ nghệch, ngớ ngẩn
silo	n	'sailou	xilô
silt	n	silt	bùn, phù sa
silva	n		rừng, thảm rừng
silver	n	'silvə	bạc
silverware	n		đồ làm bằng bạc
silvery	a	'silvəri	bạc, như bạc
sima	n		quyển sima
simian	a	'simiən	khỉ, như khỉ
similar	a	'similə	giống nhau, như nhau
similarity	n	,simi'læriti	sự giống nhau, sự tương tự
similarly	d	'similəli	cũng như thế, cũng như vậy
simmer	n	'simə	trạng thái sắp sôi, trạng thái sủi
simple	a	'simpl	đơn, đơn giản
simpleton	n	'simpltən	anh ngốc, anh thộn
simplicity	n	sim'plisiti	tính đơn giản
simplified	n		đã rút gọn, đã được đơn giản
simplify	v	'simplifai	làm đơn giản, đơn giản hoá
simplistic	a		giản dị thái quá
simply	d	'simpli	chỉ là, thường là
simulate	v	'simjuleit	giả vờ, giả cách
simulation	n	,simju'leiʃn	sự giả vờ, sự giả cách
simulator	n	'simjuleitə	người giả vờ, người giả cách
simultaneous	a	,siməl'teinjəs	đồng thời, cùng một lúc
simultaneously	d		đồng thời, xảy ra cùng một lúc
sin	n	sin	tội lỗi, tội ác
since	d	sins	từ lâu, từ đó
sincere	a	sin'siə	thành thật, thật thà
sincerely	d	sin'siəli	thành thật, thật thà
sincerity	n	sin'seriti	tính thành thật, tính thật thà
sine	n	sain	sin['saini]
sinful	a	'sinful	có tội, mắc tội
sing	v	siɳ	hát, ca hát
singe	n	sindʤ	sự cháy sém
singer	n	'siɳə	người hát, ca sĩ
singing	n		nghệ thuật của ca sự
single	a	'siɳgl	đơn, đơn độc
singles	n		trò chơi mỗi bên chỉ một người
singleton	n	'siɳgltən	vật duy nhất, vật đơn
singsong	n	'siɳsɔɳ	giọng đều đều, giọng ê a
singular	a	'siɳgjulə	ở số ít
singularity	n	,siɳgju'læriti	tính đặc biệt, tính kỳ dị
singularly	a		khác thường, kỳ quặc
sinister	a	'sinistə	gở, mang điểm xấu
sink	n	siɳk	thùng rửa bát, chậu rửa bát
sinker	n	'siɳkə	người làm chìm, người đánh chìm
sinkhole	n		chổ hấp thu, phễu tiêu nước
sinking	n	'siɳkiɳ	sự chìm, sự đánh chìm
sinner	n	'sinə	người có tội, người phạm tội
sinus	n	'sainəs	xoang
sip	n	sip	hớp, nhắp
siphon	n	'saifən/ (syphon) /'saifən	ống xifông, ống truyền nước
sir	n	sə:	thưa ông, thưa ngài
sire	n	'saiə	đực giống
siree	n	'sirə/ (sirree) /sə'ri:/ (siree) /sə'ri:	, nhuốm &
siren	n	'saiərin/ (syren) /'saiərin	tiên chim
sirius	n	'siriəs	sao Thiên lang
sirloin	n	'sə:lɔin	thịt thăn bò surloin)
sirrah	n	'sirə/ (sirree) /sə'ri:/ (siree) /sə'ri:	, nhuốm &
sirree	n	'sirə/ (sirree) /sə'ri:/ (siree) /sə'ri:	, nhuốm &
sis	n	sis	của sister) chị, em gái
sissy	n	'sisi/ (sissy) /'sisi	, người ẻo lả vì yếu đuối
sister	n	'sistə	chị, em gái
sisterhood	n	'sistəhud	tình chị em
sit	v	sit	ngồi
sitar	n		đàn xita
site	n	sait	nơi, chỗ
sith	c	siθ	; từ, từ khi, từ lúc
sitter	n	'sitə	người ngồi
sitting	n	'sitiɳ	sự ngồi, sự đặt ngồi
situated	a	'sitjueitid	ở
situation	n	,sitju'eiʃn	vị trí, địa thế
six	a	siks	sáu
sixpence	n	'sikspəns	sáu xu, đồng sáu xu
sixteen	a	'siks'ti:n	mười sáu
sixteenth	a	'siks'ti:nθ	thứ mười sáu
sixth	a	siksθ	thứ sáu
sixties	n		số nhiều
sixty	a	'siksti	sáu mươi
sizable	a	'saizəbl/ (sizeable) /'saizəbl	to, lớn, có cỡ lớn
size	n	saiz	kích thước, độ lớn
sizeable	a	'saizəbl/ (sizeable) /'saizəbl	to, lớn, có cỡ lớn
sized	a		có quy mô như thế nào đó
sizing	n		suất ăn, khẩu phần
sizzle	n	'sizl	tiếng xèo xèo
sizzler	n		ngày rất nóng nực
ska	n		điệu nhạc ska
skate	n	skeit	cá đuổi
skateboard	n		ván trượt
skateboarding	n		môn trượt ván
skater	n	'skeitə	người trượt băng
skating	n		môn trượt băng
skedaddle	n	ski'dædl	sự chạy tán loạn
skeet	n		trò bắn bồ câu bằng đất sét
skeletal	a	'skelitl	bộ xương, có tính chất bộ xương
skeleton	n	'skelitn	bộ xương
skeptic	n	'skeptik/ (skeptic) /'skeptik	người hay hoài nghi, người theo chủ nghĩ
skeptical	a	'skeptikəl/ (skeptical) /'skeptikəl	hoài nghi, đa nghi
skepticism	n	'skeptisizm/ (skepticism) /'skeptisizm	chủ nghĩa hoài nghi
sketch	n	sketʃ	bức vẽ phác, bức phác hoạ
sketchy	a	'sketʃi	sơ sài, phác
skewer	n	'skju:ə	cái xiên
ski	n	ski:	Xki, ván trượt tuyết
skid	n	skid	má phanh
skied	n		xem sky
skier	n	'ski:ə	người trượt tuyết
skiff	n	skif	thuyền nhẹ, tàu nhẹ
skiing	n		môn xki
skilful	a	'skilful	khéo, khéo léo
skill	n	skil	sự khéo léo, sự khéo tay
skilled	a	skild	khéo léo, lành nghề
skillet	n	'skilit	xoong nhỏ có cán
skillful	n		khéo tay, tài giỏi
skim	v	skim	hớt bọt, hớt váng
skimp	v	skimp	bủn xỉn, ăn ơ keo kiệt
skimpy	a	'skimpi	bủn xỉn, keo kiệt
skin	n	skin	da, bì
skinhead	n		gã đầu trọc
skinned	a		có nước da như thế nào đó
skinner	n	'skinə	người lột da thú
skinny	a	'skini	da; như da
skint	a		không có đồng tiền nào, kiết xác
skip	n	skip	đội trưởng, thủ quân
skipper	n	'skipə	người nhảy dây
skirmish	v	'skə:miʃ	cuộc chạm trán, cuộc giao tranh nhỏ
skirt	n	skə:t	vạt áo
skirting	n		gờ; viền; rìa
skit	n	skit	bài thơ trào phúng, bài văn châm biếm
skitter	v	'skitə	bay đớp mặt nước
skittish	a	'skitiʃ	sự bóng, nhát
skivvies	n	'skiviz	, áo lót
skull	n	skʌl	sọ, đầu lâu
skunk	n	skʌɳk	chồn hôi
sky	n	skai	trời, bầu trời
skylark	n	'skailɑ:k	chim chiền chiện
skylight	n	'skailait	cửa sổ ở trần nhà, cửa sổ ở mái nhà
skyline	n	'skailain	đường chân trời
skyscraper	n		như skysail
sl	n		tiếng lóng
slab	n	slæb	phiến đá mỏng
slack	a	slæk	uể oải, chậm chạp
slacker	n	'slækə	người phất phơ, người chểnh mảnh
slag	n	slæg	xỉ, vảy
slain	v	slei	; ; giết
slam	n	slæm	tiếng cửa đóng sầm
slammer	n		nhà tù
slander	n	'slɑ:ndə	sự vu cáo, sự vu khống
slanderous	a	'slɑ:ndərəs	vu cáo, vu khống
slang	n	slæɳ	tiếng lóng
slant	a	slɑ:nt	xiên, nghiêng
slanted	a		thiên kiến, có thái độ có thành kiến
slap	n	slæp	cái vỗ, cái đập
slapping	a	'slæpiɳ	rất nhanh, rất to
slash	n	'slæʃ	vết chém, vết rạch
slashing	a	'slæʃiɳ	nghiêm khắc, ác liệt
slate	n	sleit	đá bảng, đá
slater	n	'sleitə	thợ lợp ngói acđoa
slaughter	n	'slɔ:tə	sự giết thịt, sự mổ thịt
slaughtering	n		sự mổ súc vật để làm thịt, sự sát sinh
slav	a	slɑ:v/ (Sclav) /sklɑ:v	chủng tộc Xla-vơ
slave	n	sleiv	người nô lệ
slaver	n	'sleivə	tàu buôn nô lệ
slavery	a	'slævəri	đầy nước dãi
slavic	a	slə'vɔnik/ (Slavic) /'slævik	ngôn ngữ Xla-vơ
slaw	n	slɔ:	món rau cải thái trộn
slay	v	slei	; ; giết
slayer	n	'sleiə	kẻ giết người, tên sát nhân
sleaze	n		sự dơ bẩn, nhớp nhúa
sleazy	a	'sli:zi	mỏng
sled	n	sled	xe trượt tuyết
sledding	n	'slediɳ/ (sleighing) /'slediɳ	sự đi xe trượt tuyết
sledge	n	sledʤ	sledge-hammer
sleek	a	sli:k	bóng, mượt
sleep	n	sli:p	giấc ngủ, sự ngủ
sleeper	n	'sli:pə	người ngủ, người hay ngủ
sleeping	n		sự ngừng lại giữa chừng
sleepless	a	'sli:plis	thức, không ngủ
sleepy	a	'sli:pi	buồn ngủ, ngái ngủ
sleepyhead	n	'sli:pihed	người hay buồn ngủ
sleet	n	sli:t	mưa tuyết
sleeve	n	sli:v	tay áo
sleigh	n	sled	xe trượt tuyết
sleight	n	slait	sự khéo tay, sự nhay tay
slender	a	'slendə	mảnh khảnh, mảnh dẻ
slept	n	sli:p	giấc ngủ, sự ngủ
sleuth	n	slu:θ	sleuth-hound
slew	n	slu:	vũng bùn, chổ bùn lầy
slice	n	slais	miếng mỏng, lát mỏng
slicer	n		máy thái mỏng
slick	a	slik	bóng, mượt
slicker	n	'slikə	khoé lừa giỏi
slid	n	slaid	sự trượt
slide	n	slaid	sự trượt
slider	n	'slaidə	người trượt tuyết
sliding	n		sự trượt
slight	a	slait	mỏng mảnh, thon
slightly	d	'slaitiɳli	mỏng mảnh, yếu ớt
slim	a	slim	mảnh khảnh, mảnh dẻ
slime	n		chất lỏng đặc, trơn ướt
slimmer	n		người đang nhịn ăn và làm cho gầy bớt đi
slimy	a	'slaimi	có bùn, phủ đầy bùn
sling	n	sliɳ	rượu mạnh pha đường và nước nóng
slingshot	n	'sliɳʃɔt	súng cao su
slink	n	sliɳk	súc vật là bò) đẻ non
slinky	a	sliɳki	lén, lẩn
slip	n	slip	sự trượt chân
slipper	n	'slipə	dép đi trong nhà, dép lê
slippery	a	'slipəri	trơ
slipping	a		không được khoẻ, không được nhanh nhẹn
slit	n	slit	đường rạch, khe hở
slither	v	'sliðə	trượt, trườn
slitting	n		sự xẻ rãnh, xẻ dọc
sliver	n	'slivə	miếng, mảnh
sloane	n		cũng sloane ranger
slob	n	slɔb	bùn
slobber	n	'slɔbə/ (slabber) /'slæbə	nước dãi
slog	n	slɔg	cú đánh vong mạng
slogan	n	'slougən	khẩu hiệu
sloop	n	slu:t	thuyền nhỏ một buồm
slop	n	slɔp	cớm, đội xếp
slope	n	sloup	dốc, đường dốc
sloping	a	'sloupiɳ	nghiêng, dốc
sloppy	a	'slɔpi	ướt át, lõng bõng
sloshed	a		say
slot	n	slɔt	đường đi của hươu nai, vết đi của hươu n
sloth	n	slouθ	sự lười biếng, sự uể oải
slouch	n	slautʃ	dáng đi vai thõng xuống
slough	n	slau	vũng bùn, chỗ bùn lầy
slovak	n		người dân xlô vác
slow	a	slou	chậm, chậm chạp
slowly	d	'slouli	chậm, chầm chậm
slowpoke	n		như slowcoach
sludge	n	'slʌdʤ	bùn đặc, bùn quánh
slug	n	slʌg	con ốc sên
slugger	n	'slʌgə	, võ sĩ nhà nghề
sluggish	a	'slʌgiʃ	chậm chạp, uể oải
sluice	n	slu:s	cửa cống, cống
slum	n	slʌm	phần không nhờn
slumber	n	'slʌmbə	giấc ngủ
slump	n	slʌmp	sự hạ giá nhanh, sự sụt giá bất thình lì
slung	n	sliɳ	rượu mạnh pha đường và nước nóng
slur	n	slə:	điều xấu hổ, điều nhục nhã
slurp	n		tiếng uống xì xụp, tiếng nhai nhóp nhép
slurry	n	'slʌri	hồ xi măng
slush	n	slʌʃ	bùn loãng
slut	n	slʌt	người đàn bà nhếch nhác bẩn thỉu
sly	a	slai	ranh mãnh, mánh lới
smack	n	smæk	vị thoang thoảng, mùi thoang thoảng
smacking	n		cái tát, cái bợp
small	a	smɔ:l	nhỏ, bé
smallpox	n	'smɔ:lpɔks	bệnh đậu mùa
smarmy	a	'smɑ:mi	xun xoe, nịnh nọt
smart	n	smɑ:t	sự đau đớn, sự nhức nhối
smarten	v	'smɑ:tn	làm cho thêm duyên dáng, làm cho bảnh ch
smartly	d		mạnh, ác liệt
smartness	n	'smɑ:tnis	sự mạnh, sự ác liệt
smash	n	smæʃ	sự vỡ ra từng mảnh, sự đập vỡ ra từng mả
smashed	a		say rượu
smasher	n	'smæʃə	người đập vỡ, người đánh vỡ
smashing	a	'smæʃiɳ	cừ, ác, chiến
smear	n	smiə	đốm bẩn, vết bẩn
smearing	n		sự nhoè, dính bẩn
smell	n	smel	khứu giác
smelly	a	'smeli	nặng mùi, thối
smelt	v	smelt	luyện nấu chảy
smile	n	smail	nụ cười, vẻ mặt tươi cười
smiley	n		Trong thư điện tử và các nhóm tin máy tí
smiling	a	'smailiɳ	mỉm cười, tươi cười
smirk	n	smə:k	nụ cười điệu
smite	n	smait	cái đánh cái đập
smith	n	smiθ	thợ rèn
smithereens	n	smiðθz/ (smithereens) /'smitðə'ri:nz	mảnh, mảnh vụn
smithers	n	smiðθz/ (smithereens) /'smitðə'ri:nz	mảnh, mảnh vụn
smithy	n	'smiði	lò rèn, phân xưởng rèn
smitten	n	smait	cái đánh cái đập
smock	n	smɔk	áo choàng trẻ con, áo bờ lu
smog	n	smɔg	khói lẫn sương
smoke	n	smouk	khói
smoked	n	'smoukt/ (smoked-dried) /'smouk'draid	dried)
smoker	n	'smoukə	người hút thuốc, người nghiện thuốc
smokey	a		xem smoky
smoking	n		sự hút thuốc, hành động hút thuốc
smoky	a	'smouki	toả khói, đầy khói
smooch	v		âu yếm
smooth	a	smu:ð	nhẫn, trơn
smoothed	n		trơn tru
smoothie	n		người khéo mồm, người cư xử một cách ngọ
smoothing	n		sự san bằng, làm nhẵn
smoothly	d		một cách êm ả, một cách trôi chảy
smorgasbord	n		bữa ăn với nhiều món nóng hay nguội phục
smother	n	'smʌðə	lửa âm ỉ, sự cháy âm ỉ
smudge	n	smʌdʤ	lửa hun
smug	a	smʌg	thiển cận mà tự mãn
smuggle	v	'smʌgl	buôn lậu
smuggler	n	'smʌglə	người buôn lậu
smuggling	n		sự buôn lậu
smut	n	smʌt	vết nhọ
snack	n	snæk	bữa ăn vội vàng, bữa ăn qua loa
snafu	a	snə'fu:	hỗn loạn, loạn xạ
snag	n	snæg	chân răng gãy
snagged	a	snægd/ (snaggy) /'snægi	có cắm cừ, có nhiều cừ
snail	n	sneil	con ốc sên, con sên
snake	n	sneik	con rắn
snakeskin	n		da rắn
snap	n	snæp	sự cắn, sự táp
snapper	n		cá chỉ vàng
snappy	a	'snæpi	gắt gỏng, cắn cảu
snapshot	n	'snæpʃɔt	ảnh chụp nhanh
snare	n	sneə	cái bẫy, cái lưới
snarl	n	snɑ:l	tiếng gầm gừ
snarling	a	'snɑ:liɳ	gầm gừ
snatch	n	'snætʃ	cái nắm lấy, cái vồ lấy
snatcher	n		người vồ lấy
snazzy	a		mốt, hợp thời trang
sneak	n	sni:k	người hay vụng trộm, người hay lén lút
sneaker	n	'sni:kə	người lén lút vụng trộm
sneakers	n		giày để chơi quần vợt
sneaking	a	'sni:kiɳ	vụng trộm, lén lút
sneaky	a	'sni:ki	vụng trộm, lén lút
sneer	n	sniə	cười khinh bỉ, cười chế nhạo
sneering	a	'sniəriɳ	giễu cợt, nhạo báng
sneeze	n	sni:z	sự hắt hơi
sneezing	n		xem sneeze
snell	a	snel	nhanh, hoạt động
snicker	n	'snikə	tiếng ngựa hí
snide	a	snaid	giả, giả mạo
sniff	n	snif	sự hít, tiếng hít vào
sniffer	n		người hít vào, người hít ma túy
sniffing	a	'snifiɳ	khụt khịt, sổ mũi
sniffle	n	'snifl	sự sổ mũi
snip	n	snip	sự cắt bằng kéo, vết cắt bằng kéo
snipe	n	snaip	chim dẽ giun
sniper	n	'snaipə	người bắn tỉa
sniping	n		sự bắn tỉa
snippy	a	'snipiti/ (snippy) /'snipi	gồm toàn mảnh vụn, làm bằng những mẩu vụ
snitch	n	snifʃ	, kẻ cắp vặt
snivelling	a		dễ rên rự và than vãn, yếu đuối
snob	n	snɔb	trưởng giả học làm sang, người đua đòi
snobbish	a	'snɔbiʃ	có tính chất trưởng giả học làm sang, đu
snog	v		hôn hít, ôm ấp
snogging	n		sự ôm ấp vuốt ve và hôn hít
snook	n	snu:k	sự vẫy mũi
snooker	n		trò chơi bi-da
snoop	n	snu:p	, chõ mõm
snooper	n	snu:p	, chõ mõm
snoot	n	snu:t	, cái mũi
snooty	a	'snu:ti	khinh khỉnh, kiêu kỳ
snooze	n	snu:z	giấc ngủ ngắn
snore	n	snɔ:	tiếng ngáy
snorkel	n	'snɔ:kl/ (schnorkel) /'ʃnɔ:kl	ống thông hơi snort)
snort	n	snɔ:t	snorkel
snorting	n		tiếng gáy
snot	n	snɔt	vuôi, mũi thò lò
snotty	n	'snɔti	, trung sĩ hải quân
snout	n	snaut	mũi, mõm
snow	n	snou	, thuyền xnau
snowball	n	'snoubɔ:l	hòn tuyết, nắm tuyết
snowman	n	'snoumən	người tuyết
snowmen	n		người tuyết
snowstorm	n		bão tuyết
snowy	a	'snoui	đầy tuyết, phủ tuyết
snp	n		Đảng Quốc gia Xcốtlen
snub	a	snʌb	tẹt và hếch
snubbed	a		xem snub
snuff	n	snʌf	hoa đèn
snug	a	snʌg	kín gió, ấm áp
snuggle	v	'snʌgl	xê gần, dịch gần
so	d	sou	như thế, như vậy
soak	n	souk	sự ngâm, sự thấm nước
soaked	a		hoàn toàn ướt, ướt đẫm
soaking	a		rất ướt, ướt đẫm như
soap	n	soup	xà phòng
soapy	a	'soupi	giống xà phòng
soar	n	sɔ:	sự bay vút lên
soaring	a	'sɔ:riɳ	bay vút lên
sob	n	sɔb	sự khóc thổn thức
sobbing	a	'sɔbiɳ	thổn thức
sober	a	'soubə	không say rượu
sobriety	n	sou'braiəti/ (soberness) /'soubənis	sự điều độ, sự tiết độ
soc	n		người theo chủ nghĩa xã hội
soccer	n	'sɔkə	môn bóng đá
sociable	a	'souʃəbl	dễ gần, dễ chan hoà
social	a	'souʃəl	có tính chất xã hội, có tính chất thành
socialise	v	'souʃəlaiz/ (socialise) /'souʃəlaiz	xã hội hoá
socialism	n	'souʃəlizm	chủ nghĩa xã hội
socialist	a	'souʃəlist	xã hội chủ nghĩa
socialite	n	'souʃəlait	người tai mắt trong xã hội
socialize	v	'souʃəlaiz/ (socialise) /'souʃəlaiz	xã hội hoá
socially	d	'souʃəli	chung cho xã hội
societal	a		thuộc xã hội
society	n	sə'saiəti	xã hội
sociological	a	,sousiə'lɔdʤikəl	xã hội học
sociology	n	,sousi'ɔlədʤi	xã hội học
sock	n	sɔk	bít tất ngắn cổ
socket	n	'sɔkit	lỗ, hốc, hố
sod	n	sɔd	bụng .
soda	n	'soudə	Natri cacbonat
sodium	n	'soudjəm	Natri
sodomy	n	'sɔdəmi	sự kê gian
sofa	n	'soufə	ghế xôfa, ghế trường kỷ
sofi	n		Cách viết khác : sofism
soft	a	sɔft	mềm, dẻo
softball	n		trò chơi tương tự như bóng chày, chơi tr
soften	v	'sɔfn	làm cho mềm, làm cho dẻo
softener	n	'sɔfnə	thuốc làm mềm, chất làm mềm
softening	n	'sɔfniɳ	sự làm mềm, sự hoá mềm
softie	n	'sɔfti/ (softie) /'sɔfti	người nhu nhược, người ẻo lả
softly	d		một cách dịu dàng, một cách êm ái
softness	n	'sɔftnis	tính mềm dẻo
software	n		phần mềm
softy	n	'sɔfti/ (softie) /'sɔfti	người nhu nhược, người ẻo lả
soggy	a	'sɔgi	đẫm nước, sũng nước
soho	n		một khu ở trung tâm London, Anh quốc
soil	n	sɔil	đất
sol	n	sɔl	mặt trời
solace	n	'sɔləs	sự an ủi, sự uý lạo
solar	a	'soulə	mặt trời, thái dương
solarium	n	sou'leəriəm	nhà tắm nắng
sold	n	sel	sự làm thất vọng
soldering	n		sự hàn
soldier	n	'souldʤə	lính, quân lính
soldiering	n		cuộc đời của lính
sole	n	soul	cá bơn
solely	d	'soulli	duy nhất, độc nhất
solemn	a	'sɔləm	theo nghi thức, trọng thể
solemnly	d		trọng thể, chính thức
solicit	v	sə'lisit	khẩn khoản, nài xin
solicitation	n	sə,lisi'teiʃn	sự khẩn khoản, sự nài xin
solicitor	n	sə'lisitə	cố vấn pháp luật
solid	a	'sɔlid	rắn, đặc
solidarity	n	,sɔli'dæriti	sự đoàn kết, sự liên kết
solidified	a		được hoá cứng
solidify	v	sə'lidifai	làm cho đặc lại, làm cho rắn lại
solidly	d		một cách vững vàng và chắc chắn
solitaire	n	,sɔli'teə	hoa tai một hột
solitary	a	'sɔlitəri	một mình, cô độc
solitude	n	'sɔlitju:d	tình trạng cô đơn
solo	n	'soulou	bản nhạc diễn đơn, điệu nhạc diễn đơn
soloist	n	'soulouist	người diễn đơn, người đơn ca
solomon	n	'sɔləmən	người khôn ngoan
solon	n	'soulɔn	nhà lập pháp khôn ngoan
solstice	n	'sɔlstis	chí, điểm chí
solution	n	sə'lu:ʃn	sự hoà tan
solve	v	sɔlv	giải quyết
solvent	a	'sɔlvənt	có khả năng hoà tan
solver	n		người tìm ra câu trả lời hoặc giải pháp
soma	n		thân thể, thể
somber	a	'sɔmbə/ (somber) /'sɔmbə	tối, mờ
sombre	a	'sɔmbə/ (somber) /'sɔmbə	tối, mờ
sombrero	n	sɔm'breərou	mũ phớt vành to
some	a	sʌm, səm	nào đó
somebody	n	'sʌmbədi	một người nào đó, có người someone)
someday	d		một ngày nào đó, rồi đây
somehow	d	'sʌmhau	vì lý do này khác, không biết làm sao
someone	n	'sʌmwʌn	một người nào đó, có người somebody)
someplace	d		trong một nơi nào đó, ở một nơi nào đó
somersault	n	'sʌməsɔ:lt/ (summersault) /'sʌməsɔ:lt/ (summerset) /'sʌməset	sự nhảy lộn nhào
somerset	n	'sʌməset	yên xomexet
something	n	'sʌmθiɳ	một điều gì đó, một việc gì đó
sometime	d	'sʌmtaim	một lúc nào đó some_time)
sometimes	d	'sʌmtaimz	đôi khi, đôi lúc
someway	d	'sʌmwei	về một mặt nào đó, bằng một cách nào đó
somewhat	d	'sʌmwɔt	hơi, gọi là
somewhere	d	'sʌmweə	ở một nơi nào đó
sommelier	n		sồ nhiều sommeliers
son	n	sʌn	con trai
sonar	n	sou'nɑ:	của sound navigation ranging) thiết bị p
sonata	n	sə'nɑ:tə	bản xônat
song	n	sɔɳ	tiếng hát, tiếng hót
songwriter	n		nhạc sự sáng tác bài hát
sonic	a	'sɔnik	âm thanh
sonnet	n	'sɔnit	bài thơ xonê, bài thơ 14 câu
sonny	n	'sʌni	con, cu con
soon	d	su:n	chẳng bao lâu nữa, chẳng mấy chốc
sooner	n	'su:nə	, người được thế trước
soot	n	sut	bồ hóng, muội
soothe	v	su:ð	làm dịu, làm nguội
soothing	a		dịu dàng, êm dịu
soothsayer	n	'su:θ,seiə	thầy bói
sop	n	sɔp	mẩu bánh mì thả vào nước xúp
sophisticated	a	sə'fistikeitid	tinh vi, phức tạp
sophistication	n	sə,fisti'keiʃn	sự nguỵ biện
sophomore	n	'sɔfəmɔ:	học sinh năm thứ hai đại học
soppy	a	'sɔpi	ẩm ướt, đẫm nước
soprano	n	sə'prɑ:nou	giọng nữ cao
sora	n	'sɔ:rə	gà nước xora sora rail)
sorbet	n	'sɔ:bət	xê cố, kem chanh
sorcerer	n	'sɔ:sərə	thầy phù thuỷ
sorceress	n	'sɔ:səris	mụ phù thuỷ
sorcery	n	sorcery	phép phù thuỷ, yêu thuật
sordid	a	'sɔ:did	bẩn thỉu, nhớp nhúa
sore	a	sɔ:	đau, đau đớn
sorely	d	'sɔ:li	đau đớn
sorority	n	sə'rɔriti	liên đoàn bà xờ
sorrel	a	'sɔrəl	có màu nâu đỏ
sorrow	n	'sɔrou	nỗi đau đớn, sự buồn rầu
sorrowful	a	'sɔrəful	buồn rầu, buồn phiền
sorry	a	'sɔri	lấy làm buồn, lấy làm tiếc
sort	n	sɔ:t	thứ, loại
sortie	n	'sɔ:ti:	sự xông ra phá vây
sorting	n		sự tuyển chọn, phân loại
sos	n		hiệu báo nguy SOS
sot	n	s7t	người nghiện rượu bí tỉ
sou	n	su:	đồng xu
souffle	n	'su:fl	tiếng thổi
sought	v	si:k	tìm, đi tìm
soul	n	soul	linh hồn
soulful	a	'soulful	đầy tâm hồn, đầy tình cảm
soulless	a	'soullis	không có tâm hồn
sound	a	saund	khoẻ mạnh, tráng kiện
sounder	n	'saundə	máy phát âm
sounding	a	'saundiɳ	nghe kêu, kêu
soundly	d		một cách đứng đắn, hoàn toàn và đầy đủ
soup	n	su:p	xúp, canh
sour	a	'sauə	chua
source	n	sɔ:s	nguồn sông, nguồi suối
sourdough	n		bột nhào chua
sourpuss	n	'sauəpus	người bẳn tính, người quạu cọ
south	n	sauθ	hướng nam, phương nam
southerly	a	'sʌðəli	nam
southern	n	'sʌðənə/ (southern) /'sʌðən	người ở miền Nam
southerner	n	'sʌðənə/ (southern) /'sʌðən	người ở miền Nam
southland	n	southland	miền nam
southpaw	a	'sauθpɔ:	chơi tay trái, thuận tay trái
souvenir	n	'su:vəniə	vật kỷ niệm
sovereign	a	'sɔvrin	tối cao
sovereignty	n	'sɔvrinti	quyền tối cao
soviet	n	'souviet	xô viết
sow	v	sau	gieo
sowing	n	'souiɳ	sự gieo hạt
sown	v	sau	gieo
sox	n	sɔks	bít tất
soy	n	sɔi	tương, nước tương
soya	n	'sɔiə/ (soja) /'soudʤə/ (soya-bean) /'sɔiəbi:n	bean)
sp	n		chính tả
spa	n	spɑ:	suối khoáng
space	n	'speis	không gian, không trung
spacecraft	n		Cách viết khác : spaceship
spaceman	n	'speismæn	nhà du hành vũ trụ
spaceport	n		sân bay vũ trụ
spaceship	n		như spacecraft
spacing	n	'speisiɳ	sự để cách
spacious	a	'speiʃəs	rộn lớn, rộng rãi
spade	n	speid	con pích
spaghetti	n	spə'geti	mì ống
spake	v	spi:k	nói
spam	n	spæm	đồ hộp Mỹ
span	n	spæn	gang tay
spaniard	n	'spænjəd	người Tây ban nha
spaniel	n	'spænjəl	giống chó xpanhơn
spanish	a	'spæniʃ	Tây ban nha
spank	n	spæɳk	cái phát vào đít, cái đánh vào đít
spanking	n	'spæɳkiɳ	sự phát vào đít, sự đánh vào đít
spanner	n	spænə	chìa vặn đai ốc
spar	n	spɑ:	trụ, cột
spare	a	speə	thừa, dư
sparing	a	'speəriɳ	thanh đạm, sơ sài
spark	n	spɑ:k	tia lửa, tia sáng
sparking	n		sự loé lửa, phát ra tia lửa
sparkle	n	'spɑ:kl	sự lấp lánh, sự lóng lánh
sparkler	n	'spɑ:klis	kim cương lấp lánh
sparkling	a	'spɑ:kliɳ	lấp lánh, lóng lánh
sparks	n		người thợ điện, người coi tổng đài
sparky	a		sôi nổi, sinh động
sparrow	n	'spærou	chim sẻ
sparse	a	spɑ:s	thưa thớt, rải rác
spartan	a	'spɑ:tən	Xpác-tơ
spasm	n	'spæzm	sự co thắt
spastic	a	'spæstik	co cứng
spat	n	spæt	trứng
spate	n	speit	nước lên, mùa nước
spatial	a	'speiʃəl	không gian
spatter	n	'spætə	sự bắn tung, sự vung vãi
spatula	n	'spætjulɔ	dao trộn thuốc vẽ
spawn	n	spɔ:n	trứng
spawning	n		sự đẻ trứng, thời gian đẻ trứng
speak	v	spi:k	nói
speaker	n	'spi:kə	người nói, người diễn thuyết
speaking	n	'spi:kiɳ	sự nói, lời nói
spear	n	spiə	cái giáo, cái mác
spearhead	n	'sipəhed	mũi giáo, mũi mác
spec	n	spek	sự đầu cơ, sự kinh doanh đầu cơ
special	a	'speʃəl	đặc biệt, riêng biệt
specialise	v	'speʃəlaiz/ (specialise) /'speʃəlaiz	làm thành đặc trưng
specialised	a		chuyên dụng, thích ứng
specialist	n	'speʃəlist	chuyên gia, chuyên viên
speciality	n	,spəʃi'æliti	đặc tính, đặc trưng
specialize	v	'speʃəlaiz/ (specialise) /'speʃəlaiz	làm thành đặc trưng
specialized	a		chuyên dụng, thích ứng
specially	d	'speʃəli	đặc biệt, riêng biệt
specialty	n	'speʃəlti	hợp đồng có đóng dấu
species	n	'spi:ʃi:z	loài
specific	a	spi'sifik	dứt khoát, rành mạch
specifically	d	spi'sifikəli	chính xác, rõ rệt
specified	a		theo danh nghĩa, lý thuyết
specify	v	'spesifai	chỉ rõ, ghi rõ
specimen	n	'spesimin	mẫu, vật mẫu
speck	n	spek	, thịt mỡ
speckled	a		có những đốm nhỏ
specs	n	speks	kính
spectacle	n	'spektəkl	cảnh tượng, quang cảnh
spectacles	n		kính đeo mắt
spectacular	a	spek'tækjulə	đẹp mắt, ngoạn mục
spectacularly	d		đẹp mắt, tráng lệ
spectator	n	spek'teitə	người xem, khán giả
specter	n	'spektə/ (specter) /'spektə	ma
spectra	n	'spektrəm	hình ảnh
spectral	a	'spektrəl	bóng ma, như bóng ma
spectre	n	'spektə/ (specter) /'spektə	ma
spectrometer	n	spek'trɔmitə	cái đo phổ
spectrum	n	'spektrəm	hình ảnh
speculate	v	'spekjuleit	tự biên
speculation	n	,spekju'leiʃn	sự suy xét, sự nghiên cứu
speculative	a	'spekjulətiv	nghiên cứu, lý thuyết
sped	n	spi:d	sự mau lẹ, tốc độ
speech	n	spi:tʃ	khả năng nói, năng lực nói
speechless	a	'spi:tʃlis	không nói được, mất tiếng
speed	n	spi:d	sự mau lẹ, tốc độ
speeding	n	'spi:diɳ	sự lái xe quá tốc độ quy định
speedo	n		xem speedomiter
speedometer	n	spi'dɔmitə	đồng hồ tốc độ
speedster	n	'spi:dstə	speeder
speedway	n	'spi:dwei	trường đua mô tô
speedy	a	'spi:di	mau lẹ, nhanh chóng
speer	n		Cách viết khác : speir
spell	n	spel	lời thần chú
spellbound	a	'spelbaund	mê, say mê
spelling	n	'speliɳ	sự viết vần, sự đánh vần
spelt	n	spelt	lúa mì xpenta
spencer	n	'spensə	áo vét len ngắn
spend	v	spend	tiêu, tiêu pha
spender	n	'spendə	người tiêu tiền, người tiêu hoang
spent	a	spent	mệt lử, kiệt sức
sperm	n	spə:m	tinh dịch
spew	n	spju:	cái nôn ra, cái mửa ra
spewing	n		sự khạc nhổ, nôn mửa
sphere	n	sfiə	hình cầu, khối cầu
spherical	a	'sferikəl	cầu, hình cầu
sphincter	n	'sfiɳktə	cơ thắt
sphinx	n	sfiɳks	Xphanh
spic	n		Cách viết khác : spik
spice	n	spais	đồ gia vị
spiced	a		chứa một thứ gia vị, chứa nhiều gia vị
spicy	a	'spaisi	có bỏ gia vị
spider	n	'spaidə	con nhện
spiel	n	spi:l	bài diễn văn, bài nói
spiffy	a	'spifi	làm thích mắt, làm vui mắt
spike	n	spaik	bông
spiked	a		có bông
spikes	n		giầy đinh
spiking	n		sự đóng đinh ray
spiky	a	'spaiki	có bông
spill	v	spil	làm tràn, làm đổ
spiller	n	'spilə	lưới con
spilling	n		sự lọt không khí qua dù
spilt	v	spil	làm tràn, làm đổ
spin	n	spin	sự quay tròn, sự xoay tròn
spinach	n	'spinidʤ/ (spinage) /'spinidʤ	rau bina
spinal	a	'spainl	xương sống
spindle	v	'spindl	mọc thẳng lên, mọc vút lên
spine	n	spain	xương sống
spineless	a	'spainlis	không xương sống
spinner	n	'spinəkə	người quay tơ
spinning	n	'spiniɳ	sự xe chỉ
spinster	n	'spinstə	bà cô
spiny	a	'spaini	có nhiều gai, giống gai
spiral	a	'spaiərəl	xoắn ốc
spire	n	'spaiə	đường xoắn ốc
spirit	n	'spirit	tinh thần
spirited	a	'spiritid	đầy tinh thần, sinh động
spiritual	a	'spiritjuəl	tinh thần
spiritualist	n	'spiritjuəlist	người theo thuyết duy linh
spirituality	n	,spiritju'æliti	tính chất tinh thần
spiritually	d		tinh thần, linh hồn/tâm hồn
spit	n	spit	cái xiên
spite	n	spait	sự giận, sự không bằng lòng
spiteful	a	'spaitful	đầy hằn thù, hằn học
spitfire	n	'spitfaiə	người nóng tính, người đàn bà hay nổi cơ
spitter	n	'spitə	người xiên thịt nướng
spittle	n	'spitl	nước bọt
spitz	n	spits	chó pomeran spitz dog)
splash	n	splæʃ	sự bắn toé, lượng bắn toé
splashing	n		tiếng sóng vỗ
splat	n	splæt	ván lưng ghế
splatter	v	'splætə	kêu lộp độp
spleen	n	spli:n	lách, tỳ
splendid	a	'splendid	rực rỡ, tráng lệ
splendidly	d		rực rỡ, huy hoàng
splendor	n	'splendə	splendour
splendour	n	'splendə	sự chói lọi, sự rực rỡ
splice	n	splais	chỗ nối bện
splicing	n		sự nối, ghép nối
splint	n	splint	thanh nẹp
splinter	n	'splintə	mảnh vụn
split	a	split	nứt, nẻ
splitting	a		rất nhức
splurge	n	splə:dʤ	sự phô trương rầm rộ, sự loè người
spoil	n	spɔil	chiến lợi phẩm
spoiler	n	'spɔilə	người làm hư, người làm hỏng
spoils	n		hàng hoá ăn cắp được
spoilt	n	spɔil	chiến lợi phẩm
spoke	n	spouk	cái nan hoa
spoken	v	spi:k	nói
spokesman	n	'spouksmən	người phát ngôn
spokesperson	n		người nói hoặc được chọn để nói, người p
sponge	n	spʌndʤ	bọt biển
sponging	n	'spʌndʤiɳ	sự vớt bọt biển
spongy	a	'spʌndʤi	như bọt biển, mềm xốp
sponsor	n	'spɔnsə	cha đỡ đầu, mẹ đỡ đầu
sponsorship	n	'spɔnsəʃip	trách nhiệm của cha đỡ đầu, trách nhiệm
spontaneity	n	,spɔntə'ni:iti/ (spontaneousness) /spɔn'teinjəsnis	tính tự động, tính tự ý
spontaneous	a	spɔn'teinjəs	tự động, tự ý
spontaneously	d		tự động, tự ý
spoof	n	spu:f	sự lừa gạt, sự lừa phỉnh
spook	n	spu:k	ma quỷ
spooky	a	'spu:kiʃ/ (spooky) /'spu:ki	có ma quỷ, như ma quỷ
spool	n	spu:l	ống chỉ, ống cuộn
spoon	n	spu:n	cái thìa
spooner	n	'spu:nə	người nói ngọng
spoonful	n	'spu:nful	thìa
spoons	n	'spu:nz	tiền, xìn
sporadic	a	spə'rædik/ (sporadical) /spə'rædikəl	rời rạc, lác đác
spore	n	spɔ:	bào tử
sport	n	spɔ:t	thể thao
sporting	a	'spɔ:tiɳ	thể thao, thích thể thao
sportscaster	n		người bình luận thể thao trong chương tr
sportsman	n	'spɔ:tsmən	người thích thể thao, nhà thể thao
sportsmanship	n	'spɔ:tsmənʃip	tinh thần thể thao
sporty	a	'spɔ:ti	thể thao, có tính chất thể thao
spot	n	spɔt	dấu, đốm
spotless	a	'spɔtlis	không có đốm, không có vết
spotlight	n	'spɔtlait	đèn sân khấu
spots	n	spɔts	hàng bán trả tiền ngay
spotted	a	'spɔtid	lốm đốm, có đốm
spotter	n	'spɔtə	người chuyên phát hiện mục tiêu
spotting	n		sự định tâm
spotty	a	'spɔti	có đốm, lốm đốm
spousal	a		hôn nhân, vợ chồng
spouse	n	spauz	chồng, vợ
spout	n	spaut	vòi
spouting	n		sự phun
sprain	n	sprein	sự bong gân
sprang	n	spriɳ	sự nhảy, cái nhảy
sprawl	n	sprɔ:l	sự nằm dài ra, sự nằm ườn ra
spray	n	sprei	cành nhỏ
spraying	n		sụ phun
spread	n	spred	sự trải ra, sự căng ra
spreader	n	'spredə	người trải ra, người căng
spreading	n		sự lan rộng, dàn trải
spreadsheet	n		bảng tính
spree	n	spri:	cuộc vui chơi miệt mài, sự chè chén lu b
spring	n	spriɳ	sự nhảy, cái nhảy
springer	n	'spriɳə	người nhảy
springing	n		sự đàn hồi
springtime	n	'spriɳtaim	mùa xuân
sprinkle	n	'spriɳkl	sự rắc, sự rải
sprinkler	n	'spriɳklə	bình tưới nước
sprinkling	n	'spriɳkliɳ	sự rải, sự rắc
sprint	n	sprint	sự chạy nhanh, sự chạy nước rút
sprinter	n	'sprintə	người chạy nước rút
sprite	n	sprait	yêu tinh, ma quỷ
sprocket	n	'sprɔkit	răng đĩa xích, răng bánh xích
sprout	n	spraut	mần cây, chồi
sprouting	n		sự mọc mầm, đâm chồi
spruce	n	spru:s	cây vân sam
sprung	n	spriɳ	sự nhảy, cái nhảy
spry	a	sprai	nhanh nhẹn, hoạt bát
spud	n	spʌd	cái thuồng giãy cỏ
spun	a	spʌn	mệt lử
spunk	n	spʌɳk	sự gan dạ
spunky	a	'spʌɳki	gan dạ
spur	n	spə:	đinh thúc ngựa
spurious	a	'spjuəriəs	giả, giả mạo
spurn	n	spə:n	sự đá đi, sự hất đi
spurred	a		có cựa, được lắp cựa
spurt	n	spə:t	sự cố gắng nước rút, gắng sức
sputnik	n	'sputnik	vệ tinh nhân tạo
sputtering	a	'spʌtəriɳ	thổi phì phì, thổi phù phù
spy	n	spai	gián điệp, người do thám
sq	n		vuông
squab	a	skwɔb	người béo lùn
squabble	n	'skwɔbl	sự cãi nhau ầm ĩ, sự cãi vặt với nhau
squad	n	skwɔd	tổ, đội
squadron	n	'skwɔdrən	đội kỵ binh
squalid	a	skwɔlid	dơ dáy, bẩn thỉu
squall	n	skwɔ:l	cơn gió mạnh
squalor	n	skwɔ'liditi/ (squalidness) /'skwɔlidnis/ (squalor) /'skwɔlə	sự dơ dáy, sự bẩn thỉu
squander	v	'skwɔndə	phung phí, hoang phí
squandering	a	'skwɔndəriɳ	phung phí, hoang toàng
square	a	skweə	vuông
squarely	d	'skweəli	vuông vắn
squash	n	skwɔʃ	quả bí
squashing	n		sự ép, đè bẹp
squat	a	skwɔt	ngồi xổm, ngồi chồm chỗm
squatter	n	'skwɔtə	người ngổi xổm, người ngồi chồm chỗm
squaw	n	skwɔ:	người đàn bà da đỏ, vợ người da đỏ
squawk	n	skwɔ:k	tiếng kêu quác quác
squeak	n	skwi:k	tiếng rúc rích, tiếng chít chít
squeaky	a	'skwi:ki	chít chít
squeal	n	skwi:l	tiếng kêu ré lên, tiếng kêu the thé
squealer	n	'skwi:lə	người la hét
squeamish	a	'skwi:miʃ	hay buồn nôn
squeeze	n	skwi:z	sự ép, sự vắt
squeezing	n		sự ép, vắt
squelch	n	skweltʃ	sự giẫm bẹp, sự giẫm nát
squid	n	skwid	súng cối bắn tàu ngầm
squiggly	d		nguệch ngoạc
squint	a	skwint	lác
squire	n	'skwaiə	địa chủ, điền chủ
squirm	n	skwə:m	sự đi ngoằn ngoèo, sự bò ngoằn ngoèo
squirrel	n	'skwirəl	con sóc
squirt	n	skwə:t	ống tiêm
squish	n	skwiʃ	mứt cam
squishy	a		mềm, ướt át
sr	n		bà xơ, nữ tu sự
sri	n		từ bỏ tôn kính khi nói với người đàn ông
ss	n		các Thánh
st	n		Thánh
sta	n		nhà ga
stab	n	stæb	sự đâm bằng dao găm, vết thương đâm bằng
stabbing	a		rất nhói và đột ngột như bị dao đâm
stabilise	v	'steibilalz/ (stabilise) /'steibilalz	làm cho vững vàng, làm ổn định
stability	n	stə'biliti	sự vững vàng, sự vững chắc
stabilize	v	'steibilalz/ (stabilise) /'steibilalz	làm cho vững vàng, làm ổn định
stabilized	n		được ổn định
stabilizer	n	'steibilalzə	máy ổn định, bộ ổn định
stabilizing	n		sự tạo ổn định
stable	a	'steibl	vững vàng, ổn định
stack	n	stæk	cây rơm, đụn rơm
stacked	a		) đàn bà ngực nở
stadium	n	'steidjəm	sân vận động
staff	n	stɑ:f	gậy, ba toong
staffer	n		nhân viên cùng biên chế trong tờ báo
stag	n	stæg	hươu đực, nai đực
stage	n	steidʤ	bệ, dài
stagger	n	'stægə	sự lảo đảo, bước đi loạng choạng
staggered	a		so le, được đặt so le
staggering	a	'stægəriɳ	làm lảo đảo, làm loạng choạng
staging	n	'steidʤiɳ	sự đưa một vở kịch lên sân khấu
stagnant	a	'stægnənt	ứ đọng, tù hãm
stain	n	stein	sự biến màu, vết bẩn
staining	n		sự nhuộm màu, hãm màu
stainless	a	'steinlis	không vết dơ, trong trắng
stair	n	steə	bậc thang
staircase	n	'steəkeis	cầu thang
stairway	n	'steəwei	cầu thang
stairwell	n		phần của ngôi nhà nơi xây cầu thang, chỗ
stake	n	steik	cộc, cọc
stalag	n	'stælæg	trại giam, nhà tù
stale	a	steil	cũ, để đã lâu; ôi, chớm thối, chớm hỏng
stalemate	n	'steil'meit	thế bí
stalk	n	stɔ:k	thân, cuống
stalked	a	stɔ:kt	có thân, có cuống
stalker	n	'stɔ:kə	người đi oai vệ, người đi hiên ngang
stall	n	stɔ:l	chuồng, ngăn chuồng
stalling	n		sự dừng, sự kẹt
stallion	n	'stæljən	ngựa giống
stalwart	n	'stɔ:lwət	người vạm vỡ, người lực lưỡng
stamina	n	'stæminə	sức chịu đựng, khả năng chịu đựng
stammer	n	'stæmə	sự nói lắp
stamp	n	stæmp	tem
stamped	a		đã dán tem
stampede	n	stæm'pi:d	sự chạy tán loạn
stamper	n	'stæpmə	người đóng dấu vào tem
stance	n	stæns	thể đứng
stand	n	stænd	sự dừng lại, sự đứng lại
standard	n	'stændəd	cờ hiệu, cờ
standby	n		số nhiều standbys
standing	n	'stændiɳ	sự đứng, thế đứng
standish	n	'stændiʃ	giá để lọ mực
standpoint	n	'stændpɔint	quan điểm, lập trường
standstill	n	'stændstil	sự ngừng lại, sự đứng lại
stanhope	n	'stænəp	xe xtanôp
stank	n	stiɳk	mùi hôi thối
staph	n		xem staphyloccus
staple	n	'steipl	đinh kẹp, má kẹp
stapler	n	'steiplə	người xếp loại theo sợi
star	n	stɑ:	sao, ngôi sao
starboard	n	'sta:bəd	mạn phải
starch	n	'sta:tʃ	bột, tinh bột
starched	a	stɑ:tʃt/ (starchy) /'stɑ:tʃi	có hồ bột, hồ cứng
stardom	n	'stɑ:dəm	cương vị ngôi sao điện ảnh, cương vị ngô
stare	n	steə	sự nhìn chòng chọc, sự nhìn chằm chằm
starfish	n	'stɑ:fiʃ	sao biển
stargazer	n		cá sao Nhật
staring	a	'steəriɳ	nhìn chằm chằm
stark	a	stɑ:k	cứng đờ
starlet	n	'stɑ:lit	ngôi sao nhỏ
starlight	n	'stɑ:lait	ánh sáng sao
starling	n	'stɑ:liɳ	chim sáo đá
starred	a		đầy sao
starry	a	'stɑ:ri	có nhiều sao
start	n	stɑ:t	lúc bắt đầu, buổi đầu
starter	n	'stɑ:tlə	người ra lệnh xuất phát
starting	n	'stɑ:tliɳ	sự giật mình
startle	n	'stɑ:tl	sự giật mình, cái giật mình
startling	a	'stɑ:tliɳ	làm giật mình, làm hoảng hốt
startup	n		khởi động, ban đầu
starvation	n	stɑ:'veiʃn	sự đói, sự thiếu ăn
starve	v	stɑ:v	chết đói
stash	v	stæʃ	cất giấu, giấu giếm
stasis	n	'steisis	sự ứ
state	n	steit	trạng thái, tình trạng
stated	a	'steitid	đã định
stately	a	'steitli	oai vệ, oai nghiêm
statement	n	'steitmənt	sự bày tỏ, sự trình bày
stateroom	n		phòng khánh tiết
stateside	a	'steitsaid	của Mỹ, ở Mỹ
statesman	n	'steitsmən	chính khách
statesmen	n		chính khách
statewide	a	'steitwaid	khắp nước
static	a	'stætiks/ (statical) /'stætiksəl	tĩnh, tĩnh học
station	n	'steiʃn	trạm, điểm
stationary	a	'steiʃnəri	đứng ở một chỗ, không di chuyển
stationery	n	'steiʃnəri	đồ dùng văn phòng
stationmaster	n		trưởng ga
statistic	a	stə'tistik/ (statistical) /stə'tistikəl	thống kê
statistical	a	stə'tistik/ (statistical) /stə'tistikəl	thống kê
statistically	d		thống kê, được trình bày bằng thống kê
statistics	n	stə'tistiks	thống kê
statue	n	'stætju:	tượng
statuette	n	,stætju'et	tượng nhỏ
stature	n	'stætʃə	vóc người
status	n	'steitəs	địa vị, thân phận
statute	n	'stætju:t	đạo luật
statutory	a	'stætjutəri/ (statutable) /'stætjutəbl	luật, do luật pháp quy định
staunch	v	stɑ:ntʃ/ (staunch) /stɔ:ntʃ	cầm lại, làm cầm máu lại
stave	n	steiv	miếng ván cong
stay	n	stei	dây néo
staying	n		sự chống đỡ, chằng
std	n		hệ thống điện thoại gọi đường dài cho ng
stead	n	sted	to stand someone in good stead có ích ch
steadfast	a	'stedfəst	kiên định, không dao động
steadily	d		vững, vững chắc
steady	a	'stedi	vững, vững chắc
steak	n	steik	miếng cá để nướng, miếng thịt để nướng
steal	v	sti:l	ăn cắp, ăn trộm
stealer	n	'sti:lə	kẻ cắp, kẻ trộm
stealing	n	'sti:liɳ	sự căn cắp, sự ăn trộm
stealth	n	stelθ	by stealth giấu giếm, lén lút
stealthily	d		lén lút, vụn trộm
stealthy	a	'stelθi	giấu giếm, lén lút
steam	n	sti:m	hơi nước
steamboat	n	'sti:mbout/ (steamship) /'sti:mʃip	tàu chạy bằng hơi nước
steamer	n	'sti:mə	tàu chạy bằng hơi nước
steamship	n	'sti:mbout/ (steamship) /'sti:mʃip	tàu chạy bằng hơi nước
steamy	a	'sti:mi	như hơi
steed	n	sti:d	ngựa, chiến mã
steel	n	sti:l	thép
steely	a	'sti:li	làm bằng thép
steep	a	sti:p	dốc
steeper	n	'sti:pl	thùng ngâm
steeple	n	'sti:pl	gác chuông, tháp chuông
steer	v	stiə	lái
steerage	n	'stiəridʤ	sự chịu lái
steering	n		thiết bị lái
stein	n	stain	ca uống bia
stellar	a	'stelə	sao, tinh tú
stem	n	stem	thân, cuống
stemming	n		sự nhồi đầy, nhét đầy
sten	n	sten	súng xten, súng tiểu liên sten gun)
stench	n	'stentʃ	mùi hôi thối
stencil	n	'stensl	khuôn tô stencil plate)
stenographer	n	ste'nɔgrəfə/ (stenographist) /ste'nɔgrəfist	người viết tốc ký
step	n	step	bước, bước đi
stepbrother	n	'step,brʌ:ðə	anh cùng cha khác mẹ, anh cùng mẹ khác c
stepdaughter	n	'step,də:tə	con gái riêng
stepfather	n	'step,fɑ:ðə	bố dượng
stepmother	n	'step,mʌdə	người mẹ cay nghiệt, người mẹ ghẻ lạnh
steppe	n	step	thảo nguyên
stepped	a	stept	có bậc
stepping	n		sự làm thành bậc, thành nấc
stepsister	n	'step,sistə	chị cùng cha khác mẹ, chị cùng mẹ khác c
stepson	n	'stepsʌn	con trai riêng
stereo	n	'stiəriou	bản in đúc
stereotype	n	'stiəri'ɔskəpi	bản in đúc
Stereotypes	n		Các định kiến.
stereotypical	a		khuôn in đúc nổi, bản in đúc nổi
sterile	a	'sterail	cằn cỗi, khô cằn
sterility	n	ste'riliti	sự cằn cỗi
sterilization	n	,sterilai'zeiʃn	sự khử trùng, sự làm tiệt trùng
sterilize	v	'sterilaiz	làm tiệt trùng, khử trùng
sterling	a	'stə:liɳ	thật, đúng tuổi
stern	a	stə:n	nghiêm nghị, nghiêm khắc
sternum	n	'stə:nəm	xương ức
steroid	n		xteoit
stethoscope	n	'steθəskoup	ống nghe
stetson	n	'stetsən	mũ xtetxon, mũ vành to
stew	n	stju:	nhà thổ the stews)
steward	n	'stjuəd	người quản lý, quản gia
stewardess	n	'stjuədis	cô làm phòng, cô phục vụ
stewed	a	stju:d	hầm nhừ, ninh nhừ
stewing	n		sự ninh, hầm
stick	n	stick	cái gậy
sticker	n	'stikə	người chọc, dao chọc
sticking	n		sự kẹt, móc
stickler	n	'stiklə	người chặt chẽ, người quá khắt khe
stickup	n		sự ăn cướp
sticky	a	'stiki	dính, sánh
stiff	a	stif	cứng, cứng đơ
stiffen	v	'stifn	làm cứng, làm cứng thêm
stiffness	n	'stifnis	sự cứng đờ, sự cứng nhắc
stifle	v	'staifl	smother
stifled	a	'staifld	bị đau khuỷu chân sau
stifling	a	'staifliɳ	ngột ngạt, khó thở
stigma	n	'stigmə	vết nhơ, điều sỉ nhục
stiletto	n	sti'letou	dao găm nhỏ
still	a	stil	im, yên, tĩnh mịch
stillborn	a		chết khi đẻ ra, chết non
stillman	n		người làm việc ở xưởng cất rượu
stillness	n	'stilnis	sự yên lặng, sự yên tĩnh
stilton	n	'stiltn	phó mát xtintơn stilton cheese)
stimulant	a	'stimjulənt	kích thích
stimulate	v	'stimjuleit	kích thích, khuyến khích
stimulating	a	'stimjuleitiɳ	kích thích, khuyến khích
stimulation	n	,stimju'leiʃn	sự kích thích, sự khuyến khích
stimuli	n	'stimjuləs	sự kích thích, tác dụng kích khích
stimulus	n	'stimjuləs	sự kích thích, tác dụng kích khích
sting	n	stiɳ	ngòi, vòi
stinger	n	'stiɳə	người châm, người chích
stinging	a		có ngòi, có châm
stingy	a	'stindʤi	keo kiệt, bủn xỉn
stink	n	stiɳk	mùi hôi thối
stinker	n	'stiɳkə	người hôi, con vật hôi
stinking	a	'stiɳkin	thối tha, hôi hám
stint	n	stint	sự hạn chế cung cấp, sự hạn chế cố gắng
stipe	n	staip	cuống, chân
stipend	a	'staipend	lương, tiền thù lao thường kỳ
stipulate	v	'stipjuleit	quy định, đặt điều kiện
stipulated	a		như được quy định
stipulation	n	,stipju'leiʃn	sự quy định, điều quy định
stir	n	stə:	nhà tù, trại giam
stirring	a	'stə:riɳ	sôi nổi
stirrup	n	'stirəp	bàn đạp
stitch	n	stitʃ	mẫu khâu, mũi đan
stitched	a		được khâu lại
stitching	n		đường khâu, mũi khâu
stock	n	stɔk	kho dữ trữ, kho
stockade	n	stɔ'keid	hàng rào bằng cọc
stockbroker	n	'stɔk,broukə	người mua bán cổ phần chứng khoán
stockholder	n		cổ đông
stocking	n	'stɔkiɳ	bít tất dài
stockman	n	'stɔkmən	người chăn giữ súc vật
stockpile	n	'stɔkpail	kho dữ trữ
stockpiling	n	'stɔk,pailiɳ	sự dự trữ
stockroom	n	'stɔkrum	buồng kho
Stocks	n		Dự trữ.
stocky	a	'stɔki	bè bè chắc nịch
stoic	n	stouik	người theo phái khắc kỷ
stoke	v	stouk	đốt, đốt lò của
stoker	n	'stoukə	người đốt lò
stole	n	stoul	khăn choàng
stolen	v	sti:l	ăn cắp, ăn trộm
stomach	n	'stʌmək	dạy dày
stomachache	n		sự đau bụng, sự đau trong ruột
stomp	v		di chuyển với những bước nặng nề, dậm mạ
stone	n	stoun	đá
stoned	a	stound	cỏ rải đá, lát đá
stonewall	v	'stoun'wɔ:l	đánh chặn
stonewalling	n	'stoun'wɔ:liɳ	sự đánh chặn
stony	a	'stouni	phủ đá, đầy đá
stood	n	stænd	sự dừng lại, sự đứng lại
stooge	n	'stu:dʤ	kiếm
stool	n	stu:l	ghế đẩu
stoop	n	stu:p	stoup
stop	n	stɔp	sự ngừng lại, sư dừng
stopover	n		sự dừng lại trong một chuyến đi
stopper	n	'stɔpə	người làm ngừng, người chặn lại
stopping	n		sự trám răng, chất trám răng
storage	n	'stɔ:ridʤ	sự xếp vào kho
store	n	stɔ:	sự có nhiều, sự dồi dào
stored	a		được tích trữ, bảo quản
storefront	n		mặt trước cửa hàng
storehouse	n	'stɔ:haus	kho, vựa
storekeeper	n	'stɔ:,ki:pə	chủ cửa hàng, chủ tiệm
storeroom	n		buồng kho, kho thực phẩm
storey	n	'stɔ:ri	tầng, tầng gác
storing	n		sự cất giữ vào kho
stork	n	stɔ:k	con cò
storm	n	stɔ:m	dông tố, cơn bão
storming	n		cuộc đột kích
stormy	a	'stɔ:mi	mãnh liệt như bão tố
story	n	'stɔ:ri	chuyện, câu chuyện
stout	a	stout	chắc, bền
stove	n	stouv	cái lò
stow	v	stou	xếp gọn ghẽ
stowaway	n	'stouəwei	người đi tàu thuỷ lậu vé
str	n		eo biển
straddle	n	'strædl	sự đứng giạng chân
stradivarius	n	,strædi'vɑ:riəs/ (Strad) /stræd	Viôlông xtrat
straight	a	streit	thẳng
straightaway	a	'streitəwei	thẳng, thẳng tắp
straighten	v	'streitn	làm cho thẳng
straightening	n		sự nắn thẳng
straightforward	a	'streit'fɔ:wəd	thành thật, thẳng thắn
strain	n	strein	sự căng, sự căng thẳng
strained	a	streind	căng thẳng
straining	n		sự biến dạng, miệt mỏi
strait	a	streit	hẹp, chật hẹp
straitjacket	v	'streit'dʤækit	trói tay trói chân
strand	n	strænd	; bờ
stranded	a	'strændid	bị mắc cạn
strange	a	streindʤ	lạ, xa lạ, không quen biết
strangely	d	'streindʤli	lạ lùng
strangeness	n	'streindʤnis	tính lạ, tính xa lạ
stranger	n	'streindʤə	người lạ mặt, người xa lạ
strangle	v	'stræɳgl	bóp cổ, bóp họng
stranglehold	n	'stræɳglhould	thòng lọng
strangler	n		người bóp cổ giết ai
strangulation	n	,stræɳgju'leiʃn	sự cặp, sự kẹp
strap	n	stræp	dây, đai da
strapless	a	'stræplis	không có dây buộc
strapped	a		kẹt, không có đủ
strapping	n	'stræpiɳ	sự buộc bằng dây da
strata	n	'strɑ:təm	địa tầng, vỉa
stratagem	n	'strætidʤdəm	mưu, mưu mẹo
strategic	a	strə'ti:dʤik/ (strategical) /strə'ti:dʤikəl	chiến lược
strategically	d		chiến lược, là bộ phận của một kế hoạch
strategist	n	strætidʤist	nhà chiến lược
strategy	n	'strætidʤi	chiến lược
stratosphere	n	'strætousfiə	tầng bình lưu
straw	n	strɔ:	rơm
strawberry	n	'strɔ:bəri	quả dâu tây
stray	a	strei	lạc, bị lạc
streak	n	stri:k	đường sọc, vệt
streaking	n		sự cấy thành vạch
stream	n	stri:m	dòng suối, dòng sông nhỏ
streaming	n		sự xếp học sinh vào các lớp theo năng lự
streamline	n	'stri:mlain	dòng nước, luồng không khí
streamlined	a	'stri:mlaind	có dáng thuôn, có dáng khí động
street	n	stri:t	phố, đường phố
streetcar	n	'stri:tkɑ:	xe điện tram, tram-car)
strength	n	'streɳθ	sức mạnh, sức lực
strengthen	v	'streɳθən	làm cho mạnh, làm cho vững
strengthened	n		được tăng cường, được gia cố
strengthening	n		sự làm cho mạnh, làm cho vững
strenuous	a	'strenjuəs	hăm hở, tích cực
strep	n		xem streptococcus
stress	n	stres	sự nhấn mạnh
stressful	a		gây ra căng thẳng
stretch	n	stretʃ	sự căng ra, sự duỗi ra
stretched	a		bị kéo, bị căng
stretcher	n	'stretʃə	người căng, người kéo
stretching	n		sự kéo căng, giãn dài
stretchy	a	'stretʃi	căng
strewn	v	stru:	rải, rắc
stricken	v	straik	đánh, đập
strict	a	strikt	chính xác, đúng
strictly	d		một cách nghiêm khắc, hoàn toàn
stride	n	straid	bước dài
strife	n	straif	sự xung đột
strike	v	straik	đánh, đập
striker	n	'staikə	người phụ thợ rèn
Strikes	n		Các cuộc đình công.
striking	a	'straikiɳ	nổi bật, gây ấn tượng sâu sắc
strikingly	d		nổi bật, đập vào mắt
string	n	striɳ	dây, băng
stringent	a	'stridʤənt	chính xác, nghiêm ngặt
stringer	n	'striɳə	người lên dây đàn
stringing	n		sự chằng buộc, ghép thành chuỗi
stringy	a	'striɳi	có thớ, có sợi
strip	n	strip	mảnh, dải
stripe	n	straip	sọc, vằn
striped	a	'straipt	có sọc, có vằn
stripped	a		trần trụi, trơ
stripper	n	'stripə	người tước cọng thuốc lá, máy tước cọng
stripping	n		sự cởi quần áo, bóc trần
striptease	n		điệu múa thoát y, thoát y vũ
strive	v	straiv	cố gắng, phấn đấu
strobe	n		ánh sáng nhấp nháy
strode	n	straid	bước dài
stroganoff	n		món thịt bê nấu với nước xốt kem chua
stroke	n	strouk	cú, cú đánh, đòn
stroll	n	stroul	sự đi dạo, sự đi tản bộ
stroller	n	'stroulə	người đi dạo, người đi tản bộ
strolling	a		đi dạo, đi tản bộ
strong	a	strɔɳ	bền, vững
stronghold	n	'strɔɳhould	đồn, đồn luỹ
struck	v	straik	đánh, đập
structural	a	'strʌktʃərəl	kết cấu, cấu trúc
structurally	d		xem structural
structure	n	'strʌktʃə	kết cấu, cấu trúc
strudel	n		bánh ngọt làm bằng trái cây tẩm đường cu
struggle	n	'strʌgl	sự đấu tranh, cuộc đấu tranh
struggling	a	'strʌgliɳ	vật lộn, đấu tranh
strum	n	strʌm	tiếng bập bung
strumpet	n	'strʌmpit	gái điếm, đĩ
strung	n	striɳ	dây, băng
strut	n	strʌt	dáng đi khệnh khạng
strychnine	n	'strikni:n	dược Stricnin
stub	n	stʌb	gốc
stubbed	a		có nhiều ngạnh, mấu
stubble	n	'stʌbl	gốc rạ
stubborn	a	'stʌbən	bướng bỉnh, ương bướng
stubbornly	d		bướng bỉnh, ương ngạnh
stubbornness	n	'stʌbənis	tính bướng bỉnh, tính ương bướng
stubby	a	'stʌbi	có nhiều gốc cây
stuck	n	stick	cái gậy
stud	n	stʌd	lứa ngựa nuôi
student	n	'stju:dənt	học sinh đại học, sinh viên
studied	a	'stʌdid	cẩn trọng, có suy nghĩ
studio	n	'stju:diou	xưởng vẽ, xưởng điêu khắc...
studious	a	'stju:djəs	chăm học, siêng học
study	n	'stʌdi	sự học tập, sự nghiên cứu
stuff	n	stʌf	chất, chất liệu
stuffing	n	'stʌfiɳ	sự nhồi
stuffy	a	'stʌfi	thiếu không khí, ngột ngạt
stumble	n	'stʌmbl	sự vấp, sự sẩy chân
stump	n	stʌmp	gốc cây
stumpy	a	'stʌmpi	lùn mập, bè bè
stun	v	stʌn	làm choáng váng, làm bất tỉnh nhân sự
stung	n	stiɳ	ngòi, vòi
stunk	n	stiɳk	mùi hôi thối
stunner	n	'stʌnə	người cừ khôi, người rất thú vị
stunning	a	'stʌniɳ	làm choáng váng, làm bất tỉnh nhân sự
stunningly	d		xem stunning
stunt	n	stʌnt	sự làm cằn cỗi, sự làm còi cọc
stunted	a		bị ức chế sinh trưởng, kìm hãm
stuntman	n		người đóng thay diễn viên trong một bộ p
stupendous	a	stju:'pendəs	lạ lùng, kỳ diệu
stupid	a	'stju:pid	ngu dại, ngu đần
stupidity	n	stju:'piditi	sự ngu dại, sự ngu đần
stupidly	d		xem stupid
stupor	n	'stju:pə	trạng thái sững sờ
sturdy	a	'stə:di	khoẻ mạnh, cứng cáp
sturgeon	n	'stə:dʤən	cá tầm
stutter	n	'stʌtə	sự nó lắp
stuttering	a	'stʌtəriɳ	lắp bắp
sty	n	stai	cái chắp stye)
style	n	stail	cột đồng hồ mặt trời
styling	n		cách tạo dáng, kiểu của cái gì
stylish	a	'stailiʃ	bảnh bao, diện
stylist	n	'stailist	người viết chú ý về văn phong, người chú
styx	n	stiks	sông mê
suave	a	swɑ:v	dịu ngọt, thơm dịu
sub	n	sʌb	người cấp dưới
subatomic	a	'sʌbə'tɔmik	hạ nguyên tử
subbing	n		lớp galatin mỏng trên phim ảnh
subclavian	a	'sʌb'kleiviən/ (subclavicular) /'sʌbklə'vikjulə	dưới xương đòn
subcommittee	n		phân ban, tiểu ban
subconscious	a	'sʌb'kɔnʃəs	tiềm thức
subconsciously	d		tiềm thức
subcutaneous	a	'sʌbkju:'teinjəs	dưới da
subdivision	n	'sʌbdi,viʤn	sự chia nhỏ ra, phần chia nhỏ ra
subdue	v	səb'dju:	chinh phục, khuất phục
subdued	a		dịu, khẽ
subject	n	'sʌbdʤikt	chủ đề, vấn đề
subjective	a	səb'dʤektiv	chủ quan
subjugate	v	'sʌbdʤugeit	chinh phục, khuất phục
sublet	v	'sʌb'let	cho thuê lại, cho thầu lại
sublime	a	sə'blaim	hùng vĩ, uy nghi
subliminal	a	sʌb'liminl	tiềm thức
submarine	a	'sʌbməri:n	dưới biển, ngầm
submerge	v	səb'mə:dʤ	dìm xuống nước, nhận chìm xuống nước
submerged	a		chìm, ngập
submersible	a	səb'mə:səbl	có thể nhận chìm được
submission	n	səb'miʃn	sự trình, sự đệ trình
submissive	a	səb'misiv	dễ phục tùng, dễ quy phục
submit	v	səb'mit	to submit oneself to... chịu phục tùng..
subordinate	a	sə'bɔ:dnit	phụ, phụ thuộc
subpoena	n	səb'pi:nə	trát đòi hầu toà
subscribe	v		ký vào bên dưới một văn kiện
subscriber	n	səb'skraibə	người góp
subscription	n	səb'skripʃn	sự quyên góp, số tiền quyên góp
subsection	n		tiểu khu
subsequent	a	'sʌbsikwənt	đến sau, theo sau
subsequently	d	'sʌbsikwəntli	rồi thì, rồi sau đó
subservient	a	səb'sə:vjənt	có ích, giúp ích
subside	v	səb'said	rút xuống, rút bớt
subsidiary	a	səb'saidəns	phụ, trợ
subsidize	v	'sʌbsidaiz	trợ cấp, phụ cấp
subsidy	n	'sʌbsidi	tiền cấp
subspace	n		không gian con
substance	n	'sʌbstəns	chất, vật chất
substandard	a		dưới tiêu chuẩn thông thường hoặc cần th
substantial	a	səb'stænʃəl	thật, có thật
substantially	d	səb'stænʃəli	về thực chất, về căn bản
substantiate	v	səb'stænʃieit	chứng minh
substation	n	'sʌb'steiʃn	ga xép
substitute	n	'sʌbstitju:t	người thay thế, vật thay thế
substitution	n	,sʌbsti'tju:ʃn	sự thế, sự thay thế
subterfuge	n	'sʌbtəfju:dʤ	sự lẩn tránh
subterranean	a	,sʌbtə'reinjəs/ (subterranean) /,sʌbtə'reinjən	ở dưới mặt đất
subtitle	n	'sʌb,taitl	tiểu đề
subtle	a	'sʌtl	phảng phất
subtlety	n	'sʌtlti/ (subtilty) /'sʌtlti	tính phảng phất
subtly	d		xem subtle
subtract	v	səb'trækt	trừ
suburb	n	'sʌbə:b	ngoại ô
suburban	a	sə'bə:bən	ngoại ô
suburbia	n	sə'bə:biə	xuốm Luân đôn)
subversion	n	sʌb'və:ʃn	sự lật đổ, sự đánh đổ
subversive	a	sʌb'və:siv	có tính chất lật đổ, có tính chất phá vỡ
subvert	v	sʌb'və:t	lật đổ, phá vỡ
subway	n	'sʌbwei	đường ngầm, hầm ngầm
succeed	v	sək'si:d	kế tiếp, tiếp theo
success	n	sək'ses	sự thành công, sự thắng lợi
successful	a	sək'sesful	có kết quả, thành công
successfully	d		có kết quả, thành công
succession	n	sək'seʃn	sự kế tiếp, sự liên tiếp
successive	a	sək'sesiv	kế tiếp, liên tiếp
successor	n	sək'sesə	người nối nghiệp, người nối ngôi
succubus	n	'sʌkjubəs/ (succuba) /'sʌkjubə	nữ yêu quái
succulent	a	'sʌkjulənt	ngon, bổ
succumb	v	sə'kʌm	thua, không chịu nổi
such	a	sʌtʃ	như thế, như vậy
suck	n	sʌk	sự mút, sự bú
sucker	n	'sʌkə	người mút, người hút
sucking	a	'sʌkiɳ	còn bú
suckle	v	'sʌkl	cho bú, nuôi nấng
suckling	n	'sʌkliɳ	sự cho bú
suction	n	'sʌkʃn	sự mút, sự hút
sudanese	a	,su:də'ni:z	Xu-đăng
sudden	a	'sʌdn	thình lình, đột ngột
suddenly	d		xem sudden
suds	n	sʌdz	nước xà phòng, bọt nước xà phòng
sue	v	sju:	kiện
suede	n		Cách viết khác : suède
suffer	v	'sʌfə	chịu, bị
sufferer	n	'sʌfərə	người cam chịu, người chịu đựng
suffering	n	'sʌfəriɳ	sự đau đớn, sự đau khổ
suffice	v	sə'fais	đủ, đủ để
sufficient	a	sə'fiʃənt	đủ
sufficiently	d		đủ, thích đáng
suffocate	v	'sʌfəkeit	bóp chết, bóp nghẹt
suffocating	a	'sʌfəkeikiɳ	nghẹt thở, ngột ngạt
suffocation	n	,sɳfə'keiʃn	sự nghẹt thở
suffrage	n	'sʌfridʤ	sự bỏ phiếu, sự bỏ phiếu tán thành
suffragette	n	,sʌfrə'dʤet	phụ nữ đòi quyền bầu cử
sufi	n	'su:fi	ông đồng, cô hồn
sugar	n	'ʃugə	đường
sugarplum	n	'ʃugəplʌm	kẹo bi
sugary	a	'ʃugəri	có đường, ngọt
suggest	v	sə'dʤest	gợi, làm nảy ra trong trí
suggestion	n	sə'dʤestʃn	sự gợi ý
suggestive	a	sə'dʤestiv	gợi ý, có tính chất gợi ý
sui	n		Nhà Tuỳ
suicidal	a	sjui'said	tự tử, tự vẫn
suicide	n	'sjuisaid	sự tự tử, sự tự vẫn
suit	n	sju:t	bộ com lê, bộ quần áo
suitable	a	'sju:təbl	hợp, phù hợp
suitably	d		hợp, phù hợp
suitcase	n	'sju:tkeis	cái va li
suite	n	swi:t	dãy, bộ
suited	a		hợp, phù hợp
suiting	n	'sju:tiɳ	vải may com lê
suitor	n	'sju:tə	người cầu hôn
sulfate	n		Sunfat, muối của axit xunfuric
sulfur	n		lưu hùynh, nguyên tố kim loại màu vàng n
sulfuric	n		xunfuric, chứa lưu hùynh hoá trị cao
sulk	n	sʌlk	số nhiều) sự hờn dỗi
sulky	a	'sʌlki	hay hờn dỗi, sưng sỉa
sullen	a	'sʌlən	buồn rầu, ủ rũ
sullied	a		ô nhục, bẩn thỉu
sully	v	'sʌli	làm dơ, làm bẩn
sulphur	n	'sʌlfə	lưu huỳnh
sultan	n	'sʌltən	vua, vua Thổ nhĩ kỳ
sultana	n	'sʌltən	hoàng hậu, thái hậu
sultry	a	'sʌltri	oi bức, ngột ngạt
sulu	n		người xulu
sum	n	sʌm	tổng số, tổng
sumerian	a		thuộc xume, người xume
summarize	v	'sʌməraiz/ (summarise) /'sʌməraiz	tóm tắt, tổng kết
summary	a	'sʌməri	tóm tắt, sơ lược
summat	n		đại danh từ
summation	n	sʌ'meiʃn	sự tổng, phép tổng
summer	n	'sʌmə	cái rầm summer-tree)
summertime	n	'sʌmətaim/ (summer-time) /'sʌmətaim	time)
summing	n		tổng, phép cộng
summit	n	'sʌmit	đỉnh, chỏm
summon	v	'sʌmən	gọi đến, mời đến
summons	n	'sʌmən	sự gọi đến, sự triệu đến
sumo	n		môn vật sumô
sump	n	sʌmp	hầm chứa phân, hố nước rác
sumptuous	a	'sʌmptjuəs	xa hoa, xa xỉ
sun	n	sʌn	mặt trời, vừng thái dương
sunbathe	v		tắm nắng
sunbeam	n	'sʌnbi:m	tia nắng
sunblock	n		thuốc chống ăn nắng
sunburn	n	'sʌnbə:n	sự rám nắng, sự sạm nắng
sunburned	a		bị cháy nắng
sunburst	n	'sʌnbə:st	ánh mặt trời loé sáng
sundae	n	'sʌndei	kem mứt
sunday	n	'sʌndi	ngày chủ nhật
sunder	v	'sʌndə	phân ra, tách ra
sundial	n		đồng hồ mặt trời
sundown	n	'sʌndaun	lúc mặt trời lặn
sundry	a	'sʌndri	lặt vặt, tạp nhạp
sunflower	n	'sʌn,flauə	cây hướng dương
sung	v	siɳ	hát, ca hát
sunglasses	n		kính mát, kính râm
sunk	n	siɳk	thùng rửa bát, chậu rửa bát
sunken	a	'sʌɳkən	bị chìm
sunlight	n	'sʌnlait	ánh sáng mặt trời
sunni	n		chi nhánh xuni
sunny	a	'sʌni	nắng, có nhiều ánh nắng
sunrise	n	'sʌnraiz	lúc mặt trời mọc, bình minh
sunset	n	'sʌnset	lúc mặt trời lặn
sunshine	n	'sʌnʃain	ánh sáng mặt trời, ánh nắng
sunstroke	n	'sʌnstrouk	sự say nắng
suntan	n		sự rám nắng
sup	n	sʌp	hụm, ngụm
super	a	'sju:pə	thượng hảo hạng
superb	a	sju:'pə:b	nguy nga, tráng lệ
supercomputer	n		siêu máy tính
superficial	a	,sju:pə'fiʃəl	ở bề mặt
superfluous	a	sju:'pə:fluəs	thừa, không cần thiết
superglue	n		keo thượng thặng
superhuman	a	,sju:pə'hju:mən	quá sức người, phi thường
superintendent	n	,sju:prin'tendənt	người giám thị, người trông nom
superior	a	sju:'piəriə	cao, cao cấp
superiority	n	sju:,piəri'ɔriti	sự cao hơn
superman	n	'sju:pəmæn	siêu nhân
supermarket	n	'sju:pə'mɑ:kit	cửa hàng tự động lớn
supernatural	a	,sju:pə'nætʃrəl	siêu tự nhiên
supernova	n		siêu tân tinh, sao băng
superpower	n		siêu cường
supersonic	n	'sju:pə'sɔnik	máy bay vượt âm
superstar	n		siêu sao
superstition	n	,sju:pə'stiʃn	sự mê tín
superstitious	a	,sju:pə'stiʃəs	mê tín
supervise	v	'sju:pəvaiz	giám sát
supervision	n	,sju:pə'viʤn	sự trông nom, sự giám sát
supervisor	n	'sju:pəvaizə	người giám sát
supervisory	a	,sju:pə'vaizəri	giám sát
supper	n	'sʌpə	bữa cơm tối
supple	a	'sʌpl	mềm, dễ uốn
supplement	n	'sʌplimənt	phần bổ sung, phần phụ thêm
supplemental	a	,sʌpli'mentl/ (supplementary) /,sʌpli'mentəri	bổ sung, phụ thêm vào
supplementary	a	,sʌpli'mentl/ (supplementary) /,sʌpli'mentəri	bổ sung, phụ thêm vào
supplier	n	sə'plaiə	người cung cấp, người tiếp tế
supply	n	sə'plai	sự cung cấp, sự tiếp tế
support	n	sə'pɔ:t	sự ủng hộ
supporter	n	sə'pɔ:tə	vật chống đỡ
supporting	a	sə'pɔ:tiɳ	chống, đỡ
supportive	a		đem lại sự giúp đỡ, khuyến khích
suppose	v	sə'pouz	giả sử, giả thiết
supposed	a	sə'pouzd	cho là nó có, coi như là đúng
supposedly	d	sə'pouzidli	cho là, giả sử là
supposing	n		liên từ
supposition	n	,sʌpə'ziʃn	sự giải thiết, sự giả định
suppository	n	sə'pɔzitəri	thuốc đạn
suppress	v	sə'pres	chặn, triệt
suppression	n	sə'preʃn	sự chặn, sự triệt
supremacy	n	sju'preməsi	quyền tối cao
supreme	a	sju:'pri:m	tối cao
supremely	d		một cách cao nhất, vô cùng
sura	n	'suərə	thiên Xu-ra
sure	a	ʃuə	chắc, chắc chắn
surefire	a		chắc chắn thành công, có kết quả
surely	d	'ʃuəli	chắc chắn
surety	n	'ʃuəti	người bảo đảm
surf	n	sə:f	sóng nhào
surface	n	'sə:fis	mặt, mặt ngoài bề mặt
surfaced	a	'sə:fist	ở trên mặt, ở ngoài mặt
surfacing	n		sự đẽo gọt bề mặt
surfboard	n		ván lướt sóng
surfing	n		môn lướt sóng
surge	n	sə:dʤ	sóng, sóng cồn
surgeon	n	'sə:dʤən	nhà phẫu thuật, bác sĩ phẫu thuật
surgery	n	'sə:dʤəri	khoa phẫu thuật
surgical	a	'sə:dʤikəl	phẫu thuật, mổ
surgically	d		phẫu thuật, mổ
surly	a	'sə:li	cáu kỉnh, gắt gỏng
surmise	n	sə:'maiz	sự phỏng đoán, sự ức đoán
surname	n	'sə:neim	tên họ, họ
surpass	v	sə:'pɑ:s	hơn, vượt
surplus	n	'sə:pləs	số dư, số thừa
surprise	n	sə'praiz	sự ngạc nhiên
surprised	a		ngạc nhiên
surprising	a	sə'praiziɳ	làm ngạc nhiên, làm kinh ngạc
surprisingly	d		làm ngạc nhiên, làm kinh ngạc
surreal	a		không giống thực tế
surrealism	n	sə'riəlizm/ (superrealism) /,sju:pə'riəlizm	chủ nghĩa siêu hiện thực
surrealist	a	sə'riəlist	siêu hiện thực
surrender	n	sə'rendə	sự đầu hàng
surrey	n	'sʌri	xe ngựa hai chỗ ngồi
surrogate	n	'sʌrəgit	người đại diện giám mục
surround	n	sə'raund	tấm quanh thảm
surrounding	a	sə'raundiɳ	bao quanh, vây quanh
surroundings	n	sə'raundiɳz	vùng phụ cận, vùng xung quanh
surveillance	n	sə:'veiləns	sự giám sát
survey	n	'sə:vei	sự nhìn chung, cái nhìn tổng quát
surveying	n		sự đo vẽ
surveyor	n	sə:'veiə	viên thanh tra, người kiểm sát
survival	n	sə'vaivəl	sự sống sót
survive	v	sə'vaivə	sống lâu hơn
survivor	n	sə'vaivə	người sống sót
sus	n		sự tình nghi, người bị tình ngờ
susceptible	a		dễ bị, dễ mắc
susi	n	'su:si	vải sọc
suspect	a	'sʌspekt	đáng ngờ, khả nghi
suspend	v	səs'pend	treo lơ lửng
suspended	a		lơ lửng, huyền phù
suspense	n	səs'pens	tình trạng chờ đợi, tình trạng hồi hộp
suspension	n	səs'penʃn	sự treo
suspicion	n	səs'piʃn	sự ngờ, sự nghi ngờ
suspicious	a	səs'piʃəs	đáng ngờ, khả nghi
suspiciously	d		có sự nghi ngờ, tỏ ra có sự nghi ngờ
suss	n		sự tình nghi, người bị tình ngờ
sustain	v	səs'tein	chống đỡ
sustainable	a	səs'teinəbl	có thể chống đỡ được
sustained	a		được duy trì liên tục
sustaining	n		sự chống đỡ
sustenance	n	'sʌstinəns	chất bổ, thức ăn
susu	n		người xuxu
sutra	n	'su:trə	kinh
suture	n	'sju:tʃə	đường nối, đường ráp
swab	n	swɔb/ (swob) /swɔb	giẻ lau sàn
swag	n	swæg	của ăn cắp, của ăn cướp
swagger	n	'swægə	dáng điệu nghênh ngang, thái độ nghênh n
swahili	n		người nói tiếng Bantu ở Đông Phi
swain	n	swein	anh thanh niên nông thôn cục mịch
swallow	n	'swɔlou	chim nhạn
swam	n		xem swim
swami	n	swɑ:mi	tượng thờ
swamp	n	swɔmp	đầm lầy
swampy	a	'swɔmpi	lầy, như đầm lầy
swan	n	swɔn	con thiên nga
swank	n	swæɳk	sự trưng diện, sự phô trương
swanky	a	'swæɳki	trưng diện, phô trương
swap	n	swɔp/ (swap) /swɔp	sự trao đổi, sự đổi chác
swarm	n	swɔ:m	đàn, đám
swarthy	a	'swɔ:ði	ngăm đen
swastika	n	'swæstikə	hình chữ vạn, hình chữ thập ngoặc
swat	n	swɔt	cú đập mạnh
sway	n	swei	sự đu đưa, sự lắc lư
swayed	a		xem swaybacked
swear	n	sweə	lời thề
sweat	n	swet	mồ hôi
sweated	a	'swetid	có mồ hôi, đầy mồ hôi
sweater	n	'swetə	người ra nhiều mồ hôi
sweating	n		sự đổ mồ hôi
sweaty	a	'sweti	đầy mồ hôi, đẫm mồ hôi
swede	n	swi:d	của cải Thuỵ điển
swedish	a	'swi:diʃ	Thuỵ điển
sweep	n	swi:p	sự quét
sweeper	n	'swi:pə	người quét, máy quét
sweeping	n	'swi:piɳ	sự quét
sweepstakes	n	'swi:psteik/ (sweepstakes) /'swi:psteiks	lối đánh được vơ cả
sweet	a	swi:t	ngọt
sweeten	v	'swi:tn	làm cho ngọt, pha cho ngọt
sweetener	n	'swi:tənə	chất pha cho ngọt
sweetheart	n	'swi:thɑ:t	người yêu, người tình
sweetie	n	'swi:ti	kẹo, mứt
sweetly	a	'swi:tli	ngọt, ngọt ngào
sweetness	n	'swi:tnis	tính chất ngọt, tính chất ngọt ngào
sweety	n	'swi:ti	kẹo mứt sweetie)
swell	a	swel	đặc sắc, cử
swelling	n	'sweliɳ	sự phồng ra, sự căng
sweltering	a	'sweltəriɳ	oi ả, nóng ngột ngạt
swept	n	swi:p	sự quét
swerve	n	swə:v	sự chệch, sự đi lệch hướng
swerving	n		sự chuyển hướng
swift	a	swift	mau, nhanh
swiftly	d		nhanh, nhanh chóng
swig	n	swig	tợp, hơi
swill	n	swil	sự rửa, sự cọ
swim	n	swim	sự bơi lội
swimmer	n	'swimə	người bơi, con vật bơi
swimming	n	'swimiɳ	sự bơi
swimsuit	n		quần áo bơi liền mảnh của phụ nữ
swindle	n	'swindl	sự lừa đảo, sự bịp bợm
swindler	n	'swindlə	kẻ lừa đảo
swindling	n		sự lừa bịp
swine	n	swain	con lợn
swing	n	swiɳ	sự đua đưa, sự lúc lắc
swinger	n	'swiɳə	người đu đưa, người lúc lắc
swinging	a	'swiɳiɳ	nhún nhảy, nhịp nhàng
swipe	n	swaip	cú đánh mạnh và liều
swirl	n	swə:l	chỗ nước xoáy, chỗ nước cuộn
swirling	a		có xoáy, xoáy tít
swirly	a	'swə:li	có nhiều chỗ nước xoáy
swish	a	swiʃ	bảnh, diện
swiss	a	swis	Thụy sĩ
switch	n	switʃ	cành cây mềm, gậy mềm
switchboard	n	'switʃbɔ:d	tổng đài
switching	n		sự chuyển mạch
swivel	n	'swivl	khớp khuyên
swollen	a	'swoulən	sưng phồng, phình ra
swoon	n	swu:n	sự ngất đi, sự bất tỉnh
swoop	n	swu:p	cuộc đột kích
swoosh	v		kêu sột soạt
sword	n	sɔ:d	gươm, kiếm
swordsman	n	'sɔ:dsmən	nhà kiếm thuật
swordsmanship	n	'sɔ:dsmənʃip	kiếm thuật, thuật đánh kiếm
swore	n	sweə	lời thề
sworn	n	sweə	lời thề
swum	n	swim	sự bơi lội
swung	n	swiɳ	sự đua đưa, sự lúc lắc
sybil	n	'sibil/ (sybil) /'sibil	bà đồng, bà cốt
sycamore	n	'sikəmɔ:	cây sung dâu
syllable	n	'siləbl	âm tiết
syllabus	n	'siləbəs	đề cương bài giảng, đề cương khoá học
symbiosis	n	,simbi'ousis	sự cộng sinh
symbiotic	n	,simbi'ɔtik	cộng sinh
symbol	n	'simbəl	vật tượng trưng
symbolic	a	sim'bɔlik/ (symbolical) /sim'bɔlikəl	tượng trưng
symbolically	d		tượng trưng, biểu tượng
symbolism	n	'simbəlizm	chủ nghĩa tượng trưng
symbolize	v	'simbəlaiz/ (symbolise) /'simbəlaiz	tượng trưng hoá
symmetrical	a	si'metrik/ (symmetrical) /si'metrikəl	đối xứng
symmetry	n	'simitri	sự đối xứng, tính đối xứng
sympathetic	a	,simpə'θətik	thông cảm, đồng tình
sympathise	v		có thiện cảm, tỏ cảm tình
sympathize	v	'simpəθaiz	có thiện cảm, tỏ cảm tình
sympathizer	n	'simpəθaiz	người có cảm tình
sympathy	n	'simpəθi	sự thông cảm, sự đồng tình
symphony	n	'simfəni	bản nhạc giao hưởng
symposium	n	sim'pouziəm	hội nghị chuyên đề
symptom	n	'simptəm	triệu chứng
symptomatic	a	,simptə'mætik/ (symptomatical) /,simptə'mætikəl	triệu chứng
synagogue	n	'sinəgɔg	hội đạo Do thái
synapses	n	si'næpsi:z	kỳ tiếp hợp
synaptic	a		thuộc kỳ tiếp hợp
sync	n		Cách viết khác : synch
synchro	n		động cơ điện đồng bộ, máy phát điện đồng
synchronization	n	,siɳkrənai'zeiʃn	sự đồng bộ hoá
synchronize	v	'siɳkrənaiz/ (synchronise) /'siɳkrənaiz	xảy ra đồng thời
synchronized	n		đồng bộ
syndicate	n	'sindikit	Xanhđica, công đoàn
syndrome	n	'sindrəm	hội chứng
syne	d		từ lúc đó
synergy	n		tính hiệp trợ, hiệp lực
synod	n	'sinəd	hội nghị tôn giáo
synonymous	a	si'nɔniməs	đồng nghĩa
synopsis	n	si'nɔpis	bảng tóm tắt, bảng toát yếu
syntax	n	'sintæks	cú pháp
synthesis	n	'sinθisis	sự tổng hợp
synthesize	v	'sinθisaiz/ (synthesise) /'sinθisaiz/ (synthetise) /'sinθitaiz/ (synthetize) /'sinθitaiz	tổng hợp
synthesizer	n		Cách viết khác : synthesiser
synthetic	a	sin'θetik/ (synthetical) /sin'θetikəl	tổng hợp
syphilis	n	'sifilis	bệnh giang mai
syrian	a	'siriən	Xy-ri
syringe	n	'sirindʤ	ống tiêm
syringes	n	'siriɳks	cái khèn
syrup	n	'sirəp/ (syrup) /'sirəp	xi-rô, nước ngọt
system	n	'sistim	hệ thống, chế độ
systematic	a	,sisti'mætik/ (systematical) /,sisti'mætikəl	có hệ thống
systematically	d		xem systematic
systemic	a	sis'temik	cơ thể nói chung
systolic	a	sis'tɔlik	tâm thu
t	n	ti:	T, t
ta	i	tɑ:	khuẫn cám ơn!
tab	n	tæb	tai, đầu
tabasco	n		nước xốt làm bằng hạt tiêu
tabby	n	'tæbi	mèo khoang, mèo
tabernacle	n	'tæbə:nəkl	rạp, nơi thờ cúng
table	n	'teibl	cái bàn
tableau	n	'tæblou	hoạt cảnh
tablet	n	'tæblit	tấm, bản
tabloid	n	'teblɔid	viên thuốc
taboo	n	tə'bu:/ (tabu) /tə'bu:	điều cấm kỵ, sự kiêng kỵ
tabor	n	'teibə	trống con
tachycardia	n	,tæki'kɑ:diə	chứng tim đập nhanh, chứng mạch nhanh
tack	n	tæk	đồ ăn
tackle	n	'tækl	đồ dùng, dụng cụ
tacky	a	'tæki	dính, chưa khô
taco	n		số nhiều tacos
tact	n	tækt	sự khéo xử, tài xử trí
tactful	a		khéo xử, lịch thiệp
tactic	n		cách, chước
tactical	a	'tæktikəl	chiến thuật
tactically	d		chiến thuật, sách lược
tactics	n	'tæktiks	chiến thuật
tactile	a	'tæktail	xúc giác
tactless	a	'tæktlis	không khéo xử, không lịch thiệp
tad	n		đứa trẻ nhỏ
tadpole	n	'tædpoul	nòng nọc
taffeta	n	'tæfitə	vải mỏng
taffy	n	'tɔfi/ (toffy) /'tɔfi/ (taffy) /'tæfi	kẹo bơ cứng
tag	n	tæ	sắt bịt đầu
taiga	n	'taigə	taiga
tail	n	teil	đuôi
tailed	a		có một cái đuôi kiểu được nói rõ
tailing	n		phần cuối
tailings	n	'teiliɳz	phế phẩm, rác
tailor	n	'teilə	thợ may
tailored	a		như tailor-made
tailoring	n	'teiləriɳ	nghề may
tailpipe	n		ống bô
taint	n	teint	sự làm hư hỏng, sự làm đồi bại
take	n	teik	sự cầm, sự nắm
taken	n	teik	sự cầm, sự nắm
Takeover	n		Thu mua.
taker	n	'teikə	người lấy, người nhận
taking	n	'teikiɳ	sự cầm, sự lấy
talbot	n	'tɔ:lbət	chó săn tanbô
talcum	n	tælk	đá tan
tale	n	teil	truyện, truyện ngắn
talent	n	'tælənt	tài, tài ba
talented	a	'tæləntid	có tài
talentless	a	'tæləntlis	bất tài, không có tài
tales	n	'teili:z	danh sách hội thẩm dự khuyết
tali	n	'teiləs	bờ nghiêng, bờ dốc
talisman	n	'tælizmən	bùa, phù
talk	n	tɔ:k	lời nói
talkative	a	'tɔ:kətiv	thích nói, hay nói
talker	n	'tɔ:kə	người nói, người nói hay
talkie	n	'tɔ:ki	phim nói
talking	n	'tɔ:kiɳ	sự nói
talky	a		hay nói, thích nói
tall	a	tɔ:l	cao
tally	n	'tæli	sự kiểm điểm
talmud	n		tập hợp những văn bản cổ về luật và truy
talon	n	'tælən	móng, vuốt
tamarind	n	'tæmərind	cây me
tambourine	n	,tæmbə'ri:n	trống prôvăng
tame	a	teim	đã thuần hoá, đã dạy thuần
tamer	n	'teimə	người dạy thú
tamil	n		người Ta-min
tammy	n	'tæmi	vải mặt rây
tamper	n	'tæmpə	người đầm
tampering	n	'tæmpəriɳ	sự lục lọi, sự xáo trộn
tampon	n	'tæmpən	độn tóc giả
tan	n	tæn	vỏ dà, vỏ thuộc da
tana	n	'tɑ:nɑ:/ (tanna) /'tɑ:nɑ:	đồn lính
tandem	n	'tændəm	xe hai ngựa thắng con trước con sau
tandoori	n		kiểu thức ăn Ân độ nấu trên than trong n
tang	n	tæɳ	chuôi
tangent	a	'tændʤənt	tiếp xúc, tiếp tuyến
tangerine	n	,tændʤə'ri:n	quả quít tangerine orange)
tangible	a	'tændʤəbl	có thể sờ mó được, hữu hình
tangle	n	'tæɳgl	tảo bẹ
tangled	a		rối, lộn xộn
tango	n	'tæɳgou	điệu nhảy tănggô
tangy	a		có mùi thơm, có hương thơm
tank	n	tæɳk	thùng, két
tanker	n	'tæɳkə	tàu chở dầu
tanner	n	'tænə	thợ thuộc da
tanning	n	'tæniɳ	sự thuộc da
tannoy	n		hệ thống tăng âm điện tử
tansy	n	'tænzi	cây cúc ngài
tantalizing	a	'tæntəlaiziɳ	nhử trêu ngươi
tantamount	a	'tæntəmaunt	tương đương với, có giá trị như
tantrum	n	'tæntrəm	cơn giận, cơn thịnh nộ
tao	n		Đạo
taoist	n	'tɑ:ouist	người theo đạo Lão
tap	n	tæp	vòi
tapas	n		món ăn mặn Tây ban Nha
tape	n	teip	dây, dải
taper	n	'teipə	cây nến nhỏ
tapestry	n	'tæpistri	tấm thảm
tapeworm	n	'teipwə:m	sán dây, sán xơ mít
taping	n		sự quấn bọc
tapioca	n	,tæpi'oukə	bột sắn hột, tapiôca
tar	n	tɑ:	thuỷ thủ jakc tar)
tarantula	n		nhện đen lớn ở Nam Âu, nhện lớn lông lá
tardiness	n	'tɑ:dinis	sự chậm chạp, sự thiếu khẩn trương
tardy	a	'tɑ:di	chậm chạp, thiếu khẩn trương
target	n	'tɑ:git	bia
Targets	n		Mục tiêu .
tariff	n	'tærif	giá
tarmac	n	'tɑ:mæk	của tar_macadam
tarn	n	tɑ:n	hồ nhỏ ở núi
tarnish	n	'tɑ:niʃ	trạng thái mờ, trạng thái xỉn
taro	n	'tɑ:rou	cây khoai sọ, cây khoai nước
tarot	n	'tærɔk/ (tarot) /'tærou	lá bài
tarragon	n	'tærəgən	cây ngải giấm
tarred	a		thuộc nhựa cây
tarry	a	'tɑ:ri	giống nhựa, giống hắc ín
tarsus	n	'tɑ:səs	khối xương cổ chân, tụ cốt cổ chân
tart	n	tɑ:t	bánh nhân hoa quả
tartan	n	'tɑ:tən	vải len kẻ ô vuông
tartar	n	'tɑ:tə	người Tác-ta
tarzan	n		người khoẻ mạnh, lanh lẹ
task	n	tɑ:sk	nhiệm vụ, nghĩa vụ
taskmaster	n	'tɑ:sk,mɑ:stə	người giao việc, người phân cắt công việ
tassel	n	'tæsəl	quả tua, núm tua
taste	n	teist	vị
tasteful	a	'teistful	nhã, trang nhã
tasteless	a	'teistlis	vô vị, nhạt
taster	n	'teistə	người nếm, người nếm rượu
tasting	n		cuộc thi nếm
tasty	a	'teisti	ngon
tat	n	tæt	tit you tat ăn miếng trả miếng
tattered	a	'tætəd	rách nát, bị xé vụn
tatters	n		những mảnh vải rách lung tung
tattle	n	'tætl	lời nói ba hoa, chuyện ba hoa
tattletale	n		người ba hoa, người hay nói chuyện tầm p
tattoo	n	tə'tu:	hiệu trống tập trung buổi tối
tau	n		tô
taught	v	ti:tʃ	dạy, dạy học
taunt	a	tɔ:nt	rất cao
taunting	a		cay độc, châm chọc
taurus	n	'tɔ:rəs	chòm sao Kim ngưu
taut	a	tɔ:t	kéo căng, căng
tavern	n	'tævənə	quán rượu
tawdry	a	'tɔ:dri	loè loẹt, hào nhoáng
tawny	a	'tɔ:ni	hung hung
tax	n	tæks	thuế, cước
taxation	n	tæk'seiʃn	sự đánh thuế
taxi	n	'tæksi	xe tắc xi
taxidermist	n	'tæksidə:mist	người nhồi xác động vật
taxidermy	n	'tæksidə:mi	khoa nhồi xác động vật
taxing	a		gây mệt mỏi, đòi hỏi cố gắng
taxman	n		người thu thuế
taxpayer	n	'tæks,peiə	người đóng thuế
tb	n		bệnh lao
tea	n	ti:	cây chè
teach	v	ti:tʃ	dạy, dạy học
teacher	n	'ti:tʃə	giáo viên, cán bộ giảng dạy
teaching	n	'ti:tʃiɳ	sự dạy, sự giảng dạy
teacup	n	'ti:kʌp	tách, chén uống trà
teak	n	ti:k	cây tếch
teal	n	ti:l	mòng két
team	n	ti:m	cỗ
teapot	n	'ti:pɔt	ấm pha trà
tear	n	tiə	nước mắt, lệ
tearful	a	'tiəful	đẫm lệ, khóc lóc
tearfully	d		đang khóc, sắp khóc
tearing	n	'teəriɳ	sự xé nát, sự xé rách
tease	v	ti:z	chòng ghẹo, trêu tức
teaser	n	'ti:zə	người hay chòng ghẹo, người hay trêu tức
teasing	n	'ti:ziɳ	sự chòng ghẹo, sự trêu tức
teat	n	ti:t	đầu vú, núm vú
tech	n		trường cao đẳng kỹ thuật, trường đại học
technical	a	'teknikəl	kỹ thuật, chuyên môn
technicality	n	'tekni'kæliti	chi tiết kỹ thuật, chi tiết chuyên môn
technically	d		nói đến kỹ thuật đã được sử dụng
technician	n	tek'niʃn	nhà kỹ thuật, nhà chuyên môn
technicolor	n	'tekni,kʌlə	phim màu
technique	n	tek'ni:k	kỹ xảo
technological	a	,teknə'lɔdʤik/ (technological) /,teknə'lɔdʤikəl	kỹ thuật, có tính chất kỹ thuật
technologically	d		kỹ thuật học, có tính chất kỹ thuật
technology	n	tek'nɔlədʤi	kỹ thuật, kỹ thuật học
tectonic	a	tek'tɔnik	xây dựng
ted	v	ted	giũ, trở
tedious	a	'ti:djəs	chán ngắt, tẻ
tee	n	ti:	chữ T
teeming	a	'ti:miɳ	đầy, đầy ứ
teenage	a		thanh thiếu niên, cho thanh thiếu niên
teenager	n		Cách viết khác : teener
teens	n	ti:nz	tuổi thanh thiếu niên, tuổi thanh xuân
teensy	a		nhỏ xíu, bé tí
teeny	n	'ti:ni/ (teeny-weeny) /'ti:ni'wi:ni	weeny)
teepee	n	'ti:pi:/ (teepee) /'ti:pi:	lều vải
teeth	n	tu:θ	răng
teething	n	'ti:ðiɳ	sự mọc răng
tel	n		điện báo )
tele	n		viết tắt của televison
telecast	n	'tekikɑ:st	sự phát chương trình truyền hình
telecommunications	n		viễn thông, sự thông tin từ xa
telegram	n	'teligræm	bức điện, bức điện tín
telegraph	n	'teligrɑ:f	máy điện báo
telekinesis	n		việc dùng siêu năng di chuyển các vật ở
telemetry	n		phép đo từ xa
telepath	n		người có khả năng ngoại cảm
telepathic	a	,teli'pæθik	cảm từ xa
telepathically	d	,teli'pæθikəli	cảm từ xa
telepathy	n	ti'lepəθi	sự cảm từ xa
telephone	n	'telifoun	dây nói, điện thoại
telephoto	n	'teli'foutou/ (telephotograph) /'teli'foutəgrɑ:f	ảnh chụp xa
teleprompter	n		máy phóng đại chữ
telescope	n	'teliskoup	kính thiên văn
telethon	n		chương trình từ thiện trên truyền hình,
teletype	n	'telitaip	máy điện báo đánh chữ, têlêtip
television	n	'teli,viʤn	sự truyền hình
telex	n		tê-lếch, hệ thống thông tin liên lạc bằn
tell	v	tel	nói, nói với
teller	n	'telə	người kể chuyện, người hay kể chuyện
telling	a	'teliɳ	mạnh, có hiệu quả
telltale	n	'telteil	người mách lẻo, người hớt lẻo
telly	n	'teli	máy truyền hình
tem	n		mười
temp	n		nhân viên tạm thời
temper	n	'tempə	tính tình, tình khí
temperament	n	'tempərəmənt	khí chất, tính khí
temperamental	a	,tempərə'mentl	khí chất, tính khí
temperance	n	'tempərəns	sự chừng mực, sự vừa phải
temperate	a	'tempərit	có chừng mực, vừa phải
temperature	n	'tempritʃə	nhiệt độ
tempest	n	'tempist	bão, dông tố
templar	n	'templə	học sinh luật, nhà luật học
template	n	'templit/ (template) /'templit	mẫu, dưỡng
temple	n	'templ	đến, điện
tempo	n	'tempou	độ nhanh
temporal	a	'tempərəl	thời gian
temporary	a	'tempərəri	tạm thời, nhất thời
tempt	v	tempt	xúi, xúi giục
temptation	n	temp'teiʃn	sự xúi giục
tempting	a	'temptiɳ	xúi giục
temptress	n	'temptris	người đàn bà cám dỗ, người đàn bà quyến
tempura	n		món ăn Nhật, món Tem-pu-ra
ten	a	ten	mười, chục
tenacious	a	ti'neiʃəs	dai, bền
tenacity	n	ti'neiʃəsnis/ (tenacity) /ti'næsiti	tính chất dai, tính chất bền
tenant	n	'tenənt	người thuê mướn
tend	v	tend	trông nom, săn sóc
tendency	n	'tendənsi	xu hướng, khuynh hướng
tender	a	'tendə	mềm
tenderloin	n	'tendəlɔin	thịt thăn
tenderly	d		mềm, dễ nhai
tenderness	n	'tendənis	tính chất mềm
tendon	n	'tendən	gân
tenement	n	'tenimənt	nhà ở, phòng ở
tenfold	a	'tenfould	gấp mười, mười lần
tenner	n	'tenə	giấy mười bảng, giấy mười đô la
tennis	n	'tenis	quần vợt
tenor	n	'tenə	phương hướng chung, tiến trình
tense	n	tens	thời
tension	n	'tenʃn	sự căng
tent	n	tent	lều, rạp
tentacle	n	'tentəkl	tua cảm, xúc tu
tentative	a	'tentətiv	ướm, thử
tenth	a	tenθ	thứ mười
tenuous	a	'tenjuəs	nhỏ, mảnh
tenure	n	'tenjuə	đất cho làm rẽ, đất phát canh
tepid	a	'tepid	ấm, âm ấm
tequila	n		rượu têquila
term	n	tə:m	hạn, giới hạn
terminal	a	'tə:minl	cuối, chót
terminally	d		ở giai đoạn cuối
terminate	v	'tə:mineit	vạch giới hạn, định giới hạn
terminating	n		có kết thúc
termination	n	,tə:mi'neiʃn	sự làm xong, sự kết thúc
terminology	n	,tə:mi'nɔlədʤi	thuật ngữ học
terminus	n	'tə:minəs	ga cuối cùng, bến cuối cùng
termite	n	'tə:mait	con mối
termites	n		số nhiều của termes
terms	n		điều khoản, điều kiện đề nghị
terra	n		đất
terrace	n	'terəs	nền đất cao, chỗ đất đắp cao
terracotta	n	'terə'kɔtə	đất nung, sành
terrain	n	'terein	địa thế, địa hình địa vật
terrestrial	a	ti'restriəl	đất, trái đất
terrible	a	'terəbl	dễ sợ, ghê gớm
terribly	d		rất tệ, không chịu nổi
terrier	n	'teriə	chó sục
terrific	a	tə'rifik	khủng khiếp, kinh khủng
terrified	a		cảm thấy khiếp sợ, rất kinh hãi
terrify	v	'terifai	làm khiếp sợ, làm kinh hãi
territorial	a	,teri'tɔ:riəl	đất đai, địa hạt
territory	n	'teritəri	đất đai, địa hạt
terror	n	'terə	sự kinh hãi, sự khiếp sợ
terrorism	n	'terərizm	chính sách khủng bố
terrorist	n	'terərist	người khủng bố, người dùng chính sách kh
terrorize	v	'terəraiz	làm khiếp sợ, khủng bố
terry	n		vải bông, vải bông xù
tesla	n		đơn vị đo từ thông, đơn vị từ thông
test	n	test	vỏ ; mai
testament	n	'testəmənt	lời di chúc, chúc thư
tester	n	'testə	người thử, máy thử
testes	n		tinh hoàn
testicle	n	'testikl	hòn dái
testicular	a	tes'tikjulə	hòn dái
testify	v	'testifai	chứng tỏ, tỏ ra
testimonial	n	,testi'mounjəl	giấy chứng nhận, giấy chứng thực
testimony	n	'testiməni	sự chứng nhận, sự nhận thực
testing	n		sự thử, sự nghiên cứu
testosterone	n		kích thích tố sinh dục nam
testy	a	'testi	hay hờn giận, hay giận dỗi
tetanus	n	'tetənəs	bệnh uốn ván
tether	n	'teðə	dây buộc, dây dắt
text	n	tekst	nguyên văn, nguyên bản
textbook	n	'tekstbuk	sách giáo khoa text)
textile	a	'tekstail	dệt, có sợi dệt được
texture	n	'tekstʃə	sự dệt, lối dệt
thai	n		Người Thái
thallium	n	'θæliəm	Tali
than	c	ðæn	hơn
thank	v	θæɳk	cám ơn, biết ơn
thankful	a	'θæɳkful	biết ơn, cám ơn
thankfully	d		một cách biết ơn
thankless	a	'θæɳklis	vô ơn, vong ơn
thanks	n	'θæɳks	lời cảm ơn, sự cảm ơn
thanksgiving	n	'θæɳks,giviɳ	sự tạ ơn
that	a	ðæt	ấy, đó, kia
thatcher	n	'θætʃə	thợ lợp rạ, thợ lợp tranh
thaw	n	θɔ:	sự tan
thawing	n	'θɔ:iɳ	sự tan
the	n	ði:, ði, ðə	cái, con
theater	n	'θiətə	thetre
theatre	n	'θiətə	rạp hát, nhà hát
theatrical	a	θi'ætrikəl	sự diễn kịch, sân khẩu
theatrics	n	θi'ætriks	nghệ thuật sân khấu
thee	n	ði:	ngươi, anh
theft	n	θeft	sự ăn trộm, sự trộm cắp
their	a	ðeə	của chúng, của chúng nó
theirs	n	ðeəz	cái của chúng, cái của họ
them	n	ðem	chúng, chúng nó
theme	n	θi:m	đề tài, chủ đề
themselves	n	ðəm'selvz	tự chúng, tự họ
then	d	ðen	lúc đó, hồi ấy
thence	d	ðens	từ đó, do đó
theologian	n	θiə'loudʤiən	nhà thần học, giáo sư thần học
theological	a	θiə'lɔdʤik/ (theological) /θiə'lɔdʤikəl	thần học
theology	n	θi'ɔlədʤi	thần học
theorem	n	'θiərəm	định lý
theoretical	a	θiə'retik/ (theoretical) /θiə'retikəl	lý thuyết, có tính chất lý thuyết
theoretically	d		về lý thuyết mà nói, về mặt lý thuyết
theorist	n	'θiərist	nhà lý luận
theory	n	'θiəri	thuyết, học thuyết
therapeutic	a	,θerə'pju:tik/ (therapeutical) /,θerə'pju:tikəl	phép chữa bệnh
therapist	n		bác sự chuyên khoa về một phép chữa bệnh
therapy	n	,θerə'pju:tiks/ (therapy) /'θerəpi	phép chữa bệnh
there	d	ðeə	ở đó, tại đó
thereabouts	d	'ðeərəbaut/ (thereabouts) /'ðeərəbauts	gần đó, quanh đó
thereafter	d	ðeər'ɑ:ftə	sau đó, về sau
thereby	d	'ðeə'bai	bằng cách ấy, theo cách ấy
therefore	d	'ðeəfɔ:	bởi vậy, cho nên
therein	d	ðeər'in	tại đó, ở đấy
thereof	d	ðeər'ɔv	của cải đó, của nó
thermal	a	'θə:məl	nhiệt, nóng
thermite	n	'θə:mit/ (thermite) /'θə:mait	nhiệt nhôm
thermodynamics	n	,θə:moudai'næmiks	nhiệt động lực học
thermometer	n	θə'mɔmitə	cái đo nhiệt, nhiệt biểu
thermonuclear	a	'θə:mou'nju:kliə	hạt nhân nóng
thermos	n	'θə:mɔs	cái phích, cái tecmôt thermos bottle
thermostat	n	'θə:moustæt	máy điều nhiệt
these	a	ðis	này
theses	n	'θi:sis	luận văn, luận án
thesis	n	'θi:sis	luận văn, luận án
thespian	a		về sân khấu, về đóng kịch
theta	n		têta
they	n	ðei	chúng nó, chúng
thick	a	θik	dày
thicket	n	'θikit	bụi cây
thickness	n	'θiknis	độ dày, bề dày
thief	n	θi:f	kẻ trộm, kẻ cắp
thievery	n	'θi:vəri	sự ăn trộm, sự ăn cắp
thieves	n	θi:f	kẻ trộm, kẻ cắp
thigh	n	θai	bắp đùi, bắp vế
thimble	n	'θimbl	cái đê
thin	a	θin	mỏng, mảnh
thine	a	ðain	thy
thing	n	θiɳ	cái, đồ
thingy	n		người mà ta không biết tên hoặc quên tên
think	v	θiɳk	nghĩ, suy nghĩ
thinker	n	'θiɳkə	người suy nghĩ
thinking	n	'θiɳkiɳ	sự suy nghĩ, sự nghĩ ngợi
thinly	d		mỏng, mong manh
thinner	n		chất để pha loãng
third	a	θə:d	thứ ba
thirdly	d	'θə:dli	ba là
thirst	n	θə:st	sự khát nước
thirsty	a	'θə:sti	khát, làm cho khát
thirteen	a	'θə:'ti:n	mười ba
thirteenth	a	'θə:ti:nθ	thứ mười ba
thirties	n		những con số từ 30 đến 39
thirty	n	'θə:ti	số ba mươi
this	a	ðis	này
thistle	n	'θisl	cây kế
thither	d	'ðiðə	tới đó, theo hướng đó
tho	n		viết tắt của though
thong	n	θɔɳ	dây da
thoracic	a	θɔ:'ræsik	ngực, ở ngực
thorax	n	'θɔ:ræks	, ngực
thorn	n	θɔ:n	gai
thorny	a	'θɔ:ni	có gai, nhiều gai
thorough	a	'θʌrə	hoàn toàn, hoàn bị
thoroughbred	a	'θʌrəbred	thuần chủng
thoroughfare	n	'θʌrəfeə	đường phố lớn, đường lớn
thoroughly	d	'θʌrəli	hoàn toàn, hoàn hảo
thorpe	n	θɔ:p/ (thorpe) /θɔ:p	thôn, xóm
thou	n	ðau	mày, mi
though	c	ðou/ (tho') /ðou	dù, dù cho, mặc dù, dẫu cho
thought	n	ðou	sự suy nghĩ, sự ngẫm nghĩ
thoughtful	a	'θɔ:tful	ngẫm nghĩ, trầm tư
thoughtfully	d		trầm ngâm, trầm tư
thoughtless	a	'θɔ:tlis	không suy nghĩ, vô tư lự
thousand	a	'θauzənd	nghìn
thousandth	a	'θauzəntθ	thứ một nghìn
thrall	n	θrɔ:l	người nô lệ & )
thrash	v	θræʃ	đánh, đập
thrashing	n	'θræʃiɳ	sự đánh đập, trận đòn
thread	n	θred	chỉ, sợi chỉ
thready	a	'θredi	nhỏ như sợi chỉ
threat	n	θret	sự đe doạ
threaten	v	'θretn	doạ, đe doạ
threatening	n	'θretniɳ	sự đe doạ, sự hăm doạ
three	a	θri:	ba
threesome	n	'θri:səm	nhóm ba người
threshold	n	'θreʃhould	ngưỡng cửa
threw	n	θrou	sự ném, sự vứt
thrice	d	θrais	, ba lần
thrift	n	θrift	sự tiết kiệm, tính tiết kiệm
thrifty	a	'θrifti	tiết kiệm, tằn tiện
thrill	n	θril	sự run lên, sự rộn lên
thriller	n	'θrilə	câu chuyện cảm động
thrilling	a	'θriliɳ	làm rùng mình, cảm động
thrive	v	θraiv	thịnh vượng, phát đạt
thrived	n		xem thrive
thriving	n	'θvaiviɳ	sự giàu có, sự phát đạt
throat	n	θrout	họng, cuống họng
throb	n	θrɔb	sự đập mạnh, sự đập nhanh
throbbing	n	θrɔbiɳ	sự đập mạnh, sự đập nhanh
throes	n		sự đau dữ dội, những cơn đau dữ dội
thrombosis	n	θrɔm'bousis	chứng nghẽn mạch
throne	n	θroun	ngai, ngai vàng
throng	n	θrɔɳ	đám đông
throttle	n	'θrɔtl	hầu, họng
through	p	θru:/ (thro) /θru:/ (thro') /θru:	qua, xuyên qua
throughout	d	θru:'aut	từ đầu đến cuối, khắp
throw	n	θrou	sự ném, sự vứt
throwaway	n		vật được làm ra để sử dụng một lần rồi v
thrower	n	'θrouə	người ném, người vứt
throwing	n		ném, vứt
thrown	n	θrou	sự ném, sự vứt
thru	d	θru:	through
thrush	n	θrʌʃ	chim hét
thrust	n	θrʌst	sự đẩy mạnh, sự xô đẩy
thruster	n		người tự đề cao
thud	n	θʌd	tiếng uỵch, tiếng thịch
thug	n	θʌg	kẻ sát nhân
thumb	n	θʌm	ngón tay cái
thumbprint	n		dấu ấn chỉ ngón cái
thump	n	θʌmp	quả đấm, quả thụi
thumper	n	'θʌnpə	người đánh, người đấm
thumping	a	'θʌmpiɳ	to lớn, khổng lồ
thunder	n	'θʌndə	sấm, sét
thunderbolt	n	'θʌndəboult	tiếng sét
thunderclap	n	'θʌndəklæp	tiếng sét
thundering	n	'θʌndəriɳ	tiếng sấm sét
thunderous	a	'θʌndərəs	dông tố
thunderstorm	n	'θʌndəstɔ:m	bão tố có sấm sét
thursday	n	'θə:zdi	ngày thứ năm
thus	d	ðʌs	vậy, như vậy
thwack	n	wæk/ (thwack) /θwæk	cú đánh mạnh, đòn đau
thwart	a	θwæk	ngang
thy	a	ðai	của mày, của anh
thyme	n	taim	cỏ xạ hương
thyroid	a	'θairɔid	tuyến giáp
thyself	n	ðai'self	tự mày, chính mày
ti	n		nốt si
tiara	n	ti'ɑ:rə	mũ tiara
tibetan	a		thuộc Tây-Tạng
tibia	n	'tiblə	xương chày, dốt ống
tic	n	tik	tật máy giật
tick	n	tik	tiếng tích tắc
ticker	n	'tikə	máy điện báo
ticket	n	'tikit	vé
ticking	n	'tikiɳ	tiếng tích tắc
tickle	n	'tikl	sự cù, sự làm cho buồn buồn
tickling	n	'tikliɳ	sự cù, sự làm cho buồn buồn
ticklish	a	'tikliʃ	có máu buồn, đụng đến là cười
tidal	a	'taidl	thuỷ triều, liên quan đến thuỷ triều
tidbit	n	'tidbit	titbit
tide	n	taid	triều, thuỷ triều
tidings	n	'taidiɳz	tin tức, tin
tidy	a	'taidi	sạch sẽ, ngăn nắp
tie	n	tai	dây buộc, dây cột
tied	a		cho ai thuê với điều kiện người đó làm v
tier	n	'taiə	tầng, lớp
tiff	n	tif	sự bất hoà, sự xích mích
tiffany	n	'tifəni	the, sa
tiffin	n	'tifin	bữa ăn trưa
tig	n		trò chơi đuổi bắt
tiger	n	'taigə	hổ, cọp
tight	a	tait	kín, không thấm
tighten	v	'taitn	chặt, căng
tightly	d	'taitli	chặt chẽ, sít sao & )
tightness	n	'taitnis	tính chất kín, tính không thấm rỉ
tightrope	n	'taitroup	dây kéo căng
tights	n	taits	quần chật ống, áo nịt
tigress	n	'taigris	hổ cái, cọp cái
til	n		vừng, mè
tile	n	tail	ngói
till	n	til	ngăn kéo để tiền
tiller	n	'tilə	người làm đất, người trồng trọt
tilt	n	tilt	độ nghiêng, trạng thái nghiêng
tilting	n	'tiltiɳ	sự nghiêng đi
timber	n	'timbə	gỗ làm nhà, gỗ kiến trúc
time	n	taim	thời gian, thì giờ
timeless	a	'taimlis	vô tận
timely	a	'taimli	đúng lúc, hợp thời
timeout	n		thời gian trễ tạm ngưng
timepiece	n	'taimpis	đồng hồ
timer	n	'taimə	người bấm giờ
times	p		nhân với
timetable	n		kế hoạch làm việc, lịch trình
timid	a	'timid	rụt rè, nhút nhát
timing	n	'taimiɳ	sự chọn đúng lúc, sự tính toán thời gian
timothy	n	'timəθi	cỏ đuôi mèo
tin	n	tin	thiếc
tincture	n	'tiɳktʃə	sắc nhẹ, màu nhẹ
tinder	n	'tində	bùi nhùi, bông bùi nhùi
tine	n	tain	răng
tinfoil	n		giấy thiếc, lá thiếc
ting	n	tiɳ	tiếng leng keng
tinge	n	tindʤ	màu nhẹ
tingle	n	tindʤ	sự ngứa ran, sự ngứa như có kiến bò
tinker	n	'tiɳkə	thợ hàn nồi
tinkle	n	'tiɳkl	tiếng leng keng
tinkling	n	'tiɳkliɳ	tiếng leng keng
tinned	a	tind	tráng thiếc
tinny	a	'tini	giống như thiếc
tinsel	n	'tinsəl	kim tuyến
tint	n	tint	màu nhẹ, màu sắc
tiny	a	'taini	nhỏ xíu, tí hon
tip	n	tip	đầu, mút
tipped	a		bịt đầu
tippy	a		có nhiều búp
tipsy	a	'tipsi	ngà ngà say, chếnh choáng
tiptoe	n	'tiptou	đầu ngón chân
tire	n	'taiə	tyre
tired	a	'taiəd	mệt, mệt mỏi
tiredness	n	'taiədnis	sự mệt nhọc, sự mệt mỏi
tireless	a	'taiəlis	không mệt mỏi, không chán
tirelessly	d		không dễ mệt mỏi, đầy sinh lực
tiresome	a	'taiəsəm	mệt nhọc, làm mệt
tiring	n		sự mệt mỏi, sự mệt nhọc
tis	n		viết tắt của it is
tissue	n	'tisju:	vải mỏng
tit	n	tit	teat
titan	n	'taitən	người khổng lồ, người có sức mạnh phi th
titanic	a	tai'tænik	to lớn, khổng lồ
titanium	n	tai'teinjəm	Titan
title	n	'taitl	tên, nhan đề
titled	a	'taitld	có tước vị, có chức tước
titty	n	'titi	vú
tizzy	n		tình trạng kích động, tình trạng bối rối
tm	n		nhãn hiệu đăng ký
tn	n		tấn, tonne )
tnt	n		loại thuốc nổ mạnh
to	p	tu:, tu, tə	đến, tới
toad	n	toud	con cóc
toady	n	'toudi	người bợ đỡ, người xu nịnh
toast	n	toust	bánh mì nướng
toaster	n	toustə	người nướng bánh
toasting	n	'toustiɳ	sự nướng
tobacco	n	tə'bækou	thuốc lá
tobacconist	n	tə'bækənist	người bán thuốc lá
toby	n	'toubi	bình đựng bia hình con lật đật
tod	n	tɔd	, con cáo
today	n		hôm nay, ngày này
toddler	n	'tɔdlə	đứa bé đi chập chững
toddy	n	'tɔdi	tôđi
toe	n	tou	ngón chân
toenail	n		móng chân
toffee	n	'tɔfi/ (toffy) /'tɔfi/ (taffy) /'tæfi	kẹo bơ cứng
tofu	n		tàu hũ, đậu hũ
toga	n	'tougə	áo dài
together	d	tə'geðə	cùng, cùng với
togetherness	n		cảm giác về sự thống nhất, cảm giác về t
toil	n	tɔil	công việc khó nhọc, công việc vất vả
toilet	n	'tɔilit	sự trang điểm
toiletries	n		các vật dụng dùng khi tắm rửa
toiling	n	'tɔiliɳ	sự lao động, sự làm việc vất vả
toke	n	touk	thức ăn
token	n	'toukən	dấu hiệu, biểu hiện
told	v	tel	nói, nói với
tolerable	a	'tɔlərəbl	có thể tha thứ được
tolerance	n	'tɔlərəns	lòng khoan dung, sự tha thứ
tolerant	a	'tɔlərənt	khoan dung, hay tha thứ
tolerate	v	'tɔləreit	tha thứ, khoan thứ
toll	n	toul	thuế qua đường, thuế qua cầu
tollbooth	n	'tɔlbu:θ/ (tolbooth) /'tɔlbu:θ	nhà tù, nhà giam
tolly	n	'tɔli	, cây nến
tom	n	tɔm	của Thomas
tomahawk	n	'tɔməhɔ:k	cái rìu
tomato	n	tə'mɑ:tou	cây cà chua
tomb	n	tu:m	mồ, mộ, mả
tomboy	n	'tɔmbɔi	cô gái tinh nghịch
tombstone	n	'tu:mstoun	bia mộ, mộ chí
tome	n	toum	quyển, tập
tomfoolery	n	tɔm'fu:ləri	hành động dại dột, việc làm ngớ ngẩn
tommy	n	'tɔmi	người lính Anh Tommy Atkins)
tomorrow	n	tə'mɔrou/ (to-morrow) /tə'mɔrou	morrow)
ton	n	tʌn	tấn
tone	n	toun	tiếng, âm
toner	n		mực toner
tonga	n	'tɔɳgə	xe ngựa hai bánh
tongs	n	'tɔɳz	cái kẹp, cái cặp
tongue	n	tʌɳ	cái lưỡi
tonic	a	'tɔnik	âm; âm chủ
tonight	n	tə'nait/ (to-night) /tə'nait	night)
tonkin	n		miền bắc Việt Nam thời Pháp thuộc, Bắc K
tonne	n		tn tấn
tony	a	'touni	đẹp, sang
too	d	tu:	quá
took	n	teik	sự cầm, sự nắm
tool	n	tu:l	dụng cụ, đồ dùng
toolbox	n		hộp dụng cụ
toot	n	tu:t	tiếng kèn, tiếng còi
tooth	n	tu:θ	răng
toothache	n	'tu:θeik	đau răng
toothless	a	'tu:θlis	không có răng, sún
toothpaste	n		thuốc đánh răng, kem đánh răng
toothpick	n	'tu:θpik	tăm
tootsie	n		cưng, em cưng
top	n	tɔp	con cù, con quay
topaz	n	'toupæz	Topa
topic	n	'tɔpik	đề tài, chủ đề
topical	a	'tɔpikəl	đề tài
topless	a	'tɔplis	không có ngọn, bị cắt ngọn
topography	n	tə'pɔgrəfi	phép đo vẽ địa hình
topped	a		cụt, cụt ngọn
topper	n	'tɔpə	kéo tỉa ngọn cây
topping	n	'tɔpiɳ	sự tỉa ngọn cây
topple	v	'tɔpl	+ down, over) ngã
tops	n		cái gì nhất
topside	n		phần nổi trên mặt nước của chiếc tàu
topsoil	n		tầng đất mặt, lớp đất cay
tor	n	tɔ:	núi đá nhọn, mỏm núi
torch	n	'tɔ:tʃ	đuốc & )
torching	n		xem torch-fishing
tore	n	tɔ:	đường gờ tròn quanh chân cột torus)
tori	n	'tɔ:rəs	đường gờ tròn quanh chân cột tore)
torment	n	'tɔ:mənt	sự đau khổ, sự giày vò
tormentor	n	tɔ:mentə	người làm khổ, người hành hạ
torn	n	tiə	nước mắt, lệ
tornado	n	tɔ:'neidou	bão táp
torpedo	n	tɔ:'pi:dou	cá đuối điện
torque	n	tɔ:k	vòng cổ torc)
torrent	n	'tɔrənt	dòng nước chảy xiết, dòng nước lũ
torrential	a	tɔ'renʃəl	như thác, cuồn cuộn
torrid	a	'tɔrid	nóng như thiêu như đốt
torso	n	'tɔ:sou	thân trên
tort	n	tɔ:t	điều lầm lỗi, việc làm có hại
tortilla	n	tɔ:'ti:ljɑ:	bánh mì ngô
tortoise	n	'tɔ:təs	rùa chỉ rùa ở cạn)
torture	n	'tɔ:tʃə	sự tra tấn, sự tra khảo
torturer	n	'tɔ:tʃərə	người tra tấn, người tra khảo
torturous	a		có tính chất giày vò, gây đau khổ
tory	n	'tɔ:ri	đảng viên đảng Bảo thủ
tosa	n		loại chó lớn dùng để giữ nhà hay chiến đ
tosh	n	tɔʃ	điều vô nghĩa, điều phi lý
toss	n	tɔs	sự quẳng lên, sự ném lên
tossed	n		xem toss
tot	n	tɔt	một chút, một chút xíu
total	a	'toutl	tổng cộng, toàn bộ
totalitarian	a	,toutæli'teəriən	cực quyền, chuyên chế
totality	n	tou'tæliti	toàn bộ, tổng số
totally	d		hoàn toàn
tote	n	tout	của totalizator
totem	n	'toutəm	Tôtem, vật tổ
touch	n	tʌtʃ	sự sờ, sự mó
touched	a	tʌtʃt	bối rối, xúc động
touching	n	'tʌtʃiɳ	sự sờ mó
touchstone	n	'tʌtʃstoun	đá thử vàng
touchy	a	'tʌtʃi	hay giận dỗi, dễ động lòng
tough	a	tʌf	dai, bền
toughen	v	'tʌfn	làm dai, làm bền
toughness	n	'tʌfnis	tính dai, tính bền
toupee	n	'tu:pei	bím tóc giả, chùm tóc giả
tour	n	tuə	cuộc đi, cuộc đi du lịch
touring	n	'tuəriɳ	sự đi, sự đi du lịch
tourism	n	'tuərizm	sự du lịch
tourist	n	'tuərist	nhà du lịch, khách du lịch
tournament	n	'tuənəmənt	cuộc đấu
tourney	n	'tuəni	cuộc đấu thương trên ngựa tournament)
tourniquet	n	'tuənikei	cái quay cầm máu, garô
tout	n	taut	người chào khách, người chào hàng
tow	n	tou	xơ
toward	a	tə'wɔ:d	dễ bảo, dễ dạy
towards	a	tə'wɔ:d	dễ bảo, dễ dạy
towel	n	'tauəl	khăn lau, khăn tắm
tower	n	'tauə	tháp
towering	a	'tauəriɳ	cao, cao ngất
town	n	taun	thành phố, thị xã
townie	n		dân hàng phố
townsfolk	n	'taunzfouk	dân thành thị
township	n	'taunʃip	quận, huyện
townspeople	n	'taunz,pi:pl	người thành phố, dân thành thị
toxic	a	'tɔksik	độc
toxicity	n	tɔk'sisiti	tính độc
toxicology	n	,tɔksi'kɔlədʤi	khoa chất độc
toxin	n	'tɔksin	độc tố toxin
toy	n	tɔi	đồ chơi
toying	n	'tɔiiɳ	trò chơi, trò đùa bỡn
trace	n	treis	dây kéo
traceable	a	'treisəbl	có thể, có thể vạch
tracer	n	'treisə	cái vạch
trachea	n	trə'ki:ə	khí quản, ống khí
tracheotomy	n	,træki'ɔtəmi	thủ thuật mở khí quản
tracing	n	'treisiɳ	sự vạch, sự kẻ
track	n	træk	dấu, vết
tracked	a		có bánh xích
tracker	n	'trækə	người săn thú, người bắt thú
tracking	n		sự theo dõi
tract	n	trækt	vùng, miền
traction	n	'trækʃn	sự kéo
tractor	n	'træktə	máy kéo
trade	n	treid	nghề, nghề nghiệp
trademark	n		TM nhãn hiệu đăng ký
trader	n	'treidə	nhà buôn, thương gia
tradesman	n	'treidzmən	người buôn bán, chủ cửa hàng
trading	n		sự kinh doanh, việc mua bán
tradition	n	trə'diʃn	sự truyền miệng
traditional	a	trə'diʃənl/ (traditionary) /trə'diʃnəri	truyền thống, theo truyền thống
traffic	n	træfik	sự đi lại, sự giao thông
trafficker	n	'træfikə	người buôn xấu)
tragedy	n	'trædʤidi	bi kịch
tragic	a	'trædʤik/ (tragical) /'trædʤikəl	bi kịch
tragically	d		như bi kịch, theo kiểu bi kịch
trail	n	treil	vạch, vệt dài
trailer	n	'treilə	người lần theo dấu vết, người theo dò
train	n	trein	xe lửa
trained	a		lành nghề, có tay nghề
trainee	n	trei'ni:	võ sĩ trẻ đang tập dượt để lên đài, ngườ
trainer	n	treinə	người dạy
training	n	'treiniɳ	sự dạy dỗ, sự rèn luyện
trait	n	trei, (Mỹ) treit	nét, điểm
traitor	n	'treitə	kẻ phản bội
traitorous	a	'treitərəs	phản bội
trajectory	n	trædʤikəri	đường đạn, quỹ đạo
tram	n	træm	sợi tơ
tramp	n	træmp	tiếng đi nặng nề
trample	n	'træmpl	sự giậm, tiếng giậm
trampoline	n		tấm bạt lò xo căng trên khung
trance	n	'trɑ:ns	trạng thái hôn mê
tranny	n		Cách viết khác : trannie
tranquil	a	'træɳkwil	lặng lẽ, yên lặng
tranquillity	n	træɳ'kwiliti	sự lặng lẽ, sự yên lặng
trans	n		dịch
transaction	n	træn'zækʃn	sự thực hiện, sự giải quyết
transatlantic	a	'trænz'ælpain	bên kia Đại tây dương
transceiver	n	træn'si:və	của transmitter-receiver) máy thu phát
transcend	v	træn'send	vượt quá, hơn
transcendence	n	træn'sendənsi/ (transcendence) /træn'sendəns	tính siêu việt, tính hơn hẳn
transcendent	a	træn'sendənt	siêu việt, vượt lên hẳn
transcendental	a	,trænsən'dentl	tiên nghiệm
transcontinental	a	'trænz,kɔnti'nentl	xuyên lục địa, vượt đại châu
transcript	n	'trænskript	bảo sao, bản chép lại
transcription	n	træns'kripʃn	sự sao lại, sự chép lại
transfer	n	'trænsfə:	sự di chuyển, sự dời chỗ
transference	n	'trænsfərəns	sự di chuyển
transform	v	træns'fɔ:m	thay đổi, biến đổi
transformation	n	,trænsfə'meiʃn	sự thay đổi, sự biến đổi
transformative	a		biến đổi, thay đổi
transformer	n	træns'fɔ:mə	người làm biến đổi, vật làm biến đổi
transfusion	n	træns'fju:ʤn	sự rót sang, sự đổ sang
transgression	n	træns'greʃn	sự vượt quá
transient	a	'trænziənt	ngắn ngủi, nhất thời
transistor	n	træn'sistə	Tranzito, bóng bán dẫn
transit	n	trænsit	sự đi qua, sự vượt qua
transition	n	træn'siʤn	sự chuyển tiếp, sự quá độ
transitional	a	træn'siʤənl/ (transitionary) /træn'siʤnəri	chuyển tiếp, quá độ
translate	v	træns'leit	dịch, phiên dịch
translating	n		tịnh tiến, dịch biến đổi
translation	n	træns'leiʃn	sự dịch, bản dịch
translator	n	træns'leitə	người dịch
translucent	a	trænz'lu:snt	trong mờ
transmission	n	trænz'miʃn	sự chuyển giao, sự truyền
transmit	v	trænz'mit	chuyển giao, truyền
transmitter	n	trænz'mitə	người truyền, vật truyền
transmitting	n		truyền
transmutation	n	,trænzmju:'teiʃn	sự biến đổi, sự biến hoá
transparency	n	træns'peərənsi	transparence
transparent	a	træns'peərənt	trong suốt
transplant	v	træns'plɑ:nt	ra ngôi, cấy
transplantation	n	træns'plɑ:n'teiʃn	sự ra ngôi, sự cấy
transponder	n		hệ thống nhận và phát tín hiệu lại, hệ t
transport	n	trænspɔ:t	sự chuyên chở, sự vận tải
transportation	n	,trænspɔ:'teiʃn	sự chuyên chở, sự vận tải
transported	a		xúc động mạnh mẽ
transporter	n	træns'pɔ:tə	người chuyên chở
transporting	a	træns'pɔ:tiɳ	gây cảm xúc mạnh mẽ, làm say mê
transpose	v	træns'pouz	đổi chỗ, đặt đảo
transsexual	a		cải giống, chuyển phái
transverse	a	'trænzvə:s	transversal
transvestite	n		người đàn ông mặc quần áo phụ nữ và ngượ
trap	n	træp	đồ đạc quần áo, đồ dùng riêng
trapeze	n	trə'pi:z	đu, xà treo
trapper	n	'træpə	người đánh bẫy
trapping	n		sự bẫy
trappings	n	'træpiɳz	bộ đồ ngựa
trash	n	træʃ	bã; bã mía cane-trash)
trashcan	n		thùng rác
trashy	a	'træʃi	vô giá trị, tồi
trauma	n	'trɔ:mə	chấn thương
traumatic	a	trɔ:'mætik	chấn thương
travel	n	'træveil	sự đi du lịch, cuộc du hành
traveled	a		đã đi nhiều, đã từng đi đây đi đó
traveler	n		người đi, người đi du lịch
traveling	n		sự du lịch, cuộc du lịch
travelled	a	'trævld	đã đi nhiều, đã từng đi đây đi đó
traveller	n	'trævlə	người đi du lịch, người du hành
travelling	n	'trævliɳ	sự du lịch, cuộc du lịch
traverse	n	'trævə:s	sự đi ngang qua
travesty	n	'trævisti	sự bắt chước đùa, sự nhại chơi
trawl	n	trɔ:l	lưới rà trawl-net)
trawler	n	'trɔ:lə	tàu đánh cá bằng lưới rà
tray	n	trei	khay, mâm
treacherous	a	'tretʃərəs	phản bội, phụ bạc
treachery	n	'treʃəri	sự phản bội, sự phụ bạc
treacle	n	'tri:kl	nước mật đường molasses)
tread	n	tred	bước đi, cách đi
treadmill	n		cối xay guồng
treason	n	'tri:zn	sự làm phản, sự mưu phản
treasonous	a	'tri:znəbl/ (treasonous) /'tri:znəs	phản nghịch, mưu phản
treasure	n	'treʤə	bạc vàng, châu báu
treasurer	n	'treʤərə	người thủ quỹ
treasury	n	'treʤəri	kho bạc, ngân khố
treat	n	tri:t	sự đãi, sự thết đãi
treatable	a		có thể thương lượng, có thể điều đình
treatise	n	'tri:tiz	luận án, luận thuyết
treatment	n	'tri:tmənt	sự đối xử, sự đối đãi
treaty	n	'tri:ti	hiệp ước
treble	a	'trebl	gấp ba
tree	n	tri:	cây
trek	n	trek	đoạn đường
trellis	n	'trelis	lưới mắt cáo, rèm mắt cáo
tremble	n	'trembl	sự run
tremendous	a	tri'mendəs	ghê gớm, kinh khủng
tremendously	d		ghê gớm, kinh khủng
tremor	n	'tremə	sự run
trench	n	trentʃ	rãnh, mương
trend	n	trend	phương hướng
trending	a		theo hướng
trendy	a		hợp thời trang, rất mốt
trepidation	n	,trepi'deiʃn	sự rung
trespass	n	'trespəs	sự xâm phạm, sự xâm lấn
trespasser	n	'trespəsə	kẻ xâm phạm, kẻ xâm lấn
trey	n	trei	con ba
tri	n		hình thái ghép
triad	n	'traiəd	bộ ba
triage	n		việc chọn để chữa theo thứ tự nguy cấp
trial	n	'traiəl	sự thử
triangle	n	'traiæɳgl	hình tam giác
triangular	a	trai'æɳgjulə	tam giác
triangulate	a	trai'æɳhjulit	điểm hình tam giác
triangulation	n	trai,æɳgju'leiʃn	phép đạc tam giác
triathlon	n		cuộc thi thể thao ba môn phối hợp
tribal	a	'traibəl	bộ lạc
tribe	n	traib	bộ lạc
tribunal	n		toà án
tribune	n	'tribju:n	quan bảo dân
tribute	n	'tribju:t	vật cống, đồ cống
triceratops	n		khủng long ba sừng
trick	n	trik	mưu mẹo, thủ đoạn đánh lừa
trickery	n	'trikəri	ngón bịp, thủ đoạn gian trá
tricking	n		sự trang điểm, sự tô điểm
trickle	n	'trikl	tia nhỏ, dòng nhỏ
trickster	n	'trikstə	kẻ bịp bợm, kẻ lừa gạt
tricky	a	'triki	xảo quyệt, lắm thủ đoạn
tricycle	n	'traisikl/ (trike) /traik	xe đạp ba bánh
trident	n	'traidənt	đinh ba
tried	a	traid	đã được thử thách, đã qua thử thách
trier	n	'traiə	người thử, người làm thử
trifle	n	'traifl	vật nhỏ mọn, chuyện vặt
trifling	a	'traifliɳ	vặt, thường
trig	a	trig	chỉnh tề, bảnh bao
trigger	n	'trigə	cò súng
trigonometry	n	,trigə'nɔmitri	lượng giác học
trilby	n	'trilbi	mũ nỉ mềm trilby hat)
trill	n	tril	láy rền
trilling	n	'triliɳ	trẻ sinh ra
trillion	n	'triljən	một tỷ tỷ, một ngàn tỷ
trilogy	n	'trilədʤi	bộ ba bản bi kịch
trim	n	trim	sự ngăn nắp, sự gọn gàng
trimester	n	'trimitə	quý ba tháng
trimmer	n	'trimə	người sắp xếp, người thu dọn
trimming	n	'trimiɳ	sự sắp xếp gọn gàng trật tự
trine	a	train	gấp ba, bằng ba lần
trinity	n	'triniti	nhóm ba
trinket	n	'triɳkit	đồ nữ trang rẻ tiền
trio	n	'tri:ou	bộ ba
trip	n	trip	cuộc đi chơi, cuộc dạo chơi
tripe	n	traip	dạ dày bò
triple	a	'tripl	có ba cái, gồm ba phần
triplicate	n	'triplikit	bản sao ba
tripod	n	'traipɔd	giá ba chân, kiền ba chân
tripoli	n	'tripəli	Tripoli
tripping	a	'tripiɳ	nhẹ nhàng, nhanh nhẹn
trite	a	trait	cũ rích, cũ kỹ
triton	n	'traitn	thần nửa người nửa cá
triumph	n	'traiəmf	chiến thắng lớn, thắng lợi lớn
triumphal	a	trai'ʌmfəl	khải hoàn, chiến thắng
triumphant	a	trai'ʌmfənt	chiến thắng, thắng lợi
trivia	n	'triviəm	tam khoa
trivial	a	'triviəl	thường, bình thường
trod	n	tred	bước đi, cách đi
trojan	a	'troudʤən	thành Tơ-roa
troll	n	troul	quỷ khổng lồ, quỷ lùn
trolley	n	'trɔli/ (trolly) /'trɔli	xe hai bánh đẩy tay
trollop	n	'trɔləp	người đàn bà lôi thôi lếch thếch, người
trombone	n	trɔm'boun	Trombon
tron	n		chợ
troop	n	tru:p	đoàn, lũ
trooper	n	'tru:pə	kỵ binh, lính đơn vị thiết giáp
trophy	n	'troufi	vật kỷ niệm chiến công, chiến tích & )
tropic	n	'trɔpik	chí tuyến
tropical	a	'trɔpikəl	nhiệt đới
trot	n	trɔt	nước kiệu
troth	n	'trɔtə	lòng thành thật
trotter	n	'trɔtə	ngựa chạy nước kiệu
trotting	n		sự phi ngựa nước kiệu và kéo xe hai bánh
troubadour	n	'tru:bəduə	Trubađua, người hát rong
trouble	n	'trʌbl	điều lo lắng, điều phiền muộn
troubled	a	'trʌbld	đục, không trong
troublemaker	n	'trʌbl,meikə	kẻ gây rối loạn kẻ phá rối
troublesome	a	'trʌblsəm	quấy rầy, khó chịu
trough	n	trɔf	máng ăn
troupe	n	tru:p	đoàn, gánh
trouper	n		thành viên của một gánh hát
trouser	a		của quần, cho quần
trousers	n	'trauzəz	quần pair of trousers)
trousseau	n	'tru:sou	quần áo tư trang
trout	n	traut	cá hồi
trove	a		tìm ra
trowel	n	'trauəl	cái bay
troy	n	trɔi	troy weight hệ thống trọng lượng tơrôi
truant	n	'tru:ənt	học sinh trốn học
truce	n	tru:s	sự ngừng bắn
truck	n	trʌk	sự trao đổi, sự đổi chác
trucker	n	'trʌkmən/ (trucker) /'trʌklə	người trồng rau
trucking	n		việc chở hàng bằng xe tải
truckload	n		trọng lượng vận tải của xe tải
true	a	tru:	thật, thực
truffle	n	'trʌfl	nấm cục, nấm truyp
truly	d	'tru:li	thật, sự thật
trump	n	trʌmp	, kèn trompet
trumpet	n	'trʌmpit	kèn trompet
trumpeter	n	'trʌmpitə	người thổi trompet
truncheon	n	'trʌntʃn	dùi cui
trunk	n	trʌɳk	thân
truss	n	trʌs	bó
trust	n	trʌst	sự tín nhiệm, lòng tin
trustee	n	trʌs'ti:	người được uỷ thác trông nom
trusting	a		tỏ ra tin cậy, tin người
trustworthy	a	'trʌst,wə:ði	đáng tin cậy
trusty	a	'trʌsti	đáng tin cậy
truth	n	tru:θ	sự thật, lẽ phải
truthful	a	'tru:θful	thực, đúng sự thực
truthfully	d		thực, đúng sự thực
try	n	trai	sự thử, sự làm thử
trying	a	'traiiɳ	nguy ngập, gay go
tryst	v	traist	hẹn hò, hẹn gặp
tsar	n	zɑ:/ (tzar) /zɑ:	vua Nga, Nga hoàng
tsunami	n		số nhiều tsunamis
tt	n		chống uống rượu
tub	n	tʌb	chậu, bồn
tuba	n	'tju:bə	kèn tuba
tubby	a	'tʌbi	to béo, béo phệ
tube	n	tju:b	ống
tuberculosis	n	tju:,bə:kju'lousis	bệnh lao
tubing	n	'tju:biɳ	ống, hệ thống ống
tubular	a	'tju:bjulə	hình ống
tuck	n	tʌk	nếp gấp lên
tucker	n	'tʌkə	khăn choàng
tudor	a		thuộc dòng Tudo đã làm vua nước Anh từ 1
tuesday	n	'tju:zdi	ngày thứ ba
tuff	n		đá tạo thành từ tro núi lửa
tuft	n	tʌft	tufa
tug	n	tʌg	sự kéo mạnh, sự giật mạnh
tugboat	n	'tʌgbout	tàu lai, tàu kéo
tuition	n	tju:'iʃn	sự dạy học, sự giảng dạy
tulip	n	'tju:lip	cây uất kim hương
tulle	n	tju:l	vải tuyn
tum	n		dạ dày của tummy
tumble	n	'tʌmbl	cái ngã bất thình lình, sự sụp đổ
tumbler	n	'tʌmblə	cốc
tumbleweed	n		cây cỏ lăn
tumbling	n	'tʌmbliɳ	sự rơi xuống, sự ngã
tummy	n	'tʌmi	dạ dày
tumor	n	'tju:mə/ (tumour) /'tju:mə	khối u, u
tumour	n	'tju:mə/ (tumour) /'tju:mə	khối u, u
tums	n		Cách ngôn, lời vàng ngọc
tumult	n	'tju:mʌlt	sự ồn ào, sự om sòm
tumultuous	a	tju:'mʌltjuəs	ồn ào, huyên náo
tun	n	tʌn	thùng ton nô
tuna	n	'tjunə	, cá ngừ Ca-li-fo-ni tuna fish)
tundra	n	'tʌndrə	Tunđra, lãnh nguyên
tune	n	tju:n	điệu, giai điệu
tuner	n	'tju:nə	người lên dây
tung	n		xem tung-tree
tungsten	n	'tʌɳstən	Vonfam
tunic	n	'tju:nik	áo chẽn
tuning	n	'tju:niɳ	sự lên dây
tunisian	a	tju:'niziən	Tuy-ni-di
tunnel	n	'tʌnl	đường hầm
tuppence	n	t'tʌpəns	twopence
turban	n	'tə:bən	khăn xếp
turbine	n	'tə:bin	Tuabin
turbo	n		có tính nhanh, có tính tốc độ
turbot	n	'tə:bət	cá bơn
turbulence	n		sự hỗn loạn, sự bất an
turbulent	a	'tə:bjulənt	hỗn loạn, náo động
turd	n	tə:d	thúi + cứt
turf	n	tə:f	lớp đất mặt
turk	n	tə:k	người Thổ nhĩ kỳ
turkey	n	'tə:ki	gà tây
turkish	a	'tə:kiʃ	Thổ nhĩ kỳ
turmeric	n	'tə:mərik	cây nghệ
turmoil	n	'tə:mɔil	sự náo động, sự rối loạn
turn	n	tə:n	sự quay, vòng quay
turncoat	n	'tə:nkout	kẻ phản bội, kẻ phản đảng
turned	a		được tiện
turner	n	'tə:nə	thợ tiện
turning	n	'tə:niɳ	sự quay, sự xoay
turnip	n	'tə:nip	cây cải
turnoff	n		con đường rẽ ra từ con đường chính
turnover	n	'tə:n,ouvə	sự đổ lật
turnpike	n	'tə:npaik	cái chắn đường để thu thuế, cổng thu thu
turnstile	n	'tə:nstail	cửa xoay
turntable	n		mặt quay hình tròn, phẳng trên đó đặt đự
turpentine	n	'tə:pəntain	nhựa thông
turquoise	n	'tə:kwɑ:z	ngọc lam
turret	n	'tʌrit	tháp nhỏ
turtle	n	'tə:tl	turtle-dove
tuscan	n		người xứ Toscan
tush	n	tʌʃ	răng ranh
tusk	n	tʌsk	ngà, răng ranh
tussle	n	'tʌsl	cuộc ẩu đả, cuộc đánh nhau
tut	n	tʌt/ (tut-tut) /tʌt'tʌt	tut)
tutelage	n	'tju:təridʤ	sự giám hộ
tutor	n	'tju:tə	người giám hộ
tutorial	a	tju:'tɔ:riəl	sự giám hộ
tutti	a		tất cả
tutu	n	tʌt'tʌt	váy xoè
tux	n		áo ximôckinh
tuxedo	n		tux áo ximôckinh
tv	n		máy vô tuyến truyền hình
twa	n		Cách viết khác : twae
twain	n	twein	đôi, cặp
twang	n	twæɳ	tưng
twas	n		viết tắt của it was
twat	n		cơ quan sinh dục của nữ giới
tweak	n	twi:k	cái véo, cái vặn
tweaker	n	'twi:kə	súng cao su
tweed	n	twi:d	vải tuýt
tweedle	n	'twi:dl	tiếng cò ke
tween	p		viết tắt của between
tweet	n	twi:t	tiếng kêu chiêm chiếp, tiếng hót líu lo
tweezers	n	'twi:zəz	cái cặp, cái nhíp pair of tweezers)
twelfth	a	twelfθ	thứ mười hai
twelve	a	twelv	mười hai
twenties	n		số nhiều twenties
twentieth	a	'twentiiθ	thứ hai mươi
twenty	a	'twenti	hai mươi
twerp	n	twə:p/ (twerp) /twə:p	đồ ti tiện, kẻ đáng khinh
twice	d	twais	hai lần
twiddle	n	'twidl	sự xoay nhẹ, sự vặn nhẹ
twig	n	twig	cành con
twiggy	a	'twigi	như một cành con, gầy gò mảnh khảnh
twilight	n	'twailait	lúc tranh tối tranh sáng, lúc hoàng hôn
twin	a	twin	sinh đôi
twine	n	twain	sợi xe, dây bện
twinge	n	twindʤ	sự đau nhói, sự nhức nhối
twinkle	n	'twiɳkl	sự lấp lánh, ánh sáng lấp lánh
twinkling	n	'twiɳkliɳ	sự lấp lánh
twirl	n	twə:l	sự quay nhanh, sự xoay nhanh
twist	n	twist	sự xoắn, sự vặn
twister	n	'twistə	người xe dây, người bện thừng
twisting	n		sự bện, sự xoắn
twisty	a	'twisti	quanh co khúc khuỷu
twit	v	twit	trách, chê trách
twitch	n	twitʃ	cỏ băng
twitchy	a		bối rối, sợ hãi
twitter	n	'twitə	tiếng hót líu lo
twixt	p		viết tắt của betwixt
two	a	tu:	hai, đôi
twosome	a	'tu:səm	cho hai người
tycoon	n	tai'ku:n	trùm tư bản, vua tư bản
tyke	n	taik/ (tike) /taik	con chó cà tàng
type	n	taip	kiểu mẫu
typewriter	n	'taip,raitə	máy chữ
typhoid	a	'taifɔid	bệnh thương hàn
typhoon	n	tai'fu:n	bão
typhus	n	'taifəs	bệnh sốt phát ban
typical	a	'tipikl	tiêu biểu, điển hình typic)
typically	d		điển hình, tiêu biểu
typing	n	'taipiɳ	sự đánh máy
typist	n	'taipist	người đánh máy
typo	n	'taipou	của typographer
tyrannical	a	ti'rænik/ (tyrannical) /ti'rænikəl/ (tyrannous) /'tirənəs	bạo ngược, chuyên chế
tyrannosaurus	n		cũng tyrannosaur
tyranny	n	'tirəni	sự bạo ngược, sự chuyên chế
tyrant	n	'taiərənt	bạo chúa, kẻo bạo ngược
tyre	n	'taiə	bản cạp vành, lốp xe
u	n	ju:	U, u
ubiquitous	a	ju:'bikwitəs	ở đâu cũng có, đồng thời ở khắp nơi
udder	n	'ʌdə	bầu vú
ufo	n		như UFO
ugh	i	uh	gớm!, tởm quá!
ugliness	n	'ʌglinis	tính chất xấu, tính xấu xí
ugly	a	'ʌgli	xấu, xấu xí
uk	n		Vương quốc liên hiệp Anh --> United King
ukrainian	a	ju:'kreinjəm	U-kren
ukulele	n	,ju:kə'leili	đàn ghita Ha-oai bốn dây
ulcer	n	'ʌlsə	loét
ulna	n	'ʌlnə	xương trụ
ulster	n	'ʌlstə	áo choàng untơ
ulterior	a	ʌl'tiəriə	về sau, sau
ultimate	a	'ʌltimit	cuối cùng, sau cùng
ultimately	d	'ʌltimitli	cuối cùng, sau cùng
ultimatum	n	,ʌlti'meitəm	thư cuối, tối hậu thư
ultra	a	'ʌltrə	cực, cực đoan
ultrasonic	a	'ʌltrə'sɔnik	siêu âm
ultrasound	n		siêu âm, sóng siêu âm
ultraviolet	a		cực tím, tử ngoại
ulysses	n		Ulixơ
um	n		interj
umbilical	a	,ʌmbi'laikəl	rốn
umbrella	n	ʌm'brelə	ô, dù; lọng
umpire	n	'ʌmpaiə	người trọng tài, người phân xử
un	n		Liên hợp quốc
unable	a	'ʌn'eibl	không có năng lực, không có khả năng
unacceptable	a	'ʌnək'septəbl	không thể nhận, không chấp nhận được
unaccompanied	a	'ʌnə'kʌmpənid	không có người đi theo, không có vật kèm
unaccounted	a		thiếu
unadulterated	a	,ʌnə'dʌltəreitid	không pha
unaffected	a	,ʌnə'fektid	không xúc động, không động lòng
unafraid	a	'ʌnə'freid	không sợ hãi
unanimous	a	ju:'næniməs	nhất trí
unanimously	d		nhất trí, đồng lòng
unannounced	a	'ʌnə'naunst	không báo trước
unanswered	a	'ʌn'ɑ:nsəd	không được trả lời
unappealing	a		không hấp dẫn
unappreciated	a	'ʌnə'pri:ʃieitid	không được quý chuộng, không được đánh g
unarmed	a	'ʌn'ɑ:md	bị tước khí giới
unassuming	a	'ʌbə'sju:miɳ	không tự phụ, khiêm tốn
unattached	a	'ʌnə'tætʃt	không bị kiềm chế, không bị trói buộc
unattainable	a	'ʌnə'teinəbl	không thể tới được, không thể đạt được
unattended	a	'ʌbə'tendid	không có người đi theo
unattractive	a	,ʌnə'træktiv	ít hấp dẫn, không lôi cuốn
unauthorized	a	'ʌn'ɔ:θəraizd	không được phép, trái phép
unavailable	a	'ʌnə'veiləbl	không sẵn sàng để dùng, không dùng được
unavoidable	a	,ʌnə'vɔidəbl	không thể tránh được
unaware	a	'ʌbə'weə	không biết, không hay
unawares	d		bất ngờ, thình lình
unbalanced	a	'ʌn'bælənst	không cân bằng, mất thăng bằng
unbearable	a	ʌn'beərəbl	không thể chịu nổi
unbearably	d		không thể dung thứ, không thể chịu đựng
unbeatable	a	'ʌn'bi:təbl	không thể thắng nổi, không thể đánh bại
unbecoming	a	'ʌnbi'kʌmiɳ	không hợp, không thích hợp
unbeknownst	a		không biết
unbelievable	a	,ʌnbi'li:və	không thể tin được, khó tin
unbelievably	n		xem unbelievable
unbiased	a	'ʌn'baiəst/ (unbiassed) /'ʌn'baiəst	không thành kiến
unblemished	a	'ʌn'blemiʃt	không có vết nhơ
unblock	v	'ʌn'blɔk	không cấm, không đóng
unborn	a	'ʌn'bɔ:n	chưa sinh
unbreakable	a	'ʌn'breikəbl	không thể phá vỡ, không bẻ gãy được
unbridled	a	ʌn'braidld	thả cương
unbroken	a	'ʌn'broukən	không bị bẻ gãy, không sứt mẻ
unburden	v	ɳn'bə:dn	cất gánh nặng, làm cho nhẹ bớt
unbutton	v	'ʌn'bʌtn	mở khuy
unbuttoned	a	'ʌn'bʌtnd	không cài khuy
uncalled	a	'ʌn'kɔ:ld	không được gọi, không được mời
uncanny	a	ʌn'kæni	kỳ lạ, huyền bí
uncaring	a		không để ý đến, không quan tâm đến
uncertain	a	ʌn'sə:tn	không chắc, còn ngờ
uncertainty	n	ʌn'sə:tnti	sự không chắc chắn
unchain	v	'ʌn'tʃein	tháo xích, mở xích
unchallenged	a	'ʌn'tʃælindʤd	không bị phản đối, không bị bác bỏ
unchanged	a	'ʌn'tʃeindʤd	không thay đổi, như cũ
unchanging	a	ʌn'tʃeindʤiɳ	không thay đổi, không đổi
uncharted	a	'ʌn'tʃɑ:tid	chưa thám hiểm
unchecked	a	'ʌn'tʃekt	không bị cản trở, không bị ngăn cản
uncivilized	a	'ʌn'sivilaizd	chưa khai hoá, còn mọi rợ
unclaimed	a	'ʌn'kleimd	không bị đòi hỏi, không bị yêu sách
uncle	n	'ʌɳkl	chú, bác
unclean	a	'ʌn'kli:n	bẩn, bẩn thỉu
unclear	a	'ʌn'kliə	không trong, đục
uncomfortable	a	ʌn'kʌmfətəbl	bất tiện, không tiện
uncomfortably	d		không dễ chịu, không thoải mái
uncommon	a	ʌn'kɔmən	không thông thường, hiếm
uncommonly	d		phi thường, đặc biệt
uncomplicated	a	'ʌn'kɔmplikeitid	không bị làm cho phức tạp, không bị làm
uncompromising	a	ʌn'kɔmprəmaiziɳ	không nhượng bộ, không thoả hiệp
unconcerned	a	'ʌnkən'sə:nd	lãnh đạm, vô tình
unconditional	a	'ʌnkən'diʃənl	không điều kiện
unconditionally	d		tuyệt đối, vô điều kiện
unconfirmed	a	'ʌnkən'fə:md	không được xác nhận, không được chứng th
unconnected	a	'ʌnkə'nektid	không có quan hệ, không có liên quan
unconscionable	a	ʌn'kɔnʃnəbl	hoàn toàn vô ý, hoàn toàn không hợp lẽ p
unconscious	a	ʌn'kɔnʃəs	không biết, vô ý thức
unconsciously	d		bất tỉnh, ngất đi
unconsciousness	n	ʌn'kɔnʃəsnis	sự không biết, sự hiểu ý thức
unconstitutional	a	'ʌn,kɔnsti'tju:ʃənl	trái hiến pháp
uncontrollable	a	,ʌnkən'trouləbl/ (incontrollable) /,inkən'trouləbl	không kiểm soát được, không kiểm tra đượ
uncontrollably	n		xem uncontrollable
uncontrolled	a	'ʌnkən'trould	không bị kiềm chế, không có gì ngăn cản
unconventional	a	'ʌnkən'venʃənl	không theo quy ước
uncooperative	a		bất hợp tác, không vui lòng hợp tác với
uncouth	a	ʌn'ku:θ	chưa văn minh
uncover	v	ʌn'kʌvə	để hở, mở
uncovered	a	ʌn'kʌvəd	bị mở ra, không đậy
uncovering	n		sự lộ, vết lộ
uncut	a	'ʌn'kʌt	không cắt, chưa cắt
undamaged	a	'ʌn'dæmidʤd	không bị tổn hại, không bị hư hại
undaunted	a	'ʌn'dɔ:ntid	không bị khuất phục, ngoan cường
undecided	a	'ʌndi'saidid	lưỡng lự, do dự
undefeated	a	'ʌndi'fi:tid	không bị đánh bại, chưa ai thắng nổi
undeniable	a	,ʌndi'naiəbl	không thể chối cãi được, không thể bác đ
undeniably	d		không thể phủ nhận, không thể bác được
under	p	'ʌndə	dưới, ở dưới
underbelly	n		dưới bụng, mặt dưới của cơ thể con vật
undercarriage	n	'ʌndə,kæridʤ	bộ bánh hạ cánh
undercover	a	'ʌndə,kʌvə	bí mật, giấu giếm
undercut	n	'ʌndəkʌt	thịt thăn
underdeveloped	a	'ʌndədi'veləpt	phát triển chưa đầy đủ
underdog	n	'ʌndədɔg	chó bị thua, người bị thua
underestimate	v	'ʌndər'estimeit	đánh giá thấp
underfoot	d	'ʌndə'fut	dưới chân
undergo	v	,ʌndə'gou	chịu, bị
undergone	v	,ʌndə'gou	chịu, bị
undergrad	n		của undergraduate
undergraduate	n	,ʌndə'grædjuit	học sinh đại học chưa tốt nghiệp
underground	a	'ʌndəgraund	dưới đất, ngầm
undergrowth	n	'ʌndə'grouθ	underbrush
underhand	a	'ʌndəhænd	giấu giếm, lén lút
underhanded	a	,ʌndə'hændid	underhand
underline	n	'ʌndəlain	đường gạch dưới
underling	n	'ʌndəliɳ	bộ hạ, tay chân
underlying	a	,ʌndə'laiiɳ	nằm dưới, dưới
undermine	v	,ʌndə'main	đào dưới chân, xói mòn chân
underneath	d	,ʌndə'ni:θ	bên dưới, dưới
underpaid	v	'ʌndə'pei	trả lương thấp
underpants	n		quần đùi, quần lót
underpass	n	'ʌndəpɑ:s	đường chui
underprivileged	a	'ʌndə'privilidʤd/ (unprivileged) /'ʌn'privilidʤd	bị thiệt thòi về quyền lợi, không được h
undersea	a	'ʌndəsi:	dưới mặt biển
undersecretary	n		người trực tiếp dưới quyền một quan chức
undershirt	n	'ʌndəʃə:t	áo lót
underside	n	'ʌndəsaid	mặt dưới, cạnh dưới
undersigned	n	,ʌndə'saind	the undersigned người ký dưới đây, những
understaffed	a		thiếu nhân viên, thiếu người
understand	v	,ʌndə'stænd	hiểu, nắm được ý
understandable	a	,ʌndə'stændəbl	có thể hiểu được
understandably	d		có thể hiểu được, có thể thông cảm được
understanding	n	,ʌndə'stændiɳ	sự hiểu biết, sự am hiểu
understatement	n	'ʌndə'steitmənt	sự nói bớt, sự nói giảm đi
understood	v	,ʌndə'stænd	hiểu, nắm được ý
understudy	n	'ʌndə,stʌdi	người đóng thay
undertake	v	,ʌndə'teik	làm, định làm
undertaken	v	,ʌndə'teik	làm, định làm
undertaker	n	,ʌndə'teikə	người làm
undertaking	n	,ʌndə'teikiɳ	sự quyết làm, sự định làm
undertook	v	,ʌndə'teik	làm, định làm
undertow	n	'ʌndətou	sóng dội từ bờ
underwater	a	'ʌndə,wɔ:tə	đặt dưới mặt nước, làm ở dưới mặt nước
underway	a		đang trên đường đi, đang vận động
underwear	n	'ʌndəweə	quần áo trong, quần áo lót
underwent	v	,ʌndə'gou	chịu, bị
underwood	n	'ʌndəbrʌʃ/ (underwood) /'ʌndəwud	bụi cây thấp, tầng cây thấp underwood)
underworld	n	'ʌndəwə:ld	trần thế, thế gian
undesirable	a	'ʌndi'zaiərəbl	không ai ưa, không ai thích
undetected	a	'ʌndi'tektid	không bị phát hiện, không bị khám phá ra
undetermined	a	'ʌndi'tə:mind	chưa xác định, không xác minh được
undeveloped	a	'ʌndi'veləpt	không mở mang, không khuếch trương
undid	v	'ʌn'du:	tháo, cởi
undies	n	'ʌndiz	quần áo trong, quần áo lót
undignified	a	'ʌn'dignifaid	không xứng đáng
undisciplined	a	ʌn'disiplind	không vào khuôn phép, vô kỷ luật
undisclosed	a	'ʌndis'klouzd	không lộ, không bị tiết lộ
undiscovered	a	'ʌndis'kʌvəd	không được phát hiện, chưa được phát hiệ
undisputed	a	'ʌndis'pju:tid	không cãi được, không bác được
undisturbed	a	'ʌndis'tə:bd	yên tĩnh, không bị phá rối
undivided	a	'ʌndi'vaidid	không bị chia
undo	v	'ʌn'du:	tháo, cởi
undocumented	a		không được cung cấp tư liệu, không dựa v
undoing	n	'ʌn'du:iɳ	sự tháo, sự cởi
undone	a	'ʌn'dʌn	không làm, chưa xong
undoubtedly	d		rõ ràng, chắc chắn
undress	n	'ʌn'dres	quần áo thường
undressed	a	'ʌn'drest	đã cởi quần áo, đã lột áo quần
undue	a	'ʌn'dju:	quá chừng, quá mức
unduly	d	'ʌn'dju:li	quá, quá mức
undying	a	ʌn'daiiɳ	không chết, bất tử
unearth	v	'ʌn'ə:θ	đào lên, khai quật
unearthed	a		không tiếp đất
unearthly	a	'ʌn'ə:θli	không trái đất này, siêu tự nhiên
unease	n		xem uneasy
uneasiness	n	ʌn'i:zinis	trạng thái không thoải mái, trạng thái b
uneasy	a	ʌn'i:zi	không thoải mái, bực bội
uneducated	a	'ʌn'edjukeitid	không được giáo dục
unemployed	a	'ʌnim'plɔid	không dùng, không được sử dụng
unemployment	n	'ʌnim'plɔimənt	sự thất nghiệp, nạn thấp nghiệp
unending	a	ʌn'endiɳ	không dứt, không hết
unequal	a	'ʌn'i:kwəl	không bằng, không ngang
unequivocal	a	'ʌni'kwivəkəl	không thể giải thích hai cách, không thể
unequivocally	n		xem unequivocal
unethical	a	'ʌn'eθikəl	không thuộc luân thường đạo lý
uneven	a	'ʌn'i:vən	không phẳng, gồ ghề
uneventful	a	'ʌni'ventful	không có chuyện gì xảy ra, không có biến
unexpected	a	'ʌniks'pektid	không mong đợi, không ngờ
unexpectedly	d		bất ngờ, thình lình
unexplainable	a	'ʌniks'pleinəbl	không cắt nghĩa được, không giải thích đ
unexplained	a	'ʌniks'pleind	không được giải thích
unexploded	a	,ʌniks'ploudid	không nổ
unexplored	a	,ʌniks'plɔ:d	chưa ai thăm dò, chưa ai thám hiểm
unfair	a	'ʌn'feə	bất công, không công bằng
unfairly	d		không đúng, không công bằng
unfaithful	a	'ʌn'feiθful	không trung thành, phản bội
unfamiliar	a	'ʌnfə'miljə	không quen, không biết
unfashionable	a	'ʌn'fæʃnəbl	không đúng mốt, không hợp thời trang
unfathomable	a	ʌn'fæðəməbl	khó dò, không dò được
unfeeling	a	ʌn'fi:liɳ	không cảm động, không động lòng
unfettered	a	'ʌn'fetəd	không bị xiềng chân, không bị cùm
unfinished	a	'ʌn'finiʃt	chưa xong, chưa hoàn thành
unfit	a	'ʌn'fit	không dùng được, làm cho không thích hợp
unflattering	a	'ʌn'flætəriɳ	không tâng bốc, không xu nịnh
unfocused	a		không điều chỉnh tiêu điểm
unfold	v	ʌn'fould	mở ra, trải ra
unforeseen	a	'ʌnfɔ:'si:n	không biết trước, không dự kiến
unforgettable	a	'ʌnfə'getəbl	không thể quên được
unforgivable	a	'ʌnfə'givəbl	không thể tha thứ được
unforgiving	a	'ʌnfə'giviɳ	không khoan dung, hay hiềm thù
unfortunate	a	ʌn'fɔ:tʃnit	không may, rủi ro
unfortunately	d		một cách đáng tiếc, không may
unfounded	a	ʌn'faundid	không căn cứ, không có sơ sở
unfreeze	v	'ʌn'fri:z	làm cho tan ra, làm cho chảy ra
unfriendly	a	'ʌn'frendli	không thân mật, không thân thiện
unfulfilled	a	'ʌnfrul'fild	không hoàn thành, chưa làm xong
ungodly	a	ʌn'gɔdli	không tôn giáo, không tín ngưỡng
ungrateful	a	ʌn'greitful	bạc, vô ơn
unguarded	a	'ʌn'gɑ:did	không được giữ gìn, không được bảo vệ
unhand	v	ʌn'hænd	cho đi, thả ra
unhappily	d		buồn
unhappiness	n	ʌn'hæpinis	tình trạng khổ sở, tình trạng khốn khó
unhappy	a	ʌn'hæpi	không có hạnh phúc, khổ sở
unharmed	a	'ʌn'hɑ:md	không bị tổn hại, không can gì
unhealthy	a	ʌn'helθi	ốm yếu, yếu đuối ốm đau
unheard	a	'ʌn'hə:d	không nghe thấy, không ai nghe
unhelpful	a	'ʌn'helpful	không giúp đỡ gì được, không có tác dụng
unholy	a	ʌn'houli	không linh thiêng
unhook	v	'ʌn'huk	mở khuy
unhurt	a	'ʌn'hə:t	không bị thương, không bị đau
unicef	n		Quỹ nhi đồng Liên Hiệp Quốc
unicorn	n	'ju:nikɔ:n	con kỳ lân
unicycle	n		xe đạp một bánh
unidentified	a	'ʌnai'dentifaid	không được đồng nhất hoá
unification	n	,ju:nifi'keiʃn	sự thống nhất, sự hợp nhất
unified	n		thống nhất, hợp nhất
uniform	a	'ju:nifɔ:m	đồng dạng, cùng một kiểu
uniformed	a		mặc đồng phục, mặc quân phục
unify	v	'ju:nifai	thống nhất, hợp nhất
unilateral	a	'ju:ni'lætərəl	ở về một phía, một bên
unimaginable	a	,ʌni'mædʤinəbl	không thể tưởng tượng được, kỳ quái
unimportant	a	'ʌnim'pɔ:tənt	không quan trọng, không đáng kể
unimpressed	a	'ʌnim'prest	không đúc
uninformed	a	'ʌnin'fɔ:md	không được báo tin, không hay
uninhabitable	a	'ʌnin'hæbitəbl	không thể ở được, không trú ngụ được
uninhabited	a	'ʌnin'hæbitid	không có người ở, bỏ không
uninhibited	a	'ʌnin'hibitid	không bị cấm, tự do
unintelligible	a	'ʌnin'telidʤəbl	khó hiểu, không thể hiểu được
unintended	a		không được định hướng trước, không do dự
unintentional	a	'ʌnin'tenʃənl	không cố ý, không chủ tâm
unintentionally	n		xem unintentional
uninterested	a	'ʌn'intristid	không quan tâm, không chú ý
uninteresting	a	'ʌn'intristiɳ	không hay, không thú vị
uninterrupted	a	'ʌn,intə'rʌptid	không đứt quãng, liên tục
uninvited	a	'ʌnin'vaitid	không được mời
union	n	'ju:njən	sự hợp nhất, sự kết hợp
unique	a	ju:'ni:k	chỉ có một, duy nhất
uniquely	a		đơn nhất, độc nhất vô nhị
Uniqueness	n		Tính độc nhất.
unisex	a		cả nam lẫn nữ, phù hợp cho cả hai giới
unison	n	'ju:nizn	trạng thái đồng âm
unit	n	'ju:nit	một, một cái
unite	v	ju:'nait	nối, hợp làm một
united	a	ju:'naitid	hợp, liên liên kết
unity	n	'ju:niti	tính đơn nhất, tính thuần nhất
universal	a	,ju:ni'və:səl	thuộc vũ trụ, thuộc thế giới
universally	d	,ju:ni'və:səli	phổ thông, phổ biến
universe	n	'ju:nivə:s	vũ trụ, vạn vật
university	n	,ju:ni'və:siti	trường đại học
unjust	a	'ʌn'dʤʌst	bất công
unjustified	a		phi lý
unjustly	d		không công bằng, bất công
unkind	a	ʌn'kaind	không tử tế, không tốt
unknowable	a	'ʌn'nouəbl	không thể biết được
unknowingly	n		xem unknowing
unknown	a	'ʌn'noun	không biết, chưa từng ai biết
unlawful	a	'ʌn'lɔ:ful	không hợp pháp, phi pháp
unlawfully	d		chống lại pháp luật, bất hợp pháp
unleash	v	'ʌn'li:ʃ	mở
unless	c	ən'les	trừ phi, trừ khi
unlicensed	a	'ʌn'laisənst	không được phép, không có giấy phép
unlike	a	'ʌn'laik	khác, không giống
unlikely	a	ʌn'laikli	không chắc, không chắc có thực
unlimited	a	ʌn'limitid	không giới hạn, vô vùng
unlisted	a		không được ghi danh, không có trong danh
unload	v	'ʌn'loud	cất gánh nặng, dỡ hàng
unlock	v	'ʌn'lɔk	mở, mở khoá
unloved	a	'ʌn'lʌvd	không được yêu, không được ưa
unlucky	a	ʌn'lʌki	không may, xúi
unmanned	a	'ʌn'mænd	không có người
unmarked	a	'ʌn'mɑ:kt	không được đánh dấu
unmarried	a	'ʌ'mærid	chưa kết hôn, chưa thành lập gia đình
unmask	v	'ʌn'mɑ:sk	vạch mặt, lột mặt nạ
unmatched	a	'ʌn'mætʃt	chưa ai địch nổi, chưa có gì địch nổi
unmistakable	a	'ʌnmis'teikəbl	không thể lầm lẫn được, không thể hiểu l
unmitigated	a	ʌn'mitigeitid	không giảm nhẹ, không dịu bớt
unmoved	a	'ʌn'mu:vd	không động đậy, không nhúc nhích
unnamed	a	'ʌn'neimd	không tên, vô danh
unnatural	a	ʌn'nætʃrəl	trái với thiên nhiên
unnecessarily	n		xem unnecessary
unnecessary	a	ʌn'nesisəri	không cần thiết, thừa
unnerved	a	'ʌn'nə:vd	bị làm suy nhược
unnerving	a		xem unnerve
unnoticed	a	'ʌn'noutist	không ai thấy, không ai để ý
uno	n	'ju:nou	của United Nations Organization) Liên hi
unoccupied	a	'ʌn'ɔkjupaid	nhàn rỗi, rảnh
unofficial	a	'ʌnə'fiʃəl	không chính thức, không được chính thức
unofficially	n		xem unofficial
unopened	a	'ʌn'oupənd	không mở, bị đóng lại
unopposed	a	'ʌnə'pouzd	không bị chống lại, không gặp sự đối lập
unorthodox	a	'ʌn'ɔ:θədɔks	không chính thống
unpack	v	'ʌn'pæk	mở tháo
unpacked	a	'ʌn'pækt	mở ra, tháo ra
unpaid	a	'ʌn'peid	không trả, không thanh toán
unparalleled	a		vô song, không thể sánh kịp
unpatriotic	a	'ʌn,pætri'ɔtik	không yêu nước
unplanned	a	'ʌn'plænd	không có kế hoạch
unpleasant	a	ʌn'pleznt	khó ưa, xấu
unpleasantness	n	ʌn'plezntnis	tính khó ưa, tính khó chịu
unplug	v	'ʌn'plʌg	tháo nút ra
unpopular	a	'ʌn'pɔpjulə	không có tính chất quần chúng
unprecedented	a	ʌn'presidəntid	không hề có, chưa hề thấy
unpredictability	n		xem unpredictable
unpredictable	a	'ʌnpri'diktəbl	không thể nói trước, không thể đoán trướ
unprepared	a	'ʌnpri'peəd	không sẵn sàng, không chuẩn bị trước
unprofessional	a	'ʌnprə'feʃənl	không hợp với lề thói ngành nghề
unprotected	a	'ʌnprə'tektid	không được bảo vệ, không được bảo hộ
unproven	a	'ʌn'pru:vd/ (unproven) /'ʌn'pru:vd	không có bằng chứng, không được chứng mi
unprovoked	a	'ʌnprə'voukt	không có sự khiêu khích, không bị khiêu
unpublished	a	'ʌn'pʌbliʃt	chưa in, không xuất bản
unpunished	a	'ʌn'pʌniʃt	không bị trừng phạt, không bị phạt
unqualified	a	' n'kw lifaid	không đủ tiêu chuẩn, không đủ trình độ
unquestionably	n		xem unquestionable
unravel	v	n'r v l	tháo ra, gỡ mối
unreachable	a	' n'ri:t  bl	không chìa ra được, không đưa ra được
unreadable	a	' n'ri:d bl	không thể đọc được
unreal	a	' n'ri l	không thực, không thực tế
unrealistic	a		không chân thật, phi hiện thực
unreasonable	a	n'ri:zn bl	vô lý
unrecognizable	a	' n'rek gnaiz bl	không nhận ra được
unregistered	a	' n'red ist d	không vào sổ, không đăng ký
unrelated	a	' nri'leitid	không kể lại, không thuật lại
unrelenting	a	' nri'lenti	không nguôi, không bớt
unreliable	a	' nri'lai bl	không tin cậy được, không đáng tin
unremarkable	a		không nổi bật, tầm thường
unrequited	a	' nri'kwaitid	không được đền đáp, không được đáp lại
unresolved	a	' nri'z lvd	còn do dự, chưa quyết định
unresponsive	a	' nris'p nsiv	không nhạy
unrest	n	' n'rest	tình trạng không yên ổn, tình trạng náo
unrestrained	a	' nris'treind	không bị kiềm chế, không bị nén lại
unrestricted	a	' nris'triktid	không bị hạn chế
unromantic	a	' nr 'm ntik	không có tính chất tiểu thuyết, tầm thườ
unruly	a	n'ru:li	ngỗ ngược, ngang ngạnh
unsafe	a	' n'seif	không an toàn, không chắc chắn
unsaid	a	' n'sed	không nói ra, chưa nói ra
unsanitary	a	' n's nit ri	không hợp vệ sinh, thiếu vệ sinh
unsatisfactory	a	' n,s tis'f kt ri	không làm tho m n, không làm vừa ý
unsatisfied	a	' n's tisfaid	không được tho m n, chưa phỉ
unscathed	a	' n'skei d	không bị tổn thưng
unscheduled	a	' n' edju:ld	không quy định thời hạn
unscrew	v	' n'skru:	nới ra, vặn ra
unscrupulous	a	n'skru:pjul s	không đắn đo, không ngần ngại
unsealed	a		không niêm phong
unsecured	a	' nsi'kju d	không chắc chắn, không đóng chặt
unseemly	a	n'si:mli	không chỉnh, không tề chỉnh
unseen	a	' n'si:n	không thấy, không nhìn thấy được
unselfish	a	' n'selfi	không ích kỷ
unsettled	a	' n'setld	hay thay đổi, bối rối
unsettling	a		không làm cho an tâm, đáng lo
unshakable	a	' n' eik bl	không lay chuyển được
unsightly	a	n'saitli	khó coi, xấu xí
unsigned	a	' n'saind	không đánh dấu, không làm dấu
unskilled	a	' n'skild	không thạo, không khéo
unsolicited	a	' ns 'lisitid	không yêu cầu, không khẩn nài
unsolved	a	' n's lvd	không được gii quyết, không tìm ra
unsophisticated	a	' ns 'fistikeitid	thật, không gi mạo
unsound	a	' n'saund	ôi, thiu, hỏng ; xấu, mọt, mục ; ốm yếu,
unspeakable	a	n'spi:k bl	không thể nói được, không diễn t được
unspoiled	a	' n'sp ild/ (unspoilt) /' n'sp ilt	không bị cướp phá
unspoken	a	' n'spoukn	không nói lên, hiểu ngầm
unstable	a	' n'steibl	không ổn định, không vững
unsteady	a	' n'stedi	không vững, không chắc
unstoppable	a		không thể chặn lại, không thể ngăn ngừa
unstuck	a	' n'st k	chưa bóc, chưa gỡ
unsubstantiated	a	' ns b'st n ieitd	không được chứng minh, không có căn cứ
unsuccessful	a	' ns k'sesful	không thành công, không thắng lợi
unsuccessfully	n		trạng từ
unsuitable	a	' n'sju:t bl	không phù hợp, không thích hợp
unsullied	a	' n's lid	không vết bẩn, không vết nh
unsung	a	' n's	không được hát
unsupervised	a		không bị giám sát
unsure	a	' n' u	không chắc chắn
unsuspecting	a	' ns s'pekti	không nghi ngờ, không ngờ vực
unsustainable	a	' ns s'tein bl	không thể chống đỡ được, không thể biện
unsympathetic	a	' n,simp ' etik	không thông cm, không động lòng thưng
untalented	a	' n't l ntid	không có tài, bất tài
untamed	a	' n'teimd	chưa được dạy thuần
untangle	v	' n't  gl	gỡ rối & )
untapped	a		chưa dùng, chưa khai thác
untenable	a	' n'ten bl	không giữ được, không vững
untested	a		không được thử nghiệm, không được kiểm n
unthinkable	a	n' i k bl	không thể nghĩ ra được, không thể tưởng
untidy	a	n'taidi	xốc xếch, lôi thôi
untie	v	' n'tai	cởi dây, tháo dây
untied	a	' n'taid	đ được cởi dây, đ được tháo dây
until	p	n'til	cho đến, cho đến khi
untimely	a	n'taimli	sớm, không phi mùa
unto	p	' ntu	; to
untold	a	' n'tould	không kể lại, không nói ra
untouchable	a	n't   bl	không thể sờ được, không thể động đến
untouched	a	' n't t t	không sờ đến, không mó đến
untoward	a	n'tou d	bất lịch sự, vô lễ
untraceable	a	' n'treis bl	không khám phá ra được, không thể phát h
untrained	a	' n'treind	không tập, không rèn
untreated	n		chưa gia công
untrue	a	' n'tru:	không đúng, sai
untrustworthy	a	' n'tr st,w : i	không đáng tin cậy
unturned	a	' n't :nd	không lật lại
unusable	a		không dùng được, không thích hợp
unused	a	' n'ju:zd	không dùng, chưa dùng đến
unusual	a	n'ju: u l	không thường, không thông thường
unusually	d		cực kỳ
unveil	v	n'veil	bỏ mạng che mặt
unwanted	a	' n'w ntid	không ai cần đến, không ai mong muốn
unwarranted	a	n'w r ntid	không có lý do xác đáng
unwashed	a	' n'w  t	không rửa, không giặt
unwavering	a	n'weiv ri	không rung rinh, không lung lay
unwed	a	' n'wed/ (unwedded) /' n'wedid	chưa lấy vợ, chưa có chồng
unwelcome	a	n'welk m	đến không phi lúc
unwell	a	' n'wel	không khoẻ, khó ở
unwilling	a	' n'wili	không bằng lòng, không vui lòng
unwillingly	d	' n'wili li	không bằng lòng, không vui lòng
unwind	v	' n'waind	tháo ra, tri ra
unwise	a	' n'waiz	không khôn ngoan, khờ
unwitting	a	n'witi	không có ý thức, không cố ý
unwittingly	n		xem unwitting
unworthy	a	n'w : i	không đáng, không xứng đáng
unwrap	v	' n'r p	mở gói, mở bọc
unwritten	a	' n'ritn	không viết ra, nói miệng
unyielding	a	n'ji:ldi	cứng, không oằn
unzip	v		mở khoá kéo, mở phécmơtuya
up	d	p	ở trên, lên trên
upbeat	n		nhịp không nhấn mạnh
upbringing	n	' p,bri i	sự giáo dục, sự dạy dỗ
update	v		làm cho cập nhật, hiện đại hoá
upgrade	v	' p'greid	đưa lên cấp bậc cao hn, nâng cấp
upheaval	n	p'hi:v l	sự nổi lên, sự dấy lên & )
uphill	a	' p'hil	dốc
uphold	v	p'hould	nâng lên, ngước lên
upholstery	n	p'houlst ri	nghề bọc ghế, nghề làm nệm ghế
upkeep	n	' pki:p	sự bo dưỡng, sự sửa sang
uplift	n	' plift	sự nâng lên, sự đỡ lên
upload	n		tải lên
upon	p	'p n	trên, ở trên
upper	a	' p	trên, cao
uppercut	n		cú đấm móc từ dưới lên với cánh tay gập
uppity	a	' pi / (uppity) /' piti/ (upstage) /' p'steid	tự cao tự đại, trịch thượng
upright	a	' p'rait	đứng thẳng, đứng
uprising	n	p'raizi	sự thức dậy, sự đứng dậy
upriver	a		hướng về/đi về thượng lưu
uproar	n	' p,r :	tiếng ồn ào, tiếng om sòm
uproot	v	p'ru:t	nhổ, nhổ bật rễ
ups	n		thiết bị lưu điện
upset	v	p'set	làm đổ, đánh đổ
upshot	n	' p  t	the upshot kết qu, kết qu cuối cùng
upside	n	' psaid	mặt trên, phần trên
upstage	a	' pi / (uppity) /' piti/ (upstage) /' p'steid	tự cao tự đại, trịch thượng
upstairs	d	' p'ste z	ở trên gác, ở tầng trên
upstanding	a	p'st ndi	dựng ngược, dựng đứng lên
upstart	n	' pst :t	người mới phất
upstate	n		phần của một bang nằm về hướng Bắc) khôn
upstream	d	' p'stri:m	ngược dòng
uptake	n	' pteik	trí thông minh, sự hiểu
uptight	a		bồn chồn, căng thẳng
uptown	a	' p'taun	phố trên, ở phố trên
upward	a	' pw d	đi lên, hướng lên
upwards	a	' pw d	đi lên, hướng lên
uranium	n	ju 'reinj m	Urani
uranus	n		sao Thiên Vương, Thiên Vương tinh
urban	a	:'bein	thành phố, thành thị
urchin	n	' :t in	thằng nhóc, thằng nh i ranh
urdu	n		một thứ tiếng họ hàng với tiếng Hin-đu n
urethra	n	ju 'ri: r	ống đái
urge	n	:d	sự thúc đẩy, sự thôi thúc
urgency	n	' :d  nsi	sự gấp rút, sự cần kíp
urgent	a	' :d  nt	gấp, cần kíp
urgently	n		xem urgent
urinal	n	'ju rinl	bình đái
urinary	a	'ju rin ri	nước tiểu
urinate	v	'ju rineit	đi đái, đi tiểu
urination	n	,ju ri'nei n	sự đi đái, sự đi tiểu
urine	n	'ju rin	nước đái, nước tiểu
urn	n	:n	cái lư, cái vạc
urologist	n		xem urology
us	n	s,  s	chúng tôi, chúng ta
usa	n		nước Mỹ, Hiệp chủng quốc Hoa Kỳ
usable	a	'ju:z bl	có thể dùng được, sử dụng được
usage	n	'ju:zid	cách dùng, cách sử dụng
usd	n		đô la Mỹ, Mỹ kim
use	n	ju:s	sự dùng, cách dùng
used	a	ju:zd	thường dùng, đang dùng
useful	a	'ju:sful	có ích, dùng được
usefulness	n	'ju:sfulnis	sự ích lợi, tính chất có ích
useless	a	'ju:slis	vô ích, vô dụng
user	n	'ju:z	người dùng, người hay dùng
usher	n	'	người chỉ chỗ ngồi
uss	n		chiến hạm Hoa Kỳ
ussr	n		Liên bang Xô viết
usual	a	'ju: u l	thường, thông thường
usually	d	'ju: u li	thường thường, thường lệ
usurp	v	ju:'z :p	lấn chiếm, chiếm đoạt
usurper	n	ju:'z :p	người chiếm đoạt, người cướp ngôi
usury	n	'ju: uri	sự cho vay nặng l i
ut	n		nốt út, nốt đồ
utensil	n	ju:'tensil	đồ dùng, dụng cụ
uterine	a	'ju:t rain	dạ con, tử cung
uterus	n	'ju:t r s	dạ con, tử cung
utility	n	ju:'tiliti	sự có ích, tính có ích
utilize	v	'ju:tilaiz/ (utilise) /'ju:tilaiz	dùng, sử dụng
utmost	a	' tmoust/ (uttermost) /' t moust	xa nhất, cuối cùng
utopia	n	ju:'toupj	điều không tưởng
utopian	a	ju:'toupj	không tưởng
utter	a	' t	hoàn toàn
utterly	d	' t li	hoàn toàn
uv	n		cực tím, tử ngoại
v	n	vi:	V, v
vac	n	væk	của vacation
vaca	n		Bò cái
Vacancies	n		Chỗ làm việc còn trống.
vacancy	n	'veikənsi	tình trạng trống rỗng
vacant	a	'veikənt	trống, rỗng
vacate	v	və'keit	bỏ trống, bỏ không
vacation	n	və'keiʃn	sự bỏ trống, sự bỏ không
vaccinate	v	'væksineit	chủng, tiêm chủng
vaccination	n	,væksi'neiʃn	sự chủng, sự tiêm chủng
vaccine	n	'væksi:n	vacxin
vacuum	n	'vækjuəm	chân không
vag	n		viết tắt của vagrant
vagabond	a	'vægəbənd	lang thang, lêu lổng
vagina	n	və'dʤainə	bao, vỏ bọc
vaginal	a	və'dʤainəl	bao, vỏ bọc
vagrancy	n	'veigrənsi	sự lang thang, lối sống lang thang
vagrant	a	'veigrənt	lang thang, sống lang thang
vague	a	veig	mơ hồ, lờ mờ
vaguely	d		ngờ ngợ
vain	a	vein	vô hiệu, không có kết quả
vale	n	'veili	thung lũng
valedictorian	n	,vælidik'tɔ:riən	đại biểu học sinh đọc diễn văn từ biệt
valentine	n		thiệp chúc mừng
valerian	n	və'liəriən	cây nữ lang
valet	n	'vælit	đầy tớ, người hầu phòng
valiant	a	'væljənt	dũng cảm, can đảm
valiantly	d		dũng cảm, quả quyết
valid	a	'vælid	vững chắc, có căn cứ
validate	v	'vælideit	làm cho có giá trị, làm cho có hiệu lực
validation	n	,væli'deiʃn	sự làm cho có hiệu lực, sự phê chuẩn
validity	n	və'liditi	giá trị pháp lý, hiệu lực
valise	n	və'li:z	va li nhỏ, túi du lịch
valium	n		Valium
valley	n	'væli	thung lũng
valor	n	'vælə	valour
valour	n	'vælə	; ; sự dũng cảm
valuable	a	'væljuəbl	có giá trị lớn, quý giá
valuables	n		đồ quý giá, vật có giá trị
valuation	n	,vælju'eiʃn	sự định giá, sự đánh giá
value	n	'vælju:	giá trị
valued	a	'vælju:d	quý, được chuộng
valve	n	vælv	; van
vamoose	v	və'mu:s/ (vamose) /və'mous/ (vamoose) /və'mu:s	chuồn, chuồn khỏi
vamp	n	væmp	mũi giày
vampire	n	'væmpaiə	ma hút máu, ma cà rồng
van	n	væn	tiền đội, quân tiên phong
vandal	n	'vændəl	người phá hoại những công trình văn hoá
vandalism	n	'vændəlizm	tính hay phá hoại những công trình văn h
vane	n	vein	chong chóng gió
vanguard	n	'vængɑ:d	tiền đội, quân tiên phong
vanilla	n	və'nilə	cây vani
vanish	v	'væniʃ	biến mất, lẩn mất
vanished	a		đã biến mất, không còn nữa
vanishing	n	'væniʃiɳ	sự biến mất, sự tiêu tan
vanity	n	'væniti	tính hư ảo, cái hư ảo
vanquish	v	'væɳkwiʃ	thắng, đánh bại
vanquished	a		bị đánh bại, bị chế ngự
vantage	n	'vɑ:ntidʤ	sự thuận lợi, sự hơn thế
vapid	a	'væpid	nhạt, nhạt nhẽo
vapor	n	'veipə	vapour
vaporize	v	'veipəraiz/ (vaporise) /'veipəraiz	làm cho bốc hơi
vapour	n	'veipə	hơi, hơi nước
variable	a	'veəriəbl	có thể thay đổi
variance	n	'veəriəns	sự khác nhau, sự không đi đôi
variant	a	'veəriənt	khác nhau chút ít
variation	n	,veəri'eiʃn	sự biến đổi, sự thay đổi
varicose	a	'værikous	chứng giãn tĩnh mạch, để chữa chứng giãn
varied	a	'veərid	khác nhau, thay đổi
variety	n	və'raiəti	trạng thái khác nhau, trạng thái muôn mà
various	a	'veəriəs	khác nhau, nhiều thứ khác nhau
varmint	n	'vɑ:mint	người quái ác, người ác hiểm
varnish	n	'vɑ:niʃ	véc ni, sơn dầu
varsity	n	'vɑ:siti	university
vary	v	'veəri	làm cho khác nhau, thay đổi
varying	a	'veəriiɳ	hay thay đổi, hay biến đổi
vas	n	væs	mạch, ống
vasa	n	væs	mạch, ống
vascular	a	'væskjulə	mạch
vase	n	vɑ:z, Mỹ veis, veiz	bình, lọ
vasectomy	n		phẫu thuật cắt ống dẫn tinh
vaseline	n	'væsili:n	vazơlin
vassal	n	'væsəl	chưa hầu, phong hầu
vast	a	vɑ:st	rộng lớn, mênh mông
vastly	d	'vɑ:stli	rộng lớn, mênh mông
vastness	n	'vɑ:stnis	tính chất rộng lớn, tính chất mênh mông
vat	n	væt	thùng to, bể
vatican	n	'vætikən	toà thánh, Va-ti-can
vaudeville	n	'voudəvil	kịch vui, vôđơvin
vault	n	vɔ:lt	cái nhảy qua
vc	n		phó chủ tịch
vcr	n		đầu máy viđêô
vd	n		bệnh hoa liễu, giang mai
veal	n	vi:l	thịt bê
vector	n	'vektə	vectơ
veda	n	'veidə	kinh Vệ đà
vee	a		dạng chữ V
veer	n	viə	sự xoay chiều
veg	n		rau
vega	n		sao Vêga, sao Bạch Minh
vegan	n		người ăn chay chặt chẽ
vegetable	a	'vedʤitəbl	thực vật
vegetarian	n	,vedʤi'teəriən	người ăn chay
vegetation	n	,vedʤi'teiʃn	cây cối, cây cỏ
vegetative	a	'vedʤitətiv	sinh dưỡng
vehemently	n		trạng từ
vehicle	n	'vi:ikl	xe, xe cộ
vehicular	a	vi'hikjulə	xe cộ
veil	n	veil	mạng che mặt
veiled	a	veild	che mạng
vein	n	vein	tĩnh mạch
velcro	n		loại khoá dán, khoá Velcro
velocity	n	vi'lɔsiti	tốc độ, tốc lực
velour	n		nhung len
velvet	n	'velvit	nhung
velvety	a	'velviti	mượt như nhung
vena	n	'vi:nə	tĩnh mạch
vendetta	n	ven'detə	thù máu
vending	n		công việc buôn bán, thương nghiệp
vendor	n	'vendɔ:	vender
veneer	n	vi'niə	lớp gỗ mặt
venerable	a	'venərəbl	đáng tôn kính
veneration	n	,venə'reiʃn	sự tôn kính
venereal	a	vi'niəriəl	giao cấu
venetian	a	vi'ni:ʃn	thành phố Vơ-ni-đơ
venezuelan	a		thuộc nước Vênêduêla
vengeance	n	'vendʤəns	sự trà thù, sự báo thù
vengeful	a	'vendʤful	hay nghĩ đến việc báo thù
venison	n	'venzn, (Mỹ) 'venizn	thịt hươu, thịt nai
venom	n	'venəm	nọc độc
venomous	a	'venəməs	độc
vent	n	vent	lỗ, lỗ thông, lỗ thoát, lỗ thủng
ventilate	v	'ventileit	thông gió, thông hơi
ventilation	n	,venti'leiʃn	sự thông gió, sự thông hơi
ventilator	n	'ventileitə	bộ thông gió, máy thông gió
venting	n		sự thải ra không trung
ventricle	n	'ventrikl	thất
ventricular	a	ven'trikjulə	tâm thất, não thất
ventriloquism	n	ven'triləkwizm/ (ventriloquy) /ven'triləkwi	tài nói tiếng bụng, sự nói tiếng bụng
ventriloquist	n	ven'triləkwist	người nói tiếng bụng
venture	n	'ventʃə	việc mạo hiểm, việc liều lĩnh
venue	n	'venju:	nơi lập toà xử án
venus	n	'vi:nəs	thần vệ nữ, thần ái tình
veracity	n	ve'reiʃəsnis/ (veracity) /ve'ræsiti	tính chân thực
veranda	n	və'rændə/ (verandah) /və'rændə	hiên, hè
verb	n	və:b	động từ
verbal	a	'və:bəl	từ, lời
verbally	d	'və:bəli	bằng miệng, bằng lời nói
verbatim	a	və:'beitim	đúng nguyên văn, đúng từ chữ một
verdict	n	'və:dikt	lời tuyên án, lời phán quyết
verge	n	və:dʤ	bờ, ven
verger	n	'və:dʤə	người cai quản giáo đường
verification	n	,verifi'keiʃn	sự thẩm tra
verify	v	'verifai	thẩm tra, kiểm lại
verily	d	'verili	thực ra, quả thực
veritable	a	'veritəbl	thực, thực sự
verity	n	'veriti	sự thực, chân lý
vermilion	n	və'miljən	thần sa, son
vermin	n	'və:min	sâu, vật hại
vermouth	n	'və:məθ/ (vermouth) /'və:məθ	rượu vecmut
vernacular	a	və'nækjulə	bản xứ, mẹ đẻ
veronica	n	vi'rɔnikə	cây thuỷ cự
versatile	a	'və:sətail	nhiều tài, uyên bác
versatility	n	,və:sə'tiliti	sự có nhiều tài, tính linh hoạt
verse	n	və:s	câu thơ
versed	a	və:st	thành thạo, giỏi
version	n	'və:ʃn	bản dịch
versus	p	'və:səs	chống, chống lại
vert	n	və:t	, cây xanh trong rừng
vertebra	n	'və:tibri:	đốt sống
vertebrae	n	'və:tibri:	đốt sống
vertical	a	'və:tikəl	thẳng đứng, đứng
vertically	n		trạng từ
vertigo	n	'və:tigou	sự chóng mặt
vervain	n	'və:vein	cỏ roi ngựa
very	a	'veri	thực, thực sự
vessel	n	'vesl	bình, chậu
vest	n	vest	áo lót
vesta	n	'vestə	bà Táo La mã)
vestal	a	'vestl	bà Táo
vested	a	'vestid	được trao cho, được ban cho
vestibule	n	'vestibjul	phòng ngoài, tiền sảnh
vet	n	vet	của veteran
veteran	n	'vetərən	người kỳ cựu
veterinarian	n	,vetəri'neəriən	thầy thuốc thú y
veterinary	a	'vetərinəri	thú y
veto	n	'vi:tou	quyền phủ quyết, sự phủ quyết
vex	v	veks	làm bực, làm phật ý
vexed	a	vekst	phật ý, bực tức
via	p	vaiə	qua, theo đường
viability	n	,vaiə'biliti	khả năng sống được
viable	a	'vaiəbl	có thể sống được
viaduct	n	'vaiədʌkt	cầu cạn
vial	n	'vaiəl	lọ nhỏ
vibes	n		đàn tăng rung
vibrant	a	'vaibrənt	rung, rung động
vibrate	v	'vaibrənt	rung, rung động
vibration	n	vai'breiʃn	sự rung động, sự làm rung động
vibrato	n		tiếng rung, tiếng réo rắt
vibrator	n	vai'breitə	vật rung động
vic	n		người tù
vicar	n	'vikə	cha sở
vicarage	n	'vikəridʤ	hoa lợi của cha sở
vicariously	n		xem vicarious
vice	n	vais	thói xấu, nết xấu
viceroy	n	'vaisrɔi	phó vương, kinh lược
vicinity	n	vi'siniti	sự lân cận, sự tiếp cận
vicious	a	'viʃəs	xấu xa, đồi bại
viciously	d		xấu xa, hằn học
victim	n	'viktim	vật bị hy sinh, người bị chết vì
victor	n	'viktə	người thắng cuộc, kẻ chiến thắng
victoria	n	vik'tɔ:riə	xe ngựa bốn bánh mui trần
victorian	a		có những tính chất và quan điểm được gán
victorious	a	vik'tɔ:riəs	chiến thắng, thắng cuộc
victory	n	'viktəri	sự chiến thắng, sự thắng cuộc
video	a	'vidiou	truyền hình, dùng trong truyền hình
videotape	n		băng viđêô
vie	v	vai	ganh đua, thi đua
vietnam	n		Việt Nam
vietnamese	a	,vjetnə'mi:z	Việt nam
view	n	vju:	sự nhìn, sự thấy
viewer	n	'vju:ə	người xem
viewing	n		sự xem phim
viewpoint	n		chỗ đứng nhìn tốt, chỗ dễ nhìn
vigil	n	'vidʤil	sự thức khuya, sự thức để trông nom
vigilance	n	'vidʤiləns	sự cảnh giác, sự thận trọng
vigilant	a	'vidʤilənt	cảnh giác, thận trọng
vigilante	n	,vidʤi'lænti	uỷ viên uỷ ban trật tự vigilance_committ
vigor	n	'vigə	vigour
vigorous	a	'vigərəs	mạnh khoẻ, cường tráng
vigorously	d		sôi nổi, mãnh liệt
vigour	n	'vigə	sức mạnh, sự cường tráng
viking	n	'vaikiɳ	cướp biển 8 10)
vile	a	vail	hèn hạ, đê hèn
villa	n	'vilə	biệt thự, biệt thự ở ngoại ô
village	n	'vilidʤ	làng, xã
villager	n	'vilidʤə	dân làng, dân nông thôn
villain	n	'vilən	côn đồ, kẻ hung ác
villainous	a	'vilənəs	côn đồ, hung ác
villainy	n	'viləni	tính chất côn đồ, hành động côn đồ
vinaigrette	n	,vinei'gret	nước xốt dầu giấm vinaigrette sauce)
vindication	n	,vindi'keiʃn	sự chứng minh, sự bào chữa
vindictive	a	vin'diktiv	hay báo thù, thù oán
vine	n	vain	cây nho
vinegar	n	'vinigə	giấm
vineyard	n	'vinjəd	ruộng nho, vườn nho
vino	n		rượu vang
vintage	n	'vintidʤ	sự hái nho, mùa hái nho
vinyl	n		nhựa vinyl
viola	n	vi'oulə	đàn antô
violate	v	'vaiəleit	vi phạm, xâm phạm
violation	n	,vaiə'leiʃn	sự vi phạm, sự xâm phạm
violence	n	'vaiələns	sự dữ dội, sự mãnh liệt
violent	a	'vaiələnt	mạnh mẽ, dữ dội
violently	d	'vaiələntli	mãnh liệt, dữ
violet	a	'vaiəlit	tím
violin	n	,vaiə'lin	đàn viôlông
violinist	n	,vaiəlinist	người chơi viôlông
vip	n		nhân vật quan trọng, yếu nhân
viper	n	'vaipə	rắn vipe
viral	n	'vaiərəl	virut
virgin	n	'və:dzin	gái trinh, gái đồng trinh
virginal	a	'və:dʤinl	gái trinh, trinh khiết
virginia	n	və'dʤinjə	thuốc lá viaginia
virginity	n	'və:dʤinhud/ (virginity) /və:'dʤiniti	sự trong trắng, sự trinh bạch
virgo	n		Xử nữ
virile	a	'virail	đàn ông, mang tính chất đàn ông
virility	n	vi'riliti	tính chất đàn ông
virtual	a	'və:tjuəl	thực sự, thực tế
virtually	d	'və:tjuəli	thực sự, thực tế
virtue	n	'və:tju:	đức, đức hạnh
virtuoso	n	,və:tju'ouzou	người có trình độ kỹ thuật cao
virtuous	a	'və:tjuəs	có đức, có đạo đức
virulent	a	'virulənt	độc
virus	n	'vaiərəs	virut
vis	n		tử tước
visa	n	'vi:zə/ (visé) /'vi:zei	thị thực
visage	n	'vizidʤ	mặt, sắc mặt
visceral	a	'visərəl	nội tạng, phủ tạng
viscount	n	'vaikaunt	tử tước
viscous	a	'visid/ (viscous) /'viskəs	sền sệt, lầy nhầy
vise	n	vais	vice
visibility	n	,vizi'biliti	tính chất có thể trông thấy được
visible	a	'vizəbl	thấy được, có thể trông thấy được
visibly	d	'vizəbli	rõ ràng, rõ rệt
vision	n	'viʤn	sự nhìn, sức nhìn
visionary	a	'viʤnəri	tưởng tượng, hão huyền
visit	n	'vizit	sự đi thăm, sự thăm hỏi
visitation	n	,vizi'teiʃn	sự đi thăm, sự đến thăm
visiting	n	'vizitiɳ	sự thăm hỏi, sự thăm viếng
visitor	n	'vizitə	khách, người đến thăm
visor	n	'vaizə/ (visard) /'vizəd/ (vizard) /'vizɑ:d/ (vizor) /'vaizə	lưới trai mũ
vista	n	'vistə	cảnh nhìn xa qua một lối hẹp
visual	a	'vizjuəl	nhìn, thị giác
visualise	v		hình dung, mường tượng
visualization	n	'vizjuəlai'zeiʃn	sự làm cho mắt trông thấy được
visualize	v	'vizjuəlaiz	làm cho mắt trông thấy được
visually	d	'vizjuəli	bằng mắt
vital	a	'vaitl	sống, cần cho sự sống
vitality	n	vai'tæliti	sức sống, sinh khí
vitally	d		cực độ, cực kỳ
vitals	n	'vaitlz	cơ quan bảo đảm sự sống
vitamin	n	'vitəmin	vitamin
viva	i	'vi:və	muôn năm!
vivacious	a	vi'veiʃəs	hoạt bát, nhanh nhảu
vivid	a	'vivid	chói lọi, sặc sỡ
vividly	d		chói, chói lọi
vixen	n	'viksn	con cáo cái
vizier	n	vi'ziə/ (vizier) /vi'ziə/ (wizier) /wi'ziə	tể tướng, vizia
vocabulary	n	və'kæbjuləri	từ vựng
vocal	a	'voukəl	phát âm, thanh âm
vocalist	n	'voukəlist	người hát
vocally	d		bằng lời nói, bằng cách dùng tiếng nói
vocation	n	vou'keiʃn	thiên hướng
vocational	a	vou'keiʃənl	nghề nghiệp
vodka	n	'vɔdkə	rượu vôtca
vogue	n	voug	mốt, thời trang
voice	n	vɔis	tiếng, tiếng nói
voiced	a	vɔist	kêu
void	a	vɔid	trống, bỏ không
volatile	a	'vɔlətail	dễ bay hơi
volcanic	a	vɔl'kænik	núi lửa
volcano	n	vɔl'keinou	núi lửa
vole	n	voul	chuột đồng, chuột microtut
volition	n	vou'liʃn	ý muốn
volley	n	'vɔli	loạt, tràng
volleyball	n	'vɔlibɔ:l	bóng chuyền
volt	n	voult	vôn
voltage	n	'voultidʤ	điện áp
volume	n	'vɔljum	quyển, tập
voluntarily	d		tự ý, tự nguyện
voluntary	a	'vɔləntəri	tự ý, tự nguyện
volunteer	n	,vɔlən'tiə	quân tình nguyện
volunteering	n	,vɔlən'tiəriɳ	chế độ quân tình nguyện
voluptuous	a	və'lʌptjuəs	khoái lạc, ưa nhục dục
vomit	n	'vɔmit	chất nôn mửa ra
voodoo	n	'vu:du:	sự dùng tà thuật, sự tin tà thuật
voracious	a	və'reiʃəs	tham ăn, phàm ăn
vortex	n	'vɔ:teks	gió cuộn, gió xoáy
vote	n	vout	sự bỏ phiếu
voter	n	'voutə	người bỏ phiếu, người bầu cử
voting	n	'voutiɳ	sự bỏ phiếu, sự bầu cử
vouch	v	vautʃ	dẫn chứng, chứng rõ
voucher	n	'vautʃə	người bảo đảm
vow	n	vau	lời thề, lời nguyền
vowel	n	'vauəl	nguyên âm
voyage	n	'vɔidʤ	cuộc du lịch xa bằng đường biển
voyager	n	'vɔiədʤə	người đi du lịch xa bằng đường biển
voyeur	n	vwɑ:'jə	người thích xem hình ảnh khiêu dâm
vr	n		thực tế ảo, thực tại ảo
vs	n		chống, chống lại
vulcan	n	'vʌlkɔn	thần lửa
vulgar	a	'vʌlgə	thông thường, thường
vulgarity	n	vʌl'gæriti	tính thông tục
vulnerability	n	,vʌlnərə'biliti	tính chất có thể bị tổn thương, tính chấ
vulnerable	a	'vʌlnərəbl	có thể bị tổn thương, có thể bị tấn công
vulture	n	'vʌltʃə	kền kền
vulva	n	'vʌlvə	âm hộ
vying	n	'vaiiɳ	sự ganh đua, sự thi đua
w	n	'dʌblju:	W, w
wacky	a	'wɔbl	tàng tàng, điên điên
wad	n	wɔd	nùi
waddle	n	'wɔdl	dáng đi núng nính, dáng đi lạch bạch như
wade	n	weid	sự lội, sự lội qua
wadi	n	'wɔdi	sông ngòi chỉ có nước vào mùa mưa
wafer	n	'weifə	bánh quế
waffle	n	'wɔfl	bánh quế
wag	n	wæg	người hay nói đùa, người tinh nghịch
wage	n	weidʤ	tiền lương, tiền công
wager	n	'weidʤə	sự đánh cuộc
wagon	n	'wægən/ (waggon) /'wægən	xe ngựa, xe bò
wail	n	weif	tiếng than van, tiếng khóc than
wailing	a		khóc than, than vãn
waist	n	weist	chỗ thắt lưng
waistband	n		cạp
waistcoat	n	'weiskout	áo gi lê
wait	n	weit	sự chờ đợi, thời gian chờ đợi
waiter	n	'weitə	người hầu bàn
waiting	n	'weitiɳ	sự đợi, sự chờ
waitress	n	'weitris	chị hầu bàn
waive	v	weiv	bỏ, từ bỏ, khước từ
waiver	n	'weivə	sự bỏ, sự từ bỏ
wake	n	weik	lằn tàu
waken	v	'weikən	đánh thức
walk	n	wɔ:k	sự đi bộ, sự bước
walkabout	n		thời kỳ đi lang thang trong rừng cây của
walker	n	'wɔ:kə	người đi bộ
walking	n	'wɔ:kiɳ	sự đi, sự đi bộ
walkman	n		máy cát-xét nhỏ có tai nghe có thể đeo v
walkway	n		đường dành cho người đi bộ
wall	n	wɔ:l	tường, vách
walla	n	'wɔlə/ (walla) /'wɔlə	người làm, người làm công
walled	a		có tường bao quanh, như có tường bao qua
waller	n		thợ nề, thợ xây
wallet	n	'wɔlit	đãy, bị
wallflower	n	'wɔ:l,flauə	cây quế trúc
walling	n		sự xây tường
wallop	n	'wɔləp	cái quất, cái vụt mạnh
wallow	n	'wɔlou	bãi trâu đằm, bãi đằm
wallpaper	n	'wɔ:l,peipə	giấy dán tường
wally	n		kẻ ngu ngốc, người ngớ ngẩn
walnut	n	'wɔ:lnət	quả óc chó
walrus	n	'wɔ:lrəs	con moóc
waltz	n	wɔ:ls	điện nhảy vanxơ
wan	a	wɔn	xanh xao, nhợt nhạt
wand	n	wɔnd	đũa thần, gậy phép
wander	v	'wɔndə	đi thơ thẩn, đi lang thang
wanderer	n	'wɔndərə	người đi lang thang, người nay đây mai đ
wandering	n	'wɔndəriɳ	sự đi lang thang
wane	n	wein	sự khuyết, tuần trăng khuyết
wank	v		thủ dâm
wanker	n		người bất tài, người ngu đần
want	n	wɔnt	sự thiếu, sự không có
wanted	a	'wɔntid	cần, được cần đến
wanting	a	'wɔntiɳ	thiếu, không có
wanton	a	'wɔntən	tinh nghịch, nghịch gợm
wantonly	d		bướng, ngang ngạnh
war	n	wɔ:	chiến tranh
warble	n	'wɔ:bl	chai yên
warbler	n	'wɔ:blə	chim chích
ward	n	wɔ:d	sự trông nom, sự bảo trợ
warden	n	'wɔ:dn	dân phòng
warder	n	'wɔ:də	cai ngục
wardrobe	n	'wɔ:droub	tủ quần áo
wardroom	n		chỗ trên một tàu chiến, nơi tất cả các s
wards	n		hậu tố
ware	n	weə	đồ, vật chế tạo
warehouse	n	'weəhaus	kho hàng
warfare	n	'wɔ:feə	chiến tranh
warhead	n		đầu nổ của một tên lửa hay ngư lôi
warlike	a	'wɔ:laik	chiến tranh
warlock	n		thầy phù thủy
warm	a	wɔ:m	ấm; làm cho ấm
warmer	n	'wɔ:mə	lồng ấp
warming	n	'wɔ:miɳ	sự làm ấm, sự hâm
warmly	d		một cách ấm áp
warmth	n	wɔ:mθ	hơi nóng, nhiệt
warn	v	wɔ:n	báo cho biết
warner	n	'wɔ:nə	máy báo
warning	n	'wɔ:niɳ	sự báo trước, lời báo trước
warp	n	wɔ:p	sợi dọc
warped	a		bị biến dạng, bị bẻ cong
warrant	n	'wɔrənt	sự cho phép, giấy phép
warranty	n	'wɔrənti	sự cho phép, sự được phép
warren	n	'wɔrin	nơi có nhiều thỏ
warring	a		đang đánh nhau, đang có chiến tranh
warrior	n	'wɔriə	quân nhân, chiến sĩ
warship	n	'wɔ:ʃip	tàu chiến
wart	n	wɔ:t	hột cơm, mụn cóc
wartime	n		thời chiến
wary	a	'weəri	thận trọng, cẩn thận
was	v	bi:	thì, là
wash	n	wɔʃ	sự tắm rửa, sự tắm gội
washed	a		được rửa sạch, được tắm sạch
washer	n	'wɔʃə	người giặt, người rửa
washing	n	'wɔʃiɳ	sự tắm rửa, sự tắm gội
wasp	n	wɔsp	ong bắp cày
waste	a	weist	bỏ hoang, hoang vu
wasted	a		nghiện ma túy
wasteful	a	'weistful	lãng phí, hoang phí
wasteland	n		đất hoang, đất khô cằn
wasting	n	'westiɳ	sự tàn phá, sự phá hoại
wastrel	n	'weistrəl	waster
watch	n	wɔtʃ	đồng hồ quả quít, đồng hồ đeo tay
watchdog	n	'wɔtʃdɔg	chó giữ nhà
watcher	n	'wɔtʃə	người thức canh, người canh đêm
watchful	a	'wɔtʃful	thận trọng, cảnh giác
watching	n		sự canh phòng, sự theo dõi
watchman	n	'wɔtʃmən	người gác
watchmen	n		nhân viên bảo vệ
water	n	'wɔ:tə	nước
watered	a	'wɔ:təd	pha nước, pha loãng
waterfall	n	'wɔ:təfɔ:l	thác nước
watering	n	'wɔ:təriɳ	sự tưới, sự tưới nước
waterman	n	'wɔ:təmən	người làm nghề chạy thuyền, người chuyên
watermark	n	'wɔ:təmɑ:k	ngấn nước
waterproof	a	'wɔ:təpru:f	không thấm nước
watershed	n	'wɔ:təʃed	đường phân nước
watertight	a	'wɔ:tətait	kín nước
waterway	n	'wɔ:təwei	đường sông tàu bè qua lại được
waterworks	n	'wɔ:təwə:ks	hệ thống cung cấp nước
watery	a	'wɔ:təri	ướt, đẫm nước
watt	n	wɔt	oát
wave	n	weiv	sóng, làn sóng & )
waved	a		lượn sóng
waver	v	'weivə	rung rinh, chập chờn
wavering	a	'weivəriɳ	rung rinh, chập chờn
wavy	a	'weivi	gợn sóng, giập giờn
wax	n	wæks	sáp ong beeswax)
waxed	a		bôi sáp
waxy	a	'wæksi	giống sáp, có màu sáp
way	n	wei	đường, đường đi
wayside	n	'weisaid	bờ đường, lề đường
wayward	a	'weiwəd	ương ngạnh, bướng bỉnh
we	n	wi:	chúng tôi, chúng ta
weak	a	wi:k	yếu, yếu ớt
weaken	v	'wi:kən	làm yếu đi, làm nhụt
weakening	n	'wi:kniɳ	sự làm yếu, sự suy yếu
weakling	n	'wi:kliɳ	người yếu ớt, người ốm yếu
weakly	a	'wi:kli	yếu, yếu ớt
weakness	n	'wi:knis	tính chất yếu, tính yếu đuối
wealth	n	welθ	sự giàu có, sự giàu sang
wealthy	a	'welθi	giàu, giàu có
wean	v	wi:n	thôi cho bú, cai sữa
weapon	n	'wepən	vũ khí & )
weaponry	n		các vũ khí
wear	n	weə	sự mang, sự dùng
wearable	a	'weərəbl	có thể mặc được, có thể bận được
wearer	n	'weərə	người mang, người đeo
weariness	a	'weiərinis	sự mệt mỏi, sự mệt nhọc
wearing	a		làm cho mệt mỏi
weary	a	'wiəri	mệt, mệt mỏi
weasel	n	'wi:zl	con chồn
weather	n	'weθə	thời tiết, tiết trời
weatherman	n	'weðəmə	, nhà khí tượng học
weave	n	wi:v	kiểu, dệt
weaver	n	'wi:və	người dệt vải, thợ dệt
weaving	n	'wi:viɳ	sự dệt
web	n	web	vi dệt, tấm vi
webbed	a	webd	có màng chân
webbing	n	'webi	vi làm đai
webby	a		thuộc mạng nhện, giống mạng nhện
webster	n		thợ dệt
wed	v	wed	g chồng, cưới vợ cho
wedded	a	'wedid	vợ chồng, có vợ
wedding	n	'wedi	lễ cưới
wedge	n	wed	cái nêm
wedlock	n	'wedl k	sự kết hôn, tình trạng kết hôn
wednesday	n	'wenzdi	Wednesday ngày thứ tư
weds	n		thứ Tư
wee	a	wi:	rất nhỏ, nhỏ xíu
weed	n	wi:d	cỏ dại
weeding	n		sự nhổ cỏ, sự giẫy cỏ
weeds	n	wi:dz	quần áo đại tang widow's weeds)
week	n	wi:k	tuần lễ, tuần
weekday	n		ngày thường trong tuần
weekend	n		cuối tuần
weekly	a	'wi:kli	kéo dài một tuần
weeny	a		nhỏ xíu
weep	v	wi:p	khóc
weeping	a	'wi:pi	đang khóc, khóc lóc
weepy	a		muốn khóc
weevil	n	'wi:vil	mọt ngũ cốc
wei	n		Nhà Nguỵ
weigh	n	wei	under weigh đang đi, dọc đường
weight	n	'weit	trọng lượng, sức nặng
weighted	n		có trọng lượng
weightless	a	'weitlis	không nặng, không có trọng lượng
weightlessness	n		tình trạng phi trọng lượng
weighty	a	'weiti	nặng
weir	n	wi	đập nước
weird	n	wi d	số phận, số mệnh
weirdly	d		không tự nhiên, huyền bí
weirdness	n	'wi dnis	tính chất siêu tự nhiên, tính chất phi t
weirdo	n		người lập dị, người cư xử lập dị
welch	v	wel / (welch) /wel	chạy làng
welcome	a	'welk m	được tiếp đ i ân cần, được hoan nghênh
weld	n	weld	mối hàn
welder	n		thợ hàn
welding	n	'weldi	sự hàn, kỹ thuật hàn
welfare	n	'welfe	hạnh phúc, phúc lợi
well	v	wel	phun ra, vọt ra
wellington	n		giày ủng bằng cao su không thấm nước, th
wellingtons	n	'weli t nz	ủng, bốt Wellington boots)
welsh	v	wel / (welch) /wel	chạy làng
welt	n	welt	đường viền
wen	n	wen	bướu giáp
wench	n	went	thiếu nữ, cô gái
wept	v	wi:p	khóc
were	v	bi:	thì, là
werewolf	n	'w :wulf/ (werewolf) /'w :wulf	ma chó sói
werewolves	n		ma sói
west	n	west	hướng tây, phưng tây
westbound	a		đi về phía tây, hướng về phía tây
westerly	a	'west li	tây
western	a	'west n	phía tây, của phưng tây
westerner	n	'west n	người phưng tây
westward	n	'westw d	hướng tây
wet	a	wet	ẩm; ướt, thấm nước, đẫm nước, đầm đìa
wetlands	n		khu vực đầm lầy
wetting	n	'weti	sự làm ướt, sự thấm nước
whack	n	w k/ (thwack) / w k	cú đánh mạnh, đòn đau
whacked	a		hết sức mệt mỏi, kiệt sức
whacking	n	'w ki	sự đánh đập
whale	n	weil	cá voi
whaler	n	'weil	người đánh cá voi
whaling	n	'weili	sự đánh cá voi, nghề đánh cá voi
wham	n		tiếng động của một cú đánh mạnh, bất ngờ
wharf	n	w :f	bến tàu, cầu tàu
what	n	w t	gì, thế nào
whatever	a	w t'ev	nào
whatnot	n		đồ linh tinh, thứ tầm thường
whatsoever	n	,w tsou'e	dạng nhấn mạnh của whatever
wheat	n	wi:t	cây lúa mì
wheel	n	wi:l	bánh & )
wheelbarrow	n	'wi:l,b rou	xe cút kít
wheelchair	n		xe lăn
wheeled	a	'wi:ld	có bánh xe
wheeler	n	'wi:l	ngựa buộc gần bánh xe
wheelie	n		sự đi một bánh
wheeling	n		sự đi xe đạp
wheeze	n	wi:z	sự thở khò khè
wheezing	n	'wi:zi	sự thở khò khè
whelp	n	welp	chó con, chó sói con
when	d	wen	khi nào, hồi nào
whence	d	wens	từ đâu, do đâu
whenever	d	wen'ev	bất cứ lúc nào, lúc nào
where	d	we	đâu, ở đâu
whereabouts	d	'we r 'bauts	ở đâu vậy, ở phía nào
whereas	c	we r' z	nhưng trái lại, trong khi mà
whereby	d	we 'bai	do cái gì, bằng cách gì
wherefore	d	'we f :	tại sao, vì sao
wherein	d	we r'in	ở chỗ nào, ở điểm nào
whereof	d	we r' v	về cái gì, về ai
whereupon	d	,we r 'p n	về cái đó
wherever	d	we 'ev	ở ni nào, đến ni nào
wherewithal	d	,we wi  :l	where-with
whet	n	wet	sự mài
whether	c	'we	có... không, có... chăng
whew	i	hwu:	ôi!, ôi thôi!
whey	n	wei	nước sữa
which	a	wit	nào
whichever	a	wit 'ev	nào, bất cứ... nào
whiff	n	wif	cá bn
while	n	wail	lúc, chốc
whilst	c	wailst	while
whim	n	wim	ý chợt ny ra, ý thích chợt ny ra
whimper	n	'wimp	tiếng khóc thút thít, giọng rên rỉ
whimpering	a	'wimp ri	khóc thút thít, rên rỉ
whimsical	a	'wimzik l	bất thường, hay thay đổi
whimsy	n	'wimzi	whim
whine	n	wain	tiếng rên rỉ, tiếng than van
whining	a	'waini	hay rên rỉ, hay than van
whinny	n	'wini	tiếng hí
whip	n	wip	roi, roi da
whiplash	n	'wipl	dây buộc đầu roi
whipping	n	'wipi	trận roi, trận đòn
whir	n	w :/ (whirr) /w :	tiếng kêu vù vù, tiếng kêu vo vo
whirl	n	w :l	sự xoay tít, sư xoáy
whirlpool	n	'w :lpu:l	xoáy nước
whirlwind	n	'w :lwind	cn gió cuốn, gió lốn
whisk	n	wisk	sự cử động mau lẹ, cái lướt nhanh
whiskers	n	'wisk z	tóc mai dài
whiskey	n		rượu uytky
whisky	n	'wiski/ (whisky) /'wiski	rượu uytky
whisper	n	'wisp	tiếng nói thầm, tiếng xì xào
whisperer	n	'wipsp r	người hay nói thầm, người hay thì thầm
whispering	n	'wisp ri	tiếng nói thầm, tiếng thì thầm
whist	n	wist	Uýt
whistle	n	'wisl	sự huýt sáo, sự huýt còi
whistler	n	'wisl	người hay huýt gió, người hay huýt sáo
whit	n	wit	not a whit, no whit chẳng tí nào
white	a	wait	trắng, bạch
whitehall	n		đường phố có nhiều cơ quan của chính phủ
whiteness	n	'waitnis	sắc trắng, màu bạc
whitewash	n	'waitw	nước vôi
whitey	a		trắng nhờ nhờ
whither	d	'wi	đâu, đến đâu
whiting	n	'waiti	vôi bột trắng
whittle	n	'witl	dao bầu
whittling	n	'witli	mnh đẽo
whiz	n	wiz/ (whizz) /wiz	tiếng rít, tiếng vèo
whizz	n		tiếng rít, tiếng vèo
who	n	hu:	ai, người nào, kẻ nào, người như thế nào
whoa	i	wou/ (whoa) /woud	họ!, họ!
whoever	n	hu:'ev	ai, người nào, bất cứ ai, bất cứ người n
whole	a	houl	bình an vô sự, không suy suyển
wholeheartedly	d		toàn tâm toàn ý, một lòng một dạ
wholesale	n	'houlseil	sự bán buôn, sự bán sỉ
wholesaler	n	'houl,seil	người bán buôn
wholesome	a	'houls m	lành, không độc
wholly	d	'houlli	toàn bộ, hoàn toàn
whom	n	hu:m	ai, người nào
whomever	n	hu:m'ev	ai, người nào; bất cứ ai, bất cứ người n
whoo	n		interj
whoop	i	hu:p	húp!
whoopee	i	'wu'pi:	hoan hô!['wupi:]
whopper	n	'w p	cái to lớn khác thường
whopping	a	'w pi	to lớn khác thường
whore	n	h :	đĩ, gái điếm
whorehouse	n		nhà thổ, lầu xanh
whose	n	hu:z	của ai
whosoever	n	,hu:sou'ev	dạng nhấn mạnh của whoever
why	d	wai	tại sao, vì sao
whys	n		lý do, lý do tại sao
wick	n	wik	bấc
wicked	a	'wikid	xấu, hư
wickedness	n	'wikidnis	tính chất đồi bại
wicker	n	'wik	liễu gai
wicket	n	'wikit	cửa nhỏ, cửa xép
wide	a	waid	rộng, rộng lớn
widely	d	'waidli	nhiều, xa
widen	v	'waidn	làm cho rộng ra, nới rộng ra
widening	n	'waidni	sự làm rộng, sự nới rộng
widespread	a	'waidspred	lan rộng, phổ biến
widow	n	'widou	người đàn bà goá, qu phụ
widowed	a	'widoud	goá
widower	n	'widou	người goá vợ
width	n	wid	tính chất rộng
wield	v	wi:ld	nắm và sử dụng
wife	n	waif	vợ
wig	n	wig	bộ tóc gi
wiggle	n	'wigl	sự lắc lư, sự ngọ nguậy
wiggly	a		lượn sóng
wight	n	wait	người, kẻ
wigwam	n		lều
wild	a	waild	dại, hoang rừng
wildcat	a	'waildk t	liều, liều lĩnh
wilderness	n	'wild nis	vùng hoang vu, vùng hoang d
wildfire	n	'waild,fai	chất cháy
wildlife	n		những thú vật, chim muông... hoang dã
wildness	n	'waildnis	tình trạng hoang d
wile	n	wail	mưu mẹo, mưu chước
wilful	a	'wilful	cố ý, chủ tâm
will	n	wil	ý chí, chí
willful	a	'wilful	wilful
willies	n	'wiliz	sự sợ h i, sự sợ sệt
willing	a	'wili	bằng lòng, vui lòng
willingly	d	'wili li	sẵn lòng, vui lòng
willingness	n	'wili nis	sự bằng lòng, sự vui lòng
willow	n	'wilou	cây liễu
wilt	v	wilt	làm héo
wily	a	'waili	xo trá, quỷ quyệt
wimp	n		người yếu đuối, người nhút nhát
win	n	win	sự thắng cuộc
winch	n	wint	tời
wind	n	wind, (thÔ) waind	gió
windbag	n	'windb g	người hay nói ba hoa rỗng tuếch
winded	a	'windid	hết hi, đứt hi
windfall	n	'windf :l	qu rụng
winding	n	'waindi	khúc lượn, khúc quanh
windmill	n	'winmil	cối xay gió, máy xay gió
window	n	'windou	cửa sổ
windpipe	n	'windpaid	khí qun
windscreen	n		kính chắn gió xe hơi
windshield	n		kính chắn gió xe hơi
windward	a	'windw d	về phía gió
windy	a	'windi	có gió, lắm gió
wine	n	wain	rượu vang, rượu
winery	n	'wain ri	nhà máy rượu vang
wing	n	wi	; cánh
winged	a	'wi d	có cánh
winger	n	'wi	cầu thủ chạy biên
wingman	n		máy bay yểm trợ, máy bay kèm sau
wink	n	wi k	sự nháy mắt
winking	n	'wi ki	sự nháy
winkle	n	'wi kl	ốc hưng
winner	n	'win	người được cuộc, người thắng
winning	n	'wini	sự thắng cuộc, sự thắng
winnings	n		tiền được cuộc, được bạc
wino	n		người nghiện rượu, kẻ nghiện rượu
winter	n	'wint	mùa đông
wintertime	n		mùa đông, thời kỳ mùa đông
wipe	n	waip	sự lau, sự chùi
wiper	n	'waip	người lau chùi
wire	n	wai	dây
wireless	a	'wai lis	không dây, rađiô
wiring	n	'wai ri	sự lắp ráp
wiry	a	'wai ri	cứng
wisdom	n	'wizd m	tính khôn ngoan
wise	a	waiz	khôn, khôn ngoan
wish	n	wi	lòng mong muốn, lòng ao ước
wishbone	n		chạc xương đòn
wishful	a	'wi ful	thèm muốn ao ước, ước mong
wishing	n	'wi i	sự mong muốn, sự ao ước
wisp	n	wisp	nắm, mớ
wisteria	n		cây đậu tía
wistful	a	'wistful	có vẻ thèm muốn, có vẻ khao khát
wit	n	wit	trí, trí thông minh
witch	n	'wit	mụ phù thuỷ
witchcraft	n	'wit kr :ft	ma thuật, phép phù thuỷ
witching	a	'wit i	ma thuật, phép phù thuỷ
with	p	wi	với, cùng
withal	d	wi'  :l	cũng, đồng thời
withdraw	v	wi 'dr :	rút, rút khỏi
withdrawal	n	wi 'dr : l	sự rút khỏi
Withdrawals	n		Các con số tận rút.
withdrawn	v	wi 'dr :	rút, rút khỏi
withdrew	v	wi 'dr :	rút, rút khỏi
wither	v	'wi	làm héo, làm tàn úa
withering	a	'wi  ri	héo, tàn úa
withers	n	'wi  z	u vai
withheld	v	wi 'hould	từ chối không làm, từ chối không cho
withhold	v	wi 'hould	từ chối không làm, từ chối không cho
withholding	n	wi 'houldi	sự từ chối không làm, sự từ chối không c
within	p	wi' in	ở trong, phía trong
without	p	wi' aut	không, không có
withstand	v	wi 'st nd	chống lại, chống cự
witless	a	'witlis	ngu đần, đần độn
witness	n	'witnis	sự làm chứng
witter	v		lải nhải, nói hoài
witty	a	'witi	dí dỏm, tế nhị
wives	n	waif	vợ
wizard	n	'wiz d	thầy phù thuỷ
wizardry	n	'wiz dri	ma thuật, quỷ thật
wo	i	wou/ (whoa) /woud	họ!, họ!
wobble	n	'wɔbl/ (wabble) /'wɔbl	sực lắc lư, sự nghiêng bên nọ ngả bên ki
wobbly	a	'wɔbli	lung lay
woe	n	wou	sự đau buồn, điều phiền muộn
woeful	a	'wouful/ (woesome) /'wousəm	buồn rầu, thiểu não
woefully	d	'woufuli	buồn rầu, tang thương
wok	n		cái xanh, chảo
woke	n	weik	lằn tàu
woken	n	weik	lằn tàu
wolf	n	wulf	chó sói
wolfram	n	'wulfrəm	vonfam
wolverine	n	'wulvəri:n/ (wolverine) /'wulvəri:n	chồn gulo
wolves	n	wulf	chó sói
woman	n	'wumən	đàn bà, phụ nữ
womanhood	n	'wumənhud	tính chất đàn bà, tính chất phụ nữ
womanizer	n		người có quan hệ lăng nhăng, người có qu
womanly	a	'wumənli	đàn bà
womb	n	wu:m	dạ con, tử cung
wombat	n		gấu túi
women	n	'wumən	đàn bà, phụ nữ
womenfolk	n	'wiminfouk	nữ giới, giới đàn bà
won	n	win	sự thắng cuộc
wonder	n	'wʌndə	vật kỳ diệu, kỳ quan
wonderful	a	'wʌndəful	kỳ lạ, phi thường
wonderfully	d		đáng ngạc nhiên
wondering	a	'wʌndəriɳ	ngạc nhiên, kinh ngạc
wonderland	n	'wʌndəlænd	thế giới thần tiên
wondrous	a	'wʌndrəs	kỳ lạ, phi thường
wonky	a	'wɔɳki	lung lay, lảo đảo
wont	a	wount	quen, có thói quen
woo	v	wu:	tán, ve
wood	n	wud	gỗ
woodchuck	n	'wudtʃʌk	con macmôt
woodcock	n	'wudkɔk	chim dẽ gà
woodcutter	n	'wud,kʌtə	người đẵn gỗ, tiều phu
wooded	a	'wudid	có rừng, lắm rừng
wooden	a	'wudn	bằng gỗ
woodland	n	'wudlənd	miền rừng, vùng rừng
woodman	n	'wudmən	người đẵn gỗ, tiều phu
woodpecker	n	'wud,peipə	chim gõ kiến
woodshed	n	'wudʃed/ (wood-house) /'wudhaus	house)
woodsman	n	'wudmən	woodman
woodwork	n	'wudwə:k	nghề làm đồ gỗ, nghề mộc
woody	a	'wudi	có lắm rừng, lắm cây cối
woof	n	wu:f	sợi khổ
wooing	n	'wu:iɳ	sự tán tỉnh, sự ve vãn
wool	n	wul	len, lông cừu
woolly	a	'wuli	có len, có lông len
woozy	a		cảm thấy chóng mặt, cảm thấy buồn nôn nh
wop	n	wɔp	, người Y cư trú ở Mỹ
word	n	wə:d	từ
wording	n	'wə:diɳ	sự viết ra, cách viết
wordy	a	'wə:di	dài dòng
wore	n	weə	sự mang, sự dùng
work	n	wə:k	sự làm việc, việc
workable	a	'wə:kəbl	có thể làm được, có thể thực hiện được
workaholic	n		người tham công tiếc việc
workday	n	'wə:kdei	ngày làm việc, ngày công
worker	n	'wə:kə	người lao động, người làm việc
workforce	n		lực lượng lao động
workhouse	n	'wə:khaus	trại tế bần, nhà tế bần
working	n	'wə:kiɳ	sự làm việc, sự làm
workman	n	'wə:kmən	công nhân, người thợ
workmanship	n	'wə:kmənʃip	tài nghệ, sự khéo léo
workmen	n		công nhân, người thợ )
workout	n	'wə:kaut	, buổi luyện tập
workroom	n	'wə:krum	phòng làm việc
workshop	n	'wə:kʃɔp	xưởng
world	n	wə:ld	thế giới, hoàn cầu
worldly	a	'wə:ldli	trên thế gian, thế gian
worldwide	n		toàn cầu
worm	n	wə:m	giun, sâu
wormwood	n	'wə:mwud	cây ngải apxin, cây ngải tây
worried	n		thời quá khứ & động tính từ quá khứ của
worrier	n		người hay lo lắng
worrisome	a		gây ra lo lắng, gây ra rắc rối
worry	n	'wʌri	sự lo lắng, điều lo nghĩ
worrying	a		gây ra lo lắng cho ai, gây lo nghĩ
worse	a	wə:s	xấu hơn, tồi hơn
worsen	v	'wə:sn	làm cho xấu hơn, làm cho tồi hơn
worship	n	'wə:ʃip	sự thờ cúng, sự cúng bái
worst	a	wə:st	xấu nhất, tồi nhất
wort	n	wə:t	hèm rượu
worth	a	wə:θ	giá, đáng giá
worthless	a	'wə:θlis	không có giá trị, vô dụng
worthwhile	a		quan trọng, thú vị hoặc đáng bỏ thời gia
worthy	a	'wə:ði	xứng đáng, có phẩm giá đáng kính
wound	n	waund	vết thương, thương tích
wounded	a	'wu:ndid	bị thương
wove	n	wi:v	kiểu, dệt
woven	n	wi:v	kiểu, dệt
wow	n	wau	thành công ly kỳ, thành tựu không chê đư
wraith	n	reiθ	hồn ma
wrangle	n	'ræɳgl	sự cãi nhau
wrangler	n	'ræɳglə	người cãi nhau, người cãi lộn
wrap	n	ræp	khăn choàng, áo choàng
wrapper	n	'ræpə	tờ bọc, băng
wrapping	n	'ræpiɳ	sự bọc, sự bao
wrath	n	rɔ:θ	sự tức giận, sự phẫn nộ
wreak	v	ri:k	làm cho hả, trút
wreath	n	ri:θ, Àsnh ri:ðz	vòng hoa, vòng hoa tang
wreck	n	rek	sự phá hỏng, sự tàn phá
wreckage	n	'rekidʤ	vật trôi giạt
wrecker	n	'rekə	người phá hoại, người tàn phá
wrecking	n	'rekiɳ	sự cứu tàu chìm
wren	n	ren	chim hồng tước
wrench	n	rentʃ	sự vặn mạnh, sự xoắn
wrestle	n	'resl	cuộc đấu vật
wrestler	n	'reslə	đô vật
wrestling	n	'resliɳ	sự đấu vật
wretch	n	retʃ	người khổ sở, người cùng khổ
wretched	a	'retʃid	khốn khổ, cùng khổ
wriggle	n	'rigl	sự quằn quại, sự bò quằn quại
wright	n	rait	thợ, người làm
wring	n	riɳ	sự vặn, sự vắt
wringer	n	'riɳə	máy vắt
wringing	a		ướt sũng
wrinkle	n	'riɳkl	ngón, lời mách nước
wrinkled	a	'riɳkld	nhăn, nhăn nheo
wrinkly	a	'riɳkli	nhăn nheo
wrist	n	rist	cổ tay
wristband	n	'ristbænd	cổ tay áo
writ	n	rit	lệnh, giấy đòi
write	v	rait	viết
writer	n	'raitə	nhà văn, tác giả
writhe	n	raið	sự quặn đau, sự quằn quại
writing	n	'raitiɳ	sự viết, sự viết tay
written	a	'ritn	viết ra, được thảo ra
wrong	a	rɔɳ	xấu, không tốt
wrongdoing	n	'rɔɳ'du:iɳ	sự làm điều trái, điều trái
wrongful	a	'rɔɳful	bất công, không công bằng
wrongfully	a		bất công, không công bằng
wrongly	d	'rɔɳli	không đúng, sai
wrote	v	rait	viết
wrought	a	rɔ:t	đã rèn, đã thuộc
wrung	n	riɳ	sự vặn, sự vắt
wry	a	rai	méo mó, nhăn nhó
wu	n		Nhà Ngô
x	n	eks	x
xenon	n	'zenɔn	xenon
xerox	n		kỹ thuật sao chụp không dùng mực ướt
xi	n		ski
xia	n		như Hsia
xin	n		như Hsin
xl	n		quá rộng
xmas	n	'krisməs/ (Xmas) /'krisməs	lễ Nô-en
xx	n		tờ 20 đô la
xylophone	n	'sailəfoun	đàn phiến gỗ, mộc cầm
y	n	wai	y
yacht	n	jot	thuyền yat, thuyền buồm nhẹ
yah	i	jɑ:	ái!, úi chà chà!
yahoo	n	jə'hu:	Iơ-hu
yak	n	jæk	bò Tây tạng
yale	n		khoá tự động Mỹ
yam	n	jæm	củ từ, khoai mỡ
yang	n		dương
yank	n	jænk	cái kéo mạnh, cái giật mạnh
yankee	n	'jæɳki	người Mỹ, người Hoa kỳ
yap	n	jæp	tiếng chó sủa ăng ẳng
yard	n	jɑ:d	Iat, thước Anh
yarn	n	jɑ:n	sợi, chỉ
yaw	n	jɔ:	sự đi trệch đường, sự bay trệch đường
yawn	n	jɔ:n	ngáp
ye	n	ji:	you
yea	n	jei	yes
yeah	d		vâng, ừ
year	n	jə:	năm
yearbook	n		tài liệu xuất bản hàng năm và chứa đựng
yearly	a	'jə:li	hằng năm
yearn	v	jə:n	mong mỏi, ao ước
yearning	n	'jə:niɳ	sự mong mỏi, sự ao ước
yeast	n	ji:st	men, men rượu
yell	n	jel	sự kêu la, sự la hét
yellow	a	'jelou	vàng
yelp	n	jelp	tiếng kêu ăng ẳng
yen	n	jen	đồng yên
yeoman	n	'joumən	tiểu chủ
yes	d	jes	vâng, phải
yeses	d	jes	vâng, phải
yesterday	n	'jestədi	hôm qua
yet	d	jet	còn, hãy còn
yeti	n		người tuyết ở Himalaya
yew	n	ju:	cây thuỷ tùng yew-tree)
yiddish	n	'jidiʃ	tiếng I-đít
yield	n	ji:ld	sản lượng, hoa lợi
yielding	a	'ji:ldiɳ	mềm, dẻo
yin	n		Âm
yip	n	jip	, sự cãi lại
yippee	n		interj
ymca	n		Hội thanh niên Cơ Đốc
yodel	n	'joudl	sự hát đổi giọng trầm sang giọng kim
yoga	n	'jougə/ (yogism) /'jougizm	; thuyết du già
yoghurt	n	'jɑ:ə:t/ (yoghurt) /'jougə:t/ (yogurt) /'jougə:t	sữa chua
yogi	n	'jougi	người theo thuyết du già
yogurt	n	'jɑ:ə:t/ (yoghurt) /'jougə:t/ (yogurt) /'jougə:t	sữa chua
yoke	n	jouk	sữa chua yoke /jouk/
yokel	n	'joukəl	người nông thôn, người quê mùa
yolk	n	jouk	lòng đỏ trứng, noãn hoàng
yon	a	jɔn	; yonder
yonder	a	'jɔndə	kia, đằng kia
yore	d	jɔ:	of yore xưa, ngày xưa
you	n	ju:	anh, chị
young	a	jʌɳ	trẻ, trẻ tuổi
younger	a	'jʌɳgə	út
youngster	n	'jʌɳstə	người thanh niên, đứa bé con
your	a	jɔ:	của anh, của chị
yours	n	jɔ:z	cái của anh, cái của chị
yourself	n	jɔ:'self	tự anh, tự chị
yourselves	n	jɔ:'self	tự anh, tự chị
youth	n	ju:θ	tuổi trẻ, tuổi xuân
youthful	a	'ju:θful	trẻ, trẻ tuổi
yoyo	n	'joujou	cái yôyô
yuan	n		Nhà Nguyên
yucca	n	'jʌkə	cây ngọc giá
yuck	n		interj
yucky	a		kinh tởm, đáng tởm
yugoslav	a	'ju:gou'sla:v/ (Yugoslavian) /'ju:gou'sla:vjən	Nam tư
yugoslavian	a	'ju:gou'sla:v/ (Yugoslavian) /'ju:gou'sla:vjən	Nam tư
yule	n	ju:l	lễ Nô-en
yummy	i	'jʌmi	, ngon tuyệt!
yuppie	n		người trẻ tuổi có nhiều hoài bão
z	n	zed, (Mỹ) zi:	z
zany	n	'zeini	người ngu, người đần
zap	n		sự phấn khởi dạt dào
zeal	n	zi:l	lòng sốt sắng, lòng hăng hái
zealot	n	'zelət	người cuồng tín, người quá khích
zealous	a	'zeləs	sốt sắng, hắng hái
zebra	n	'zi:brə	ngựa vằn
zed	n	zed	chữ Z
zee	n	zi:	chữ Z
zen	n		phái Zen, phái Thiền
zenith	n	'zeniθ	thiên đỉnh
zephyr	n	'zefə	gió tây
zeppelin	n	'zepəlin	khí cầu zepơlin
zero	n	'ziərou	zêrô, số không
zest	n	zest	điều thú vị, điều vui vẻ
zeta	n		zêta
zeus	n	zju:s	thần Dớt, thần vương
zhou	n		như Chou
zigzag	n	'zigzæg	hình chữ chi, đường chữ chi
zillion	n		con số vô cùng lớn
zinc	n	ziɳk	kẽm
zion	n		tín ngưỡng của người Do Thái
zionist	n	'zaiənist	người theo chủ nghĩa phục quốc
zip	n	zip	tiếng rít, tiếng xé vải
zipper	n	'zipə/ (zip-fastener) /'zip,fɑ:snə	fastener)
zippy	a		hăng hái, nhiệt tình
zloty	n	'zlɔti	đồng zlôti
zodiac	n	'zoudiæk	hoàng đạo
zombie	n		thây ma sống lại nhờ phù phép
zone	n	zoun	đới
zoning	n	'zouniɳ	sự chia thành đới, sự chia thành khu vực
zoo	n	zu:	của zoological garden) vườn bách thú, vư
zoological	a	,zouə'lɔdʤikəl	động vật học
zoologist	n	zou'ɔlədʤist	nhà động vật học
zoology	n	zou'ɔlədʤi	động vật học
zoom	n	zu:m	tiếng kêu vù vu
zulu	n		người Zulu ở Nam Phi
